<?xml version="1.0"?>
<!DOCTYPE page [
  <!-- PegaCPAX.dtd 04-Aug-99 -->
  <!ELEMENT page (property)*>
  <!ATTLIST page
    name CDATA #IMPLIED
    handle CDATA #IMPLIED>
  <!ELEMENT property (name,value?)>
  <!ELEMENT name (#PCDATA)>
  <!ELEMENT value (#PCDATA|list|page)*>
  <!ATTLIST value attr CDATA #IMPLIED>
  <!ELEMENT list (value)*>
]>

<page>
<property>
<name>pyJavaObjectClass</name>
<value  attr="@Z:sTN:"></value>
</property>
<property>
<name>pxInstanceLockedRuleSetVersion</name>
<value  attr="@Z:sTY:"></value>
</property>
<property>
<name>pxInsId</name>
<value  attr="@Z:sTY:">!MESSAGE</value>
</property>
<property>
<name>pxObjClass</name>
<value  attr="@Z:sIY:">Rule-Obj-Property</value>
</property>
<property>
<name>pyTableAmountUnits</name>
<value  attr="@Z:sSN:">true</value>
</property>
<property>
<name>pzEntryCode</name>
<value  attr="@Z:s?N:">sTN</value>
</property>
<property>
<name>pyCircumstanceDateProp</name>
<value  attr="@Z:sIN32:"></value>
</property>
<property>
<name>pyOnInput</name>
<value  attr="@Z:sIN:"></value>
</property>
<property>
<name>pxInstanceLockedRuleSet</name>
<value  attr="@Z:sTY:"></value>
</property>
<property>
<name>pxMoveImportDateTime</name>
<value  attr="@Z:sMY:">20070705T205013.875 GMT</value>
</property>
<property>
<name>pyIsLightweight</name>
<value  attr="@Z:sSN:">false</value>
</property>
<property>
<name>pxUpdateOperator</name>
<value  attr="@Z:sTY:">PaulEvans</value>
</property>
<property>
<name>pyMethodStatus</name>
<value  attr="@Z:stN10:"></value>
</property>
<property>
<name>pyTableProperty</name>
<value  attr="@Z:sIN:"></value>
</property>
<property>
<name>pxInstanceLockedDateTime</name>
<value  attr="@Z:sMY:"></value>
</property>
<property>
<name>pxHostId</name>
<value  attr="@Z:sIY:">20d844f417bf85b37e64d90eccfd0101</value>
</property>
<property>
<name>pxCreateOperator</name>
<value  attr="@Z:sTY:">paul@blueslate.net</value>
</property>
<property>
<name>pySerializeJavaObject</name>
<value  attr="@Z:sSN:"></value>
</property>
<property>
<name>pyComparator</name>
<value  attr="@Z:sTN:"></value>
</property>
<property>
<name>pyJavaStream</name>
<value  attr="@Z:sTN:"></value>
</property>
<property>
<name>pxInstanceLockedBy</name>
<value  attr="@Z:sTY:"></value>
</property>
<property>
<name>pyTableOption</name>
<value  attr="@Z:siN:"></value>
</property>
<property>
<name>pzStatus</name>
<value  attr="@Z:siN:">false</value>
</property>
<property>
<name>pyFieldName</name>
<value  attr="@Z:sTN:"></value>
</property>
<property>
<name>pyStatus</name>
<value  attr="@Z:sTN:"></value>
</property>
<property>
<name>pxUpdateOpName</name>
<value  attr="@Z:sTY:">Paul Evans</value>
</property>
<property>
<name>pyPropertyMode</name>
<value  attr="@Z:siN:">String</value>
</property>
<property>
<name>pyRuleStarts</name>
<value  attr="@Z:sMI:"></value>
</property>
<property>
<name>pyPropertyName</name>
<value  attr="@Z:sIN64:">Message</value>
</property>
<property>
<name>pzOriginalInstanceKey</name>
<value  attr="@Z:s?N:">RULE-OBJ-PROPERTY UNITTEST-TESTACTIVITY MESSAGE #20051009T034826.294 GMT</value>
</property>
<property>
<name>pyRefLocalizedValue</name>
<value  attr="@Z:sTN:"></value>
</property>
<property>
<name>pyLocalize</name>
<value  attr="@Z:sSN:">false</value>
</property>
<property>
<name>pxInsName</name>
<value  attr="@Z:sIY:">UNITTEST-TESTACTIVITY!MESSAGE</value>
</property>
<property>
<name>pyDescription</name>
<value  attr="@Z:sTN:">Stores a message about the test run.  Typically, this will only store a value if the test-run failed.</value>
</property>
<property>
<name>pzInsKey</name>
<value  attr="@Z:sIY255:">RULE-OBJ-PROPERTY UNITTEST-TESTACTIVITY MESSAGE #20051009T034826.294 GMT</value>
</property>
<property>
<name>pyRuleSetVersion</name>
<value  attr="@Z:sTN:">01-01-01</value>
</property>
<property>
<name>pxSiblingCount</name>
<value  attr="@Z:sNY:"></value>
</property>
<property>
<name>pyUseForLocalization</name>
<value  attr="@Z:sSN:">false</value>
</property>
<property>
<name>pyIsJavaPage</name>
<value  attr="@Z:sSN:"></value>
</property>
<property>
<name>pySpecial</name>
<value  attr="@Z:sSN:">false</value>
</property>
<property>
<name>pzIndexCount</name>
<value  attr="@Z:sNY:">1</value>
</property>
<property>
<name>pxInstanceLockedKey</name>
<value  attr="@Z:sTY:"></value>
</property>
<property>
<name>pyReflectStatus</name>
<value  attr="@Z:sSN:">true</value>
</property>
<property>
<name>pyWorkKey</name>
<value  attr="@Z:sIN:"></value>
</property>
<property>
<name>pyEditValidate</name>
<value  attr="@Z:sIN:"></value>
</property>
<property>
<name>pyFieldClass</name>
<value  attr="@Z:sTN:"></value>
</property>
<property>
<name>pyCircumstanceDate</name>
<value  attr="@Z:sMN:"></value>
</property>
<property>
<name>pxUpdateSystemID</name>
<value  attr="@Z:sTY:">wfe</value>
</property>
<property>
<name>pxCreateOpName</name>
<value  attr="@Z:sTY:">Paul R Evans</value>
</property>
<property>
<name>pyStringType</name>
<value  attr="@Z:siN:">Text</value>
</property>
<property>
<name>pyTableClass</name>
<value  attr="@Z:sIN:"></value>
</property>
<property>
<name>pyUsage</name>
<value  attr="@Z:sTN:">UnitTest RuleSet - An xUnit-style framework for unit testing
Copyright (C) 2006  Paul R. Evans

This library is free software; you can redistribute it and/or
modify it under the terms of the GNU Lesser General Public
License as published by the Free Software Foundation; either
version 2.1 of the License, or (at your option) any later version.

This library is distributed in the hope that it will be useful,
but WITHOUT ANY WARRANTY; without even the implied warranty of
MERCHANTABILITY or FITNESS FOR A PARTICULAR PURPOSE.  See the GNU
Lesser General Public License for more details.

You should have received a copy of the GNU Lesser General Public
License along with this library; if not, write to the Free Software
Foundation, Inc., 51 Franklin St, Fifth Floor, Boston, MA  02110-1301  USA</value>
</property>
<property>
<name>pyCircumstanceProp</name>
<value  attr="@Z:sTN32:"></value>
</property>
<property>
<name>pyMaxLength</name>
<value  attr="@Z:sNN:"></value>
</property>
<property>
<name>pyClassName</name>
<value  attr="@Z:siN:">UnitTest-TestActivity</value>
</property>
<property>
<name>pyHistoryObject</name>
<value  attr="@Z:sSN:"></value>
</property>
<property>
<name>pxMoveImportOperName</name>
<value  attr="@Z:sTY:">Paul Evans</value>
</property>
<property>
<name>pxMoveImportOperId</name>
<value  attr="@Z:sTY:">paul</value>
</property>
<property>
<name>pyTableAggregate</name>
<value  attr="@Z:sIN:"></value>
</property>
<property>
<name>pyOnObjChange</name>
<value  attr="@Z:sIN:"></value>
</property>
<property>
<name>pyStreamName</name>
<value  attr="@Z:sIN:"></value>
</property>
<property>
<name>pyColumnInclusion</name>
<value  attr="@Z:stN:"></value>
</property>
<property>
<name>pyColumnIndexed</name>
<value  attr="@Z:stN:"></value>
</property>
<property>
<name>pyLabel</name>
<value  attr="@Z:sTN64:">Stores a message about the test run (only relevant in failure)</value>
</property>
<property>
<name>pxLimitedAccess</name>
<value  attr="@Z:stY:">Dev</value>
</property>
<property>
<name>pxServerReqURI</name>
<value  attr="@Z:sTY:">/pegarules/PRServlet</value>
</property>
<property>
<name>pyRuleName</name>
<value  attr="@Z:sTY255:">Message</value>
</property>
<property>
<name>pyRuleSet</name>
<value  attr="@Z:sIN:">UnitTest</value>
</property>
<property>
<name>pyPageClass</name>
<value  attr="@Z:sIN:"></value>
</property>
<property>
<name>pyRuleEnds</name>
<value  attr="@Z:sMI:"></value>
</property>
<property>
<name>pyRuleAvailable</name>
<value  attr="@Z:siN:">Yes</value>
</property>
<property>
<name>pyInterface</name>
<value  attr="@Z:siN64:"></value>
</property>
<property>
<name>pyCircumstanceVal</name>
<value  attr="@Z:sTN64:"></value>
</property>
<property>
<name>pyTableSelector</name>
<value  attr="@Z:sIN:"></value>
</property>
<property>
<name>pxCreateDateTime</name>
<value  attr="@Z:sMY:">20051009T034826.294 GMT</value>
</property>
<property>
<name>pxUpdateDateTime</name>
<value  attr="@Z:sMY:">20060206T201808.413 GMT</value>
</property>
<property>
<name>pxMoveOriginalKey</name>
<value  attr="@Z:sTY:">RULE-OBJ-PROPERTY UNITTEST-TESTACTIVITY MESSAGE #20051009T034826.294 GMT</value>
</property>
<property>
<name>pxMoveFromSystem</name>
<value  attr="@Z:sTY:">pega</value>
</property>
<property>
<name>pxCreateSystemID</name>
<value  attr="@Z:sTY:">wfe</value>
</property>
<property>
<name>pyExpectedSize</name>
<value  attr="@Z:sNN:"></value>
</property>
<property>
<name>pyTableList</name>
<value  attr="@Z:lTN:">
  <list>
<value  attr="@Z:sTN:"></value>
  </list>
</value>
</property>
<property>
<name>pyPagesAndClasses</name>
<value  attr="@Z:L*NEmbed-PagesAndClasses:">
  <list>
<value  attr="@Z:S*NEmbed-PagesAndClasses:">
<page>
<property>
<name>pyPagesAndClassesClass</name>
<value  attr="@Z:sTN:"></value>
</property>
<property>
<name>pyPagesAndClassesPage</name>
<value  attr="@Z:sTN:"></value>
</property>
<property>
<name>pxObjClass</name>
<value  attr="@Z:sIY:">Embed-PagesAndClasses</value>
</property>
<property>
<name>pyPagesAndClassesMode</name>
<value  attr="@Z:siN:"></value>
</property>
</page>
</value>
  </list>
</value>
</property>
<property>
<name>pxNamedPageReferences</name>
<value  attr="@Z:L*YEmbed-Reference-NamedPage:">
  <list>
  </list>
</value>
</property>
<property>
<name>pxAPIMethodReferences</name>
<value  attr="@Z:L*YEmbed-Reference-APIMethod:">
  <list>
  </list>
</value>
</property>
<property>
<name>pyQualifier</name>
<value  attr="@Z:gTN:">
<page>
<property>
<name>none</name>
<value  attr="@Z:sTN:"></value>
</property>
</page>
</value>
</property>
<property>
<name>pxRuleReferences</name>
<value  attr="@Z:L*YEmbed-Reference-Rule:">
  <list>
<value  attr="@Z:S*YEmbed-Reference-Rule:">
<page>
<property>
<name>pxRuleClassName</name>
<value  attr="@Z:sIY:">UnitTest-TestActivity</value>
</property>
<property>
<name>pxObjClass</name>
<value  attr="@Z:sIY:">Embed-Reference-Rule</value>
</property>
<property>
<name>pxRuleObjClass</name>
<value  attr="@Z:sIY:">Rule-Obj-Class</value>
</property>
<property>
<name>pxRuleFamilyName</name>
<value  attr="@Z:sTY:">UNITTEST-TESTACTIVITY</value>
</property>
<property>
<name>pzIndexes</name>
<value  attr="@Z:gNY:">
<page>
<property>
<name>RuleReference</name>
<value  attr="@Z:sNY:">0</value>
</property>
</page>
</value>
</property>
</page>
</value>
  </list>
</value>
</property>
<property>
<name>pyTableKeys</name>
<value  attr="@Z:L*NEmbed-ClassKeys:">
  <list>
<value  attr="@Z:S*NEmbed-ClassKeys:">
<page>
<property>
<name>pyKeyCaption</name>
<value  attr="@Z:sTN:"></value>
</property>
<property>
<name>pxObjClass</name>
<value  attr="@Z:sIY:">Embed-ClassKeys</value>
</property>
<property>
<name>pyKeyValue</name>
<value  attr="@Z:sIN:"></value>
</property>
</page>
</value>
  </list>
</value>
</property>
<property>
<name>pyPromptTableList</name>
<value  attr="@Z:L*NEmbed-PropertyPromtValues:">
  <list>
<value  attr="@Z:S*NEmbed-PropertyPromtValues:">
<page>
<property>
<name>pyStandardValue</name>
<value  attr="@Z:sTN:"></value>
</property>
<property>
<name>pxObjClass</name>
<value  attr="@Z:sIY:">Embed-PropertyPromtValues</value>
</property>
<property>
<name>pyLocalizedValue</name>
<value  attr="@Z:sTN:"></value>
</property>
</page>
</value>
  </list>
</value>
</property>
</page>
