<?xml version="1.0"?>
<!DOCTYPE page [
  <!-- PegaCPAX.dtd 04-Aug-99 -->
  <!ELEMENT page (property)*>
  <!ATTLIST page
    name CDATA #IMPLIED
    handle CDATA #IMPLIED>
  <!ELEMENT property (name,value?)>
  <!ELEMENT name (#PCDATA)>
  <!ELEMENT value (#PCDATA|list|page)*>
  <!ATTLIST value attr CDATA #IMPLIED>
  <!ELEMENT list (value)*>
]>

<page  name="PrefsPage">
<property>
<name>pyProductPatchVersion</name>
<value  attr="@Z:sTN:"></value>
</property>
<property>
<name>pzStatus</name>
<value  attr="@Z:siN:">valid</value>
</property>
<property>
<name>pyReadMe</name>
<value  attr="@Z:siN:"></value>
</property>
<property>
<name>pxObjClass</name>
<value  attr="@Z:sIY:">Code-Pega-RULESMovePrefs</value>
</property>
<property>
<name>pyProductKey</name>
<value  attr="@Z:sIN:">RULE-ADMIN-PRODUCT PRUNIT 01-01-07 #20070705T203149.546 GMT</value>
</property>
<property>
<name>pyProductVersion</name>
<value  attr="@Z:sTN:">01-01-07</value>
</property>
<property>
<name>pyRULESMoveVersion</name>
<value  attr="@Z:sTN:">03-02</value>
</property>
<property>
<name>pyProductName</name>
<value  attr="@Z:sTN:">PRUnit</value>
</property>
<property>
<name>pyOverwriteExistingData</name>
<value  attr="@Z:sSN:">false</value>
</property>
<property>
<name>pyFileCreateDate</name>
<value  attr="@Z:sDN:">20070820</value>
</property>
<property>
<name>pyOverwriteExistingRules</name>
<value  attr="@Z:sSN:">false</value>
</property>
<property>
<name>pyFileLabel</name>
<value  attr="@Z:sTN64:"></value>
</property>
<property>
<name>pyProductType</name>
<value  attr="@Z:sIN:">Rule-Admin-Product</value>
</property>
<property>
<name>pyInstallActivity</name>
<value  attr="@Z:siN:"></value>
</property>
<property>
<name>pyRuleSetPrerequisites</name>
<value  attr="@Z:lTN:">
  <list>
<value  attr="@Z:sTN:">Pega-ProCom:04-02-33</value>
  </list>
</value>
</property>
</page> <!--  name="PrefsPage" -->
