<?xml version="1.0"?>
<!DOCTYPE page [
  <!-- PegaCPAX.dtd 04-Aug-99 -->
  <!ELEMENT page (property)*>
  <!ATTLIST page
    name CDATA #IMPLIED
    handle CDATA #IMPLIED>
  <!ELEMENT property (name,value?)>
  <!ELEMENT name (#PCDATA)>
  <!ELEMENT value (#PCDATA|list|page)*>
  <!ATTLIST value attr CDATA #IMPLIED>
  <!ELEMENT list (value)*>
]>

<page>
<property>
<name>pyApplet</name>
<value  attr="@Z:sTN:"></value>
</property>
<property>
<name>pyClassInheritance</name>
<value  attr="@Z:sSN:">false</value>
</property>
<property>
<name>pyRuleResolution</name>
<value  attr="@Z:sSN:">false</value>
</property>
<property>
<name>pxOriginalCreateOperator</name>
<value  attr="@Z:sTY:"></value>
</property>
<property>
<name>pxInstanceLockedRuleSetVersion</name>
<value  attr="@Z:sTY:"></value>
</property>
<property>
<name>pxInsId</name>
<value  attr="@Z:sTY:">UNITTEST-ASSERT</value>
</property>
<property>
<name>pxObjClass</name>
<value  attr="@Z:sIY:">Rule-Obj-Class</value>
</property>
<property>
<name>pxOriginalCreateOpName</name>
<value  attr="@Z:sTY:"></value>
</property>
<property>
<name>pyCircumstanceDateProp</name>
<value  attr="@Z:sIN32:"></value>
</property>
<property>
<name>pxInstanceLockedRuleSet</name>
<value  attr="@Z:sTY:"></value>
</property>
<property>
<name>pxMoveImportDateTime</name>
<value  attr="@Z:sMY:">20070820T015244.234 GMT</value>
</property>
<property>
<name>pyPreventSubClassing</name>
<value  attr="@Z:sSN:">false</value>
</property>
<property>
<name>pxUpdateOperator</name>
<value  attr="@Z:sTY:">PaulEvans</value>
</property>
<property>
<name>pyMethodStatus</name>
<value  attr="@Z:stN10:"></value>
</property>
<property>
<name>pxInstanceLockedDateTime</name>
<value  attr="@Z:sMY:"></value>
</property>
<property>
<name>pxHostId</name>
<value  attr="@Z:sIY:">ffa9ff0db406ffca95c18d5f134ad2e1</value>
</property>
<property>
<name>pxCreateOperator</name>
<value  attr="@Z:sTY:">paul@blueslate.net</value>
</property>
<property>
<name>pyJavaStream</name>
<value  attr="@Z:sTN:"></value>
</property>
<property>
<name>pyDateRangeRuleResolution</name>
<value  attr="@Z:sSN:">false</value>
</property>
<property>
<name>pxInstanceLockedBy</name>
<value  attr="@Z:sTY:"></value>
</property>
<property>
<name>pyQualifiedRuleResolution</name>
<value  attr="@Z:sSN:">false</value>
</property>
<property>
<name>pzStatus</name>
<value  attr="@Z:siN:">false</value>
</property>
<property>
<name>pyDerivesFrom</name>
<value  attr="@Z:sIN:">UnitTest-</value>
</property>
<property>
<name>pxUpdateOpName</name>
<value  attr="@Z:sTY:">Paul Evans</value>
</property>
<property>
<name>pyRuleStarts</name>
<value  attr="@Z:sMI:"></value>
</property>
<property>
<name>pzOriginalInstanceKey</name>
<value  attr="@Z:s?N:">RULE-OBJ-CLASS UNITTEST-ASSERT</value>
</property>
<property>
<name>pyDescription</name>
<value  attr="@Z:sTN:">Contains assert methods to be used in unit test activities.</value>
</property>
<property>
<name>pxInsName</name>
<value  attr="@Z:sIY:">UNITTEST-ASSERT</value>
</property>
<property>
<name>pyJavaWrapperClassName</name>
<value  attr="@Z:sTN:"></value>
</property>
<property>
<name>pyRuleSetVersion</name>
<value  attr="@Z:sTN:"></value>
</property>
<property>
<name>pzInsKey</name>
<value  attr="@Z:sIY255:">RULE-OBJ-CLASS UNITTEST-ASSERT</value>
</property>
<property>
<name>pxSiblingCount</name>
<value  attr="@Z:sNY:"></value>
</property>
<property>
<name>pxOriginalCreateDateTime</name>
<value  attr="@Z:sMY:"></value>
</property>
<property>
<name>pxInstanceLockedKey</name>
<value  attr="@Z:sTY:"></value>
</property>
<property>
<name>pyClassAllowState</name>
<value  attr="@Z:sTN:"></value>
</property>
<property>
<name>pyWorkKey</name>
<value  attr="@Z:sIN:"></value>
</property>
<property>
<name>pyOrgDivision</name>
<value  attr="@Z:sTN:">Administration</value>
</property>
<property>
<name>pxOriginalCreateSystemID</name>
<value  attr="@Z:sTY:"></value>
</property>
<property>
<name>pyCircumstanceDate</name>
<value  attr="@Z:sMN:"></value>
</property>
<property>
<name>pxCreateOpName</name>
<value  attr="@Z:sTY:">Paul R Evans</value>
</property>
<property>
<name>pyCategory</name>
<value  attr="@Z:sTN:"></value>
</property>
<property>
<name>pxUpdateSystemID</name>
<value  attr="@Z:sTY:">wfe</value>
</property>
<property>
<name>pyInitialVersion</name>
<value  attr="@Z:sTN:">01-01-01</value>
</property>
<property>
<name>pyUsage</name>
<value  attr="@Z:sTN:">UnitTest RuleSet - An xUnit-style framework for unit testing
Copyright (C) 2006  Paul R. Evans

This library is free software; you can redistribute it and/or
modify it under the terms of the GNU Lesser General Public
License as published by the Free Software Foundation; either
version 2.1 of the License, or (at your option) any later version.

This library is distributed in the hope that it will be useful,
but WITHOUT ANY WARRANTY; without even the implied warranty of
MERCHANTABILITY or FITNESS FOR A PARTICULAR PURPOSE.  See the GNU
Lesser General Public License for more details.

You should have received a copy of the GNU Lesser General Public
License along with this library; if not, write to the Free Software
Foundation, Inc., 51 Franklin St, Fifth Floor, Boston, MA  02110-1301  USA</value>
</property>
<property>
<name>pyAllowLocking</name>
<value  attr="@Z:sSN:">false</value>
</property>
<property>
<name>pyCircumstanceProp</name>
<value  attr="@Z:sTN32:"></value>
</property>
<property>
<name>pyClassGroup</name>
<value  attr="@Z:sIN:">UnitTest-Assert</value>
</property>
<property>
<name>pyClassType</name>
<value  attr="@Z:siN:">Concrete</value>
</property>
<property>
<name>pyJavaGenerator</name>
<value  attr="@Z:sIN:"></value>
</property>
<property>
<name>pyClassName</name>
<value  attr="@Z:sIN:">UnitTest-Assert</value>
</property>
<property>
<name>pyHistoryObject</name>
<value  attr="@Z:sSN:">false</value>
</property>
<property>
<name>pxMoveImportOperName</name>
<value  attr="@Z:sTY:">Paul Evans</value>
</property>
<property>
<name>pxMoveImportOperId</name>
<value  attr="@Z:sTY:">paul</value>
</property>
<property>
<name>pyAdminProductVersion</name>
<value  attr="@Z:sTN:"></value>
</property>
<property>
<name>pyClassGroupIndicator</name>
<value  attr="@Z:sTN:">NOCLASSGROUP</value>
</property>
<property>
<name>pxLimitedAccess</name>
<value  attr="@Z:stY:">Dev</value>
</property>
<property>
<name>pyLabel</name>
<value  attr="@Z:sTN64:">Contains a set of assert methods</value>
</property>
<property>
<name>pxServerReqURI</name>
<value  attr="@Z:sTY:">/pegarules/PRServlet</value>
</property>
<property>
<name>pyRuleSet</name>
<value  attr="@Z:sIN:">UnitTest</value>
</property>
<property>
<name>pyRuleName</name>
<value  attr="@Z:sTY255:">UnitTest-Assert</value>
</property>
<property>
<name>pyAdminProduct</name>
<value  attr="@Z:sTN:"></value>
</property>
<property>
<name>pyRuleEnds</name>
<value  attr="@Z:sMI:"></value>
</property>
<property>
<name>pyRuleAvailable</name>
<value  attr="@Z:siN:">Yes</value>
</property>
<property>
<name>pyPatternInheritance</name>
<value  attr="@Z:sSN:">true</value>
</property>
<property>
<name>pyInterface</name>
<value  attr="@Z:sIN64:"></value>
</property>
<property>
<name>pyCircumstanceVal</name>
<value  attr="@Z:sTN64:"></value>
</property>
<property>
<name>pyStrategicProcessName</name>
<value  attr="@Z:sTN:"></value>
</property>
<property>
<name>pxUpdateDateTime</name>
<value  attr="@Z:sMY:">20060130T175136.292 GMT</value>
</property>
<property>
<name>pxCreateDateTime</name>
<value  attr="@Z:sMY:">20051012T133529.417 GMT</value>
</property>
<property>
<name>pxMoveOriginalKey</name>
<value  attr="@Z:sTY:">RULE-OBJ-CLASS UNITTEST-ASSERT</value>
</property>
<property>
<name>pxMoveFromSystem</name>
<value  attr="@Z:sTY:">wfe</value>
</property>
<property>
<name>pxCreateSystemID</name>
<value  attr="@Z:sTY:">wfe</value>
</property>
<property>
<name>pyValidRuleSets</name>
<value  attr="@Z:L*NEmbed-ClassRuleSets:">
  <list>
<value  attr="@Z:S*NEmbed-ClassRuleSets:">
<page>
<property>
<name>pxObjClass</name>
<value  attr="@Z:sIY:">Embed-ClassRuleSets</value>
</property>
<property>
<name>pyRuleSetName</name>
<value  attr="@Z:sTN:"></value>
</property>
</page>
</value>
  </list>
</value>
</property>
<property>
<name>pyLinks</name>
<value  attr="@Z:L*NEmbed-ClassLinks:">
  <list>
<value  attr="@Z:S*NEmbed-ClassLinks:">
<page>
<property>
<name>pyLinkMaxCount</name>
<value  attr="@Z:sTN:"></value>
</property>
<property>
<name>pyLinkName</name>
<value  attr="@Z:sTN:"></value>
</property>
<property>
<name>pyLinkLinkToClass</name>
<value  attr="@Z:sTN:"></value>
</property>
<property>
<name>pxObjClass</name>
<value  attr="@Z:sIY:">Embed-ClassLinks</value>
</property>
<property>
<name>pyLinkRequired</name>
<value  attr="@Z:sTN:"></value>
</property>
<property>
<name>pyLinkLinkToName</name>
<value  attr="@Z:sTN:"></value>
</property>
</page>
</value>
  </list>
</value>
</property>
<property>
<name>pyPagesAndClasses</name>
<value  attr="@Z:L*NEmbed-PagesAndClasses:">
  <list>
<value  attr="@Z:S*NEmbed-PagesAndClasses:">
<page>
<property>
<name>pyPagesAndClassesClass</name>
<value  attr="@Z:sTN:"></value>
</property>
<property>
<name>pyPagesAndClassesPage</name>
<value  attr="@Z:sTN:"></value>
</property>
<property>
<name>pxObjClass</name>
<value  attr="@Z:sIY:">Embed-PagesAndClasses</value>
</property>
<property>
<name>pyPagesAndClassesMode</name>
<value  attr="@Z:siN:"></value>
</property>
</page>
</value>
  </list>
</value>
</property>
<property>
<name>pxNamedPageReferences</name>
<value  attr="@Z:L*YEmbed-Reference-NamedPage:">
  <list>
  </list>
</value>
</property>
<property>
<name>pxAPIMethodReferences</name>
<value  attr="@Z:L*YEmbed-Reference-APIMethod:">
  <list>
  </list>
</value>
</property>
<property>
<name>pxRuleReferences</name>
<value  attr="@Z:L*YEmbed-Reference-Rule:">
  <list>
  </list>
</value>
</property>
<property>
<name>pxAllChangeList</name>
<value  attr="@Z:lIY:">
  <list>
  </list>
</value>
</property>
<property>
<name>pyLockDefList</name>
<value  attr="@Z:L*NEmbed-ClassKeys:">
  <list>
<value  attr="@Z:S*NEmbed-ClassKeys:">
<page>
<property>
<name>pyKeyCaption</name>
<value  attr="@Z:sTN:"></value>
</property>
<property>
<name>pxObjClass</name>
<value  attr="@Z:sIY:">Embed-ClassKeys</value>
</property>
<property>
<name>pyKeyName</name>
<value  attr="@Z:sTN:"></value>
</property>
</page>
</value>
  </list>
</value>
</property>
<property>
<name>pyKeyDefList</name>
<value  attr="@Z:L*NEmbed-ClassKeys:">
  <list>
<value  attr="@Z:S*NEmbed-ClassKeys:">
<page>
<property>
<name>pyKeyCaption</name>
<value  attr="@Z:sTN:"></value>
</property>
<property>
<name>pxObjClass</name>
<value  attr="@Z:sIY:">Embed-ClassKeys</value>
</property>
<property>
<name>pyKeyName</name>
<value  attr="@Z:sTN:"></value>
</property>
</page>
</value>
  </list>
</value>
</property>
</page>
