<?xml version="1.0"?>
<!DOCTYPE page [
  <!-- PegaCPAX.dtd 04-Aug-99 -->
  <!ELEMENT page (property)*>
  <!ATTLIST page
    name CDATA #IMPLIED
    handle CDATA #IMPLIED>
  <!ELEMENT property (name,value?)>
  <!ELEMENT name (#PCDATA)>
  <!ELEMENT value (#PCDATA|list|page)*>
  <!ATTLIST value attr CDATA #IMPLIED>
  <!ELEMENT list (value)*>
]>

<page>
<property>
<name>pxOriginalCreateOperator</name>
<value  attr="@Z:sTY:"></value>
</property>
<property>
<name>pyJavaGenerateTime</name>
<value  attr="@Z:sMN:">20070622T044125.375 GMT</value>
</property>
<property>
<name>pxInstanceLockedRuleSetVersion</name>
<value  attr="@Z:sTY:"></value>
</property>
<property>
<name>pxInsId</name>
<value  attr="@Z:sTY:">!RUNALLUNITTESTS</value>
</property>
<property>
<name>pxObjClass</name>
<value  attr="@Z:sIY:">Rule-Obj-Activity</value>
</property>
<property>
<name>pxOriginalCreateOpName</name>
<value  attr="@Z:sTY:"></value>
</property>
<property>
<name>pyCircumstanceDateProp</name>
<value  attr="@Z:sIN32:"></value>
</property>
<property>
<name>pyInputMayStart</name>
<value  attr="@Z:sSN:">true</value>
</property>
<property>
<name>pyLabelOld</name>
<value  attr="@Z:sTN:">Runs all unit test activities and displays result-report screen</value>
</property>
<property>
<name>pxInstanceLockedRuleSet</name>
<value  attr="@Z:sTY:"></value>
</property>
<property>
<name>pxMoveImportDateTime</name>
<value  attr="@Z:sMY:">20070820T015244.234 GMT</value>
</property>
<property>
<name>pxUpdateOperator</name>
<value  attr="@Z:sTY:">paul</value>
</property>
<property>
<name>pyMethodStatus</name>
<value  attr="@Z:stN10:"></value>
</property>
<property>
<name>pxInstanceLockedDateTime</name>
<value  attr="@Z:sMY:"></value>
</property>
<property>
<name>pxHostId</name>
<value  attr="@Z:sIY:">ffa9ff0db406ffca95c18d5f134ad2e1</value>
</property>
<property>
<name>pxCreateOperator</name>
<value  attr="@Z:sTY:">paul</value>
</property>
<property>
<name>pyJavaStream</name>
<value  attr="@Z:sTN:"></value>
</property>
<property>
<name>pyJavaGenerateAPIVersion</name>
<value  attr="@Z:sTN:">03-02</value>
</property>
<property>
<name>pxInstanceLockedBy</name>
<value  attr="@Z:sTY:"></value>
</property>
<property>
<name>pzStatus</name>
<value  attr="@Z:siN:">false</value>
</property>
<property>
<name>pyActivityType</name>
<value  attr="@Z:stN:">ACTIVITY</value>
</property>
<property>
<name>pyStatus</name>
<value  attr="@Z:sTN:"></value>
</property>
<property>
<name>pyXMLSignature</name>
<value  attr="@Z:sTN20000:">&lt;methodSignature&gt;&lt;pyStepsCallParams&gt;&lt;TestRuleSet DESCRIPTION= "The name of the test rule set" TYPE= "STRING" REQUIRED= "0" INOUT= "IN" SIZE="" SMARTPROMPT="N" SMARTPROMPTRULE="RULEKEY" SMARTPROMPTRULECLASS="" SMARTPROMPTBASECLASS="PageClass" SMARTPROMPTDATANODE="" DEFAULTVALUE="" /&gt;&lt;/pyStepsCallParams&gt;&lt;pyStepsPageAliases&gt;&lt;/pyStepsPageAliases&gt;&lt;/methodSignature&gt;</value>
</property>
<property>
<name>pxUpdateOpName</name>
<value  attr="@Z:sTY:">Paul Evans</value>
</property>
<property>
<name>pyRuleStarts</name>
<value  attr="@Z:sMI:"></value>
</property>
<property>
<name>pzOriginalInstanceKey</name>
<value  attr="@Z:s?N:">RULE-OBJ-ACTIVITY UNITTEST- RUNALLUNITTESTS #20070621T212019.531 GMT</value>
</property>
<property>
<name>pyAssociatedImage</name>
<value  attr="@Z:sTN:"></value>
</property>
<property>
<name>pyDescription</name>
<value  attr="@Z:sTN:">Searches the system for all activities starting with: "Test" and executes them.  At the end of this activity, and HTML screen is displayed showing which activities were executed along with whether or not the test was successful.

Can be invoked from the "Run Unit Tests" gadget on the "Dashboard" portal.

Can be invoked from the "Run Unit Tests" gadget on the "Dashboard" portal.</value>
</property>
<property>
<name>pxInsName</name>
<value  attr="@Z:sIY:">UNITTEST-!RUNALLUNITTESTS</value>
</property>
<property>
<name>pyRuleSetVersion</name>
<value  attr="@Z:sTN:">01-01-06</value>
</property>
<property>
<name>pzInsKey</name>
<value  attr="@Z:sIY255:">RULE-OBJ-ACTIVITY UNITTEST- RUNALLUNITTESTS #20070621T212019.531 GMT</value>
</property>
<property>
<name>pxSiblingCount</name>
<value  attr="@Z:sNY:">3</value>
</property>
<property>
<name>pxOriginalCreateDateTime</name>
<value  attr="@Z:sMY:"></value>
</property>
<property>
<name>pyActivityName</name>
<value  attr="@Z:sTN:">RunAllUnitTests</value>
</property>
<property>
<name>pzIndexCount</name>
<value  attr="@Z:sNY:">17</value>
</property>
<property>
<name>pxInstanceLockedKey</name>
<value  attr="@Z:sTY:"></value>
</property>
<property>
<name>pyOldActivityType</name>
<value  attr="@Z:sTN:">ACTIVITY</value>
</property>
<property>
<name>pyAuthenticatedOnly</name>
<value  attr="@Z:sSN:">false</value>
</property>
<property>
<name>pxOriginalCreateSystemID</name>
<value  attr="@Z:sTY:"></value>
</property>
<property>
<name>pyCircumstanceDate</name>
<value  attr="@Z:sMN:"></value>
</property>
<property>
<name>pxCreateOpName</name>
<value  attr="@Z:sTY:">Paul Evans</value>
</property>
<property>
<name>pxUpdateSystemID</name>
<value  attr="@Z:sTY:">wfe</value>
</property>
<property>
<name>pyJavaGenerateVersion</name>
<value  attr="@Z:sTN:">03-01-01</value>
</property>
<property>
<name>pyUsage</name>
<value  attr="@Z:sTN:">UnitTest RuleSet - An xUnit-style framework for unit testing
Copyright (C) 2006  Paul R. Evans

This library is free software; you can redistribute it and/or
modify it under the terms of the GNU Lesser General Public
License as published by the Free Software Foundation; either
version 2.1 of the License, or (at your option) any later version.

This library is distributed in the hope that it will be useful,
but WITHOUT ANY WARRANTY; without even the implied warranty of
MERCHANTABILITY or FITNESS FOR A PARTICULAR PURPOSE.  See the GNU
Lesser General Public License for more details.

You should have received a copy of the GNU Lesser General Public
License along with this library; if not, write to the Free Software
Foundation, Inc., 51 Franklin St, Fifth Floor, Boston, MA  02110-1301  USA</value>
</property>
<property>
<name>pyCircumstanceProp</name>
<value  attr="@Z:sTN32:"></value>
</property>
<property>
<name>pyTaskStatusXml</name>
<value  attr="@Z:sTN:">&lt;pagedata&gt;&lt;/pagedata&gt;</value>
</property>
<property>
<name>pyClassName</name>
<value  attr="@Z:siN:">UnitTest-</value>
</property>
<property>
<name>pyHistoryObject</name>
<value  attr="@Z:sSN:">false</value>
</property>
<property>
<name>pyValueChanged</name>
<value  attr="@Z:sTN:">false</value>
</property>
<property>
<name>pxMoveImportOperName</name>
<value  attr="@Z:sTY:">Paul Evans</value>
</property>
<property>
<name>pyJavaFUAVersion</name>
<value  attr="@Z:sTN:">03-02</value>
</property>
<property>
<name>pxMoveImportOperId</name>
<value  attr="@Z:sTY:">paul</value>
</property>
<property>
<name>pyJavaClassName</name>
<value  attr="@Z:sIN:">Rule_Obj_Activity_UnitTest__RunAllUnitTests_20070622T044050_531_GMT</value>
</property>
<property>
<name>pxLimitedAccess</name>
<value  attr="@Z:stY:">Dev</value>
</property>
<property>
<name>pyLabel</name>
<value  attr="@Z:sTN64:">Runs all unit test activities and displays result-report screen</value>
</property>
<property>
<name>pxServerReqURI</name>
<value  attr="@Z:sTY:">/prweb/PRServlet</value>
</property>
<property>
<name>pyRuleSet</name>
<value  attr="@Z:sIN:">UnitTest</value>
</property>
<property>
<name>pyRuleName</name>
<value  attr="@Z:sTY255:">RunAllUnitTests</value>
</property>
<property>
<name>pyRuleEnds</name>
<value  attr="@Z:sMI:"></value>
</property>
<property>
<name>pyRuleAvailable</name>
<value  attr="@Z:siN:">Yes</value>
</property>
<property>
<name>pyInterface</name>
<value  attr="@Z:sIN64:"></value>
</property>
<property>
<name>pyCircumstanceVal</name>
<value  attr="@Z:sTN64:"></value>
</property>
<property>
<name>pxUpdateDateTime</name>
<value  attr="@Z:sMY:">20070622T044125.453 GMT</value>
</property>
<property>
<name>pxCreateDateTime</name>
<value  attr="@Z:sMY:">20070621T212019.531 GMT</value>
</property>
<property>
<name>pxMoveOriginalKey</name>
<value  attr="@Z:sTY:">RULE-OBJ-ACTIVITY UNITTEST- RUNALLUNITTESTS #20070621T212019.531 GMT</value>
</property>
<property>
<name>pxMoveFromSystem</name>
<value  attr="@Z:sTY:">wfe</value>
</property>
<property>
<name>pxCreateSystemID</name>
<value  attr="@Z:sTY:">wfe</value>
</property>
<property>
<name>pyPagesAndClasses</name>
<value  attr="@Z:L*NEmbed-PagesAndClasses:">
  <list>
<value  attr="@Z:S*NEmbed-PagesAndClasses:">
<page>
<property>
<name>pyPagesAndClassesClass</name>
<value  attr="@Z:sTN:">Code-Pega-List</value>
</property>
<property>
<name>pyPagesAndClassesPage</name>
<value  attr="@Z:sTN:">TestActivitiesPg</value>
</property>
<property>
<name>pxObjClass</name>
<value  attr="@Z:sIY:">Embed-PagesAndClasses</value>
</property>
<property>
<name>pyPagesAndClassesMode</name>
<value  attr="@Z:siN:"></value>
</property>
</page>
</value>
<value  attr="@Z:S*NEmbed-PagesAndClasses:">
<page>
<property>
<name>pyPagesAndClassesClass</name>
<value  attr="@Z:sTN:">UnitTest-TestActivity</value>
</property>
<property>
<name>pyPagesAndClassesPage</name>
<value  attr="@Z:sTN:">TestActivitiesPg.pxResults()</value>
</property>
<property>
<name>pxObjClass</name>
<value  attr="@Z:sIY:">Embed-PagesAndClasses</value>
</property>
<property>
<name>pyPagesAndClassesMode</name>
<value  attr="@Z:siN:"></value>
</property>
</page>
</value>
<value  attr="@Z:S*NEmbed-PagesAndClasses:">
<page>
<property>
<name>pyPagesAndClassesClass</name>
<value  attr="@Z:sTN:">UnitTest-TestRunMetadata</value>
</property>
<property>
<name>pyPagesAndClassesPage</name>
<value  attr="@Z:sTN:">TestRunMetadata</value>
</property>
<property>
<name>pxObjClass</name>
<value  attr="@Z:sIY:">Embed-PagesAndClasses</value>
</property>
<property>
<name>pyPagesAndClassesMode</name>
<value  attr="@Z:siN:"></value>
</property>
</page>
</value>
<value  attr="@Z:S*NEmbed-PagesAndClasses:">
<page>
<property>
<name>pyPagesAndClassesClass</name>
<value  attr="@Z:sTN:">Code-Pega-Requestor</value>
</property>
<property>
<name>pyPagesAndClassesPage</name>
<value  attr="@Z:sTN:">pxRequestor</value>
</property>
<property>
<name>pxObjClass</name>
<value  attr="@Z:sIY:">Embed-PagesAndClasses</value>
</property>
<property>
<name>pyPagesAndClassesMode</name>
<value  attr="@Z:siN:"></value>
</property>
</page>
</value>
<value  attr="@Z:S*NEmbed-PagesAndClasses:">
<page>
<property>
<name>pyPagesAndClassesClass</name>
<value  attr="@Z:sTN:">Data-Admin-Organization</value>
</property>
<property>
<name>pyPagesAndClassesPage</name>
<value  attr="@Z:sTN:">Org</value>
</property>
<property>
<name>pxObjClass</name>
<value  attr="@Z:sIY:">Embed-PagesAndClasses</value>
</property>
<property>
<name>pyPagesAndClassesMode</name>
<value  attr="@Z:siN:"></value>
</property>
</page>
</value>
<value  attr="@Z:S*NEmbed-PagesAndClasses:">
<page>
<property>
<name>pyPagesAndClassesClass</name>
<value  attr="@Z:sTN:">Data-Admin-OrgDivision</value>
</property>
<property>
<name>pyPagesAndClassesPage</name>
<value  attr="@Z:sTN:">OrgDivision</value>
</property>
<property>
<name>pxObjClass</name>
<value  attr="@Z:sIY:">Embed-PagesAndClasses</value>
</property>
<property>
<name>pyPagesAndClassesMode</name>
<value  attr="@Z:siN:"></value>
</property>
</page>
</value>
<value  attr="@Z:S*NEmbed-PagesAndClasses:">
<page>
<property>
<name>pyPagesAndClassesClass</name>
<value  attr="@Z:sTN:">Data-Admin-Operator-AccessGroup</value>
</property>
<property>
<name>pyPagesAndClassesPage</name>
<value  attr="@Z:sTN:">AccessGroup</value>
</property>
<property>
<name>pxObjClass</name>
<value  attr="@Z:sIY:">Embed-PagesAndClasses</value>
</property>
<property>
<name>pyPagesAndClassesMode</name>
<value  attr="@Z:siN:"></value>
</property>
</page>
</value>
  </list>
</value>
</property>
<property>
<name>pxNamedPageReferences</name>
<value  attr="@Z:L*YEmbed-Reference-NamedPage:">
  <list>
<value  attr="@Z:S*YEmbed-Reference-NamedPage:">
<page>
<property>
<name>pxPageName</name>
<value  attr="@Z:sIY:">AccessGroup</value>
</property>
<property>
<name>pxObjClass</name>
<value  attr="@Z:sIY:">Embed-Reference-NamedPage</value>
</property>
<property>
<name>pzIndexes</name>
<value  attr="@Z:gNY:">
<page>
<property>
<name>NamedPageReference</name>
<value  attr="@Z:sNY:">0</value>
</property>
</page>
</value>
</property>
</page>
</value>
<value  attr="@Z:S*YEmbed-Reference-NamedPage:">
<page>
<property>
<name>pxPageName</name>
<value  attr="@Z:sIY:">Org</value>
</property>
<property>
<name>pxObjClass</name>
<value  attr="@Z:sIY:">Embed-Reference-NamedPage</value>
</property>
<property>
<name>pzIndexes</name>
<value  attr="@Z:gNY:">
<page>
<property>
<name>NamedPageReference</name>
<value  attr="@Z:sNY:">1</value>
</property>
</page>
</value>
</property>
</page>
</value>
<value  attr="@Z:S*YEmbed-Reference-NamedPage:">
<page>
<property>
<name>pxPageName</name>
<value  attr="@Z:sIY:">TestActivitiesPg</value>
</property>
<property>
<name>pxObjClass</name>
<value  attr="@Z:sIY:">Embed-Reference-NamedPage</value>
</property>
<property>
<name>pzIndexes</name>
<value  attr="@Z:gNY:">
<page>
<property>
<name>NamedPageReference</name>
<value  attr="@Z:sNY:">2</value>
</property>
</page>
</value>
</property>
</page>
</value>
<value  attr="@Z:S*YEmbed-Reference-NamedPage:">
<page>
<property>
<name>pxPageName</name>
<value  attr="@Z:sIY:">OrgDivision</value>
</property>
<property>
<name>pxObjClass</name>
<value  attr="@Z:sIY:">Embed-Reference-NamedPage</value>
</property>
<property>
<name>pzIndexes</name>
<value  attr="@Z:gNY:">
<page>
<property>
<name>NamedPageReference</name>
<value  attr="@Z:sNY:">3</value>
</property>
</page>
</value>
</property>
</page>
</value>
<value  attr="@Z:S*YEmbed-Reference-NamedPage:">
<page>
<property>
<name>pxPageName</name>
<value  attr="@Z:sIY:">TestRunMetadata</value>
</property>
<property>
<name>pxObjClass</name>
<value  attr="@Z:sIY:">Embed-Reference-NamedPage</value>
</property>
<property>
<name>pzIndexes</name>
<value  attr="@Z:gNY:">
<page>
<property>
<name>NamedPageReference</name>
<value  attr="@Z:sNY:">4</value>
</property>
</page>
</value>
</property>
</page>
</value>
  </list>
</value>
</property>
<property>
<name>pyActivityPrivilegeList</name>
<value  attr="@Z:L*NEmbed-Rule-PrivilegeSecurity:">
  <list>
<value  attr="@Z:S*NEmbed-Rule-PrivilegeSecurity:">
<page>
<property>
<name>pyPrivilegeName</name>
<value  attr="@Z:sTN:"></value>
</property>
<property>
<name>pyPrivilegeClass</name>
<value  attr="@Z:sIN:">UnitTest-</value>
</property>
<property>
<name>pxObjClass</name>
<value  attr="@Z:sIY:">Embed-Rule-PrivilegeSecurity</value>
</property>
</page>
</value>
  </list>
</value>
</property>
<property>
<name>pyParameters</name>
<value  attr="@Z:L*NEmbed-MethodParams:">
  <list>
<value  attr="@Z:S*NEmbed-MethodParams:">
<page>
<property>
<name>pyParametersParamType</name>
<value  attr="@Z:sTN:">STRING</value>
</property>
<property>
<name>pyParametersParamDefaultValue</name>
<value  attr="@Z:sTN:"></value>
</property>
<property>
<name>pyParametersParamIntelliValidateAs</name>
<value  attr="@Z:sTN:"></value>
</property>
<property>
<name>pyParametersParamReq</name>
<value  attr="@Z:sTN:">N</value>
</property>
<property>
<name>pyParametersParamIntelliRule</name>
<value  attr="@Z:sTN:"></value>
</property>
<property>
<name>pyParametersParamName</name>
<value  attr="@Z:sTN:">TestRuleSet</value>
</property>
<property>
<name>pyParametersParamIntelliBaseClass</name>
<value  attr="@Z:sTN:">PageClass</value>
</property>
<property>
<name>pxObjClass</name>
<value  attr="@Z:sIY:">Embed-MethodParams</value>
</property>
<property>
<name>pyParametersParamDesc</name>
<value  attr="@Z:sTN:">The name of the test rule set</value>
</property>
<property>
<name>pyParametersParamInOut</name>
<value  attr="@Z:sTN:">IN</value>
</property>
</page>
</value>
  </list>
</value>
</property>
<property>
<name>pxAPIMethodReferences</name>
<value  attr="@Z:L*YEmbed-Reference-APIMethod:">
  <list>
  </list>
</value>
</property>
<property>
<name>pxRuleReferences</name>
<value  attr="@Z:L*YEmbed-Reference-Rule:">
  <list>
<value  attr="@Z:S*YEmbed-Reference-Rule:">
<page>
<property>
<name>pxRuleClassName</name>
<value  attr="@Z:sIY:">UnitTest-TestRunMetadata</value>
</property>
<property>
<name>pxObjClass</name>
<value  attr="@Z:sIY:">Embed-Reference-Rule</value>
</property>
<property>
<name>pxRuleObjClass</name>
<value  attr="@Z:sIY:">Rule-Obj-Property</value>
</property>
<property>
<name>pxRuleFamilyName</name>
<value  attr="@Z:sTY:">NUMFAILURES</value>
</property>
<property>
<name>pzIndexes</name>
<value  attr="@Z:gNY:">
<page>
<property>
<name>RuleReference</name>
<value  attr="@Z:sNY:">5</value>
</property>
</page>
</value>
</property>
</page>
</value>
<value  attr="@Z:S*YEmbed-Reference-Rule:">
<page>
<property>
<name>pxRuleClassName</name>
<value  attr="@Z:sIY:">UnitTest-TestActivity</value>
</property>
<property>
<name>pxObjClass</name>
<value  attr="@Z:sIY:">Embed-Reference-Rule</value>
</property>
<property>
<name>pxRuleObjClass</name>
<value  attr="@Z:sIY:">Rule-Obj-Activity</value>
</property>
<property>
<name>pxRuleFamilyName</name>
<value  attr="@Z:sTY:">EXECUTE</value>
</property>
<property>
<name>pzIndexes</name>
<value  attr="@Z:gNY:">
<page>
<property>
<name>RuleReference</name>
<value  attr="@Z:sNY:">6</value>
</property>
</page>
</value>
</property>
</page>
</value>
<value  attr="@Z:S*YEmbed-Reference-Rule:">
<page>
<property>
<name>pxRuleClassName</name>
<value  attr="@Z:sIY:">UnitTest-TestActivity</value>
</property>
<property>
<name>pxObjClass</name>
<value  attr="@Z:sIY:">Embed-Reference-Rule</value>
</property>
<property>
<name>pxRuleObjClass</name>
<value  attr="@Z:sIY:">Rule-Obj-Class</value>
</property>
<property>
<name>pxRuleFamilyName</name>
<value  attr="@Z:sTY:">UNITTEST-TESTACTIVITY</value>
</property>
<property>
<name>pzIndexes</name>
<value  attr="@Z:gNY:">
<page>
<property>
<name>RuleReference</name>
<value  attr="@Z:sNY:">7</value>
</property>
</page>
</value>
</property>
</page>
</value>
<value  attr="@Z:S*YEmbed-Reference-Rule:">
<page>
<property>
<name>pxRuleClassName</name>
<value  attr="@Z:sIY:">UnitTest-TestRunMetadata</value>
</property>
<property>
<name>pxObjClass</name>
<value  attr="@Z:sIY:">Embed-Reference-Rule</value>
</property>
<property>
<name>pxRuleObjClass</name>
<value  attr="@Z:sIY:">Rule-Obj-Property</value>
</property>
<property>
<name>pxRuleFamilyName</name>
<value  attr="@Z:sTY:">DURATION</value>
</property>
<property>
<name>pzIndexes</name>
<value  attr="@Z:gNY:">
<page>
<property>
<name>RuleReference</name>
<value  attr="@Z:sNY:">8</value>
</property>
</page>
</value>
</property>
</page>
</value>
<value  attr="@Z:S*YEmbed-Reference-Rule:">
<page>
<property>
<name>pxRuleClassName</name>
<value  attr="@Z:sIY:">UnitTest-TestRunMetadata</value>
</property>
<property>
<name>pxObjClass</name>
<value  attr="@Z:sIY:">Embed-Reference-Rule</value>
</property>
<property>
<name>pxRuleObjClass</name>
<value  attr="@Z:sIY:">Rule-Obj-Property</value>
</property>
<property>
<name>pxRuleFamilyName</name>
<value  attr="@Z:sTY:">NUMSUCCESSES</value>
</property>
<property>
<name>pzIndexes</name>
<value  attr="@Z:gNY:">
<page>
<property>
<name>RuleReference</name>
<value  attr="@Z:sNY:">9</value>
</property>
</page>
</value>
</property>
</page>
</value>
<value  attr="@Z:S*YEmbed-Reference-Rule:">
<page>
<property>
<name>pxRuleClassName</name>
<value  attr="@Z:sIY:">-</value>
</property>
<property>
<name>pxObjClass</name>
<value  attr="@Z:sIY:">Embed-Reference-Rule</value>
</property>
<property>
<name>pxRuleObjClass</name>
<value  attr="@Z:sIY:">Rule-Obj-Class</value>
</property>
<property>
<name>pxRuleFamilyName</name>
<value  attr="@Z:sTY:">-</value>
</property>
<property>
<name>pzIndexes</name>
<value  attr="@Z:gNY:">
<page>
<property>
<name>RuleReference</name>
<value  attr="@Z:sNY:">10</value>
</property>
</page>
</value>
</property>
</page>
</value>
<value  attr="@Z:S*YEmbed-Reference-Rule:">
<page>
<property>
<name>pxRuleClassName</name>
<value  attr="@Z:sIY:">UnitTest-</value>
</property>
<property>
<name>pxObjClass</name>
<value  attr="@Z:sIY:">Embed-Reference-Rule</value>
</property>
<property>
<name>pxRuleObjClass</name>
<value  attr="@Z:sIY:">Rule-Obj-Class</value>
</property>
<property>
<name>pxRuleFamilyName</name>
<value  attr="@Z:sTY:">UNITTEST-</value>
</property>
<property>
<name>pzIndexes</name>
<value  attr="@Z:gNY:">
<page>
<property>
<name>RuleReference</name>
<value  attr="@Z:sNY:">11</value>
</property>
</page>
</value>
</property>
</page>
</value>
<value  attr="@Z:S*YEmbed-Reference-Rule:">
<page>
<property>
<name>pxRuleClassName</name>
<value  attr="@Z:sIY:">UnitTest-TestRunMetadata</value>
</property>
<property>
<name>pxObjClass</name>
<value  attr="@Z:sIY:">Embed-Reference-Rule</value>
</property>
<property>
<name>pxRuleObjClass</name>
<value  attr="@Z:sIY:">Rule-Obj-Class</value>
</property>
<property>
<name>pxRuleFamilyName</name>
<value  attr="@Z:sTY:">UNITTEST-TESTRUNMETADATA</value>
</property>
<property>
<name>pzIndexes</name>
<value  attr="@Z:gNY:">
<page>
<property>
<name>RuleReference</name>
<value  attr="@Z:sNY:">12</value>
</property>
</page>
</value>
</property>
</page>
</value>
<value  attr="@Z:S*YEmbed-Reference-Rule:">
<page>
<property>
<name>pxRuleClassName</name>
<value  attr="@Z:sIY:">UnitTest-TestRunMetadata</value>
</property>
<property>
<name>pxObjClass</name>
<value  attr="@Z:sIY:">Embed-Reference-Rule</value>
</property>
<property>
<name>pxRuleObjClass</name>
<value  attr="@Z:sIY:">Rule-Obj-Property</value>
</property>
<property>
<name>pxRuleFamilyName</name>
<value  attr="@Z:sTY:">RULESET</value>
</property>
<property>
<name>pzIndexes</name>
<value  attr="@Z:gNY:">
<page>
<property>
<name>RuleReference</name>
<value  attr="@Z:sNY:">13</value>
</property>
</page>
</value>
</property>
</page>
</value>
<value  attr="@Z:S*YEmbed-Reference-Rule:">
<page>
<property>
<name>pxRuleClassName</name>
<value  attr="@Z:sIY:">Code-Pega-List</value>
</property>
<property>
<name>pxObjClass</name>
<value  attr="@Z:sIY:">Embed-Reference-Rule</value>
</property>
<property>
<name>pxRuleObjClass</name>
<value  attr="@Z:sIY:">Rule-Obj-Property</value>
</property>
<property>
<name>pxRuleFamilyName</name>
<value  attr="@Z:sTY:">PXRESULTS</value>
</property>
<property>
<name>pzIndexes</name>
<value  attr="@Z:gNY:">
<page>
<property>
<name>RuleReference</name>
<value  attr="@Z:sNY:">14</value>
</property>
</page>
</value>
</property>
</page>
</value>
<value  attr="@Z:S*YEmbed-Reference-Rule:">
<page>
<property>
<name>pxRuleClassName</name>
<value  attr="@Z:sIY:">Code-Pega-List</value>
</property>
<property>
<name>pxObjClass</name>
<value  attr="@Z:sIY:">Embed-Reference-Rule</value>
</property>
<property>
<name>pxRuleObjClass</name>
<value  attr="@Z:sIY:">Rule-Obj-Class</value>
</property>
<property>
<name>pxRuleFamilyName</name>
<value  attr="@Z:sTY:">CODE-PEGA-LIST</value>
</property>
<property>
<name>pzIndexes</name>
<value  attr="@Z:gNY:">
<page>
<property>
<name>RuleReference</name>
<value  attr="@Z:sNY:">15</value>
</property>
</page>
</value>
</property>
</page>
</value>
  </list>
</value>
</property>
<property>
<name>pySteps</name>
<value  attr="@Z:L*NEmbed-ActivitySteps:">
  <list>
<value  attr="@Z:S*NEmbed-ActivitySteps:">
<page>
<property>
<name>pyStepsBlockName</name>
<value  attr="@Z:sTN:"></value>
</property>
<property>
<name>pyStepsPreCondition</name>
<value  attr="@Z:sTN:"></value>
</property>
<property>
<name>pyStepsDescription</name>
<value  attr="@Z:sTN:">Create the primary page</value>
</property>
<property>
<name>pxObjClass</name>
<value  attr="@Z:sIY:">Embed-ActivitySteps</value>
</property>
<property>
<name>pyStepsTransition</name>
<value  attr="@Z:sTN:"></value>
</property>
<property>
<name>pyStepsActivityName</name>
<value  attr="@Z:sTN:">Page-New</value>
</property>
<property>
<name>pyPassCurrentParameterPage</name>
<value  attr="@Z:sSN:"></value>
</property>
<property>
<name>pyStepsObjectName</name>
<value  attr="@Z:sTN:"></value>
</property>
<property>
<name>pyOnException</name>
<value  attr="@Z:sTN:"></value>
</property>
<property>
<name>pyStepsJavaSource</name>
<value  attr="@Z:sTN:"></value>
</property>
<property>
<name>pyStepsRepeatDef</name>
<value  attr="@Z:S*NEmbed-ActivityRepeat:">
<page>
<property>
<name>pyStepsRepeatDefLimit</name>
<value  attr="@Z:sTN:"></value>
</property>
<property>
<name>pyStepsRepeatDefStop</name>
<value  attr="@Z:sTN:"></value>
</property>
<property>
<name>pyStepsRepeatDefHasRepeat</name>
<value  attr="@Z:sTN:"></value>
</property>
<property>
<name>pxObjClass</name>
<value  attr="@Z:sIY:">Embed-ActivityRepeat</value>
</property>
<property>
<name>pyForEachProperty</name>
<value  attr="@Z:sTN:"></value>
</property>
<property>
<name>pyStepsRepeatDefIteration</name>
<value  attr="@Z:sTN:"></value>
</property>
<property>
<name>pyStepsRepeatDefStart</name>
<value  attr="@Z:sTN:"></value>
</property>
<property>
<name>pyForEachValidClasses</name>
<value  attr="@Z:L*NEmbed-ActivityForEachClasses:">
  <list>
<value  attr="@Z:S*NEmbed-ActivityForEachClasses:">
<page>
<property>
<name>pyForEachClass</name>
<value  attr="@Z:sTN:"></value>
</property>
<property>
<name>pxObjClass</name>
<value  attr="@Z:sIY:">Embed-ActivityForEachClasses</value>
</property>
</page>
</value>
  </list>
</value>
</property>
</page>
</value>
</property>
<property>
<name>pyStepsPageAliases</name>
<value  attr="@Z:S*N:">
<page>
<property>
<name>pyTempPlaceHolder</name>
<value  attr="@Z:??N:"></value>
</property>
</page>
</value>
</property>
<property>
<name>pyStepsCallParams</name>
<value  attr="@Z:S*N:">
<page>
<property>
<name>Model</name>
<value  attr="@Z:s?N:"></value>
</property>
<property>
<name>pyTempPlaceHolder</name>
<value  attr="@Z:??N:"></value>
</property>
<property>
<name>PageList</name>
<value  attr="@Z:s?N:"></value>
</property>
<property>
<name>NewClass</name>
<value  attr="@Z:s?N:"></value>
</property>
</page>
</value>
</property>
<property>
<name>pyStepsTransParams</name>
<value  attr="@Z:L*NEmbed-ActivityTransitions:">
  <list>
<value  attr="@Z:S*NEmbed-ActivityTransitions:">
<page>
<property>
<name>pyStepsTransParamsWhenTrue</name>
<value  attr="@Z:sTN:"></value>
</property>
<property>
<name>pyStepsTransParamsWhenFalsePrms</name>
<value  attr="@Z:sTN:"></value>
</property>
<property>
<name>pyStepsTransParamsWhenTruePrms</name>
<value  attr="@Z:sTN:"></value>
</property>
<property>
<name>pxObjClass</name>
<value  attr="@Z:sIY:">Embed-ActivityTransitions</value>
</property>
<property>
<name>pyStepsTransParamsWhen</name>
<value  attr="@Z:sTN:"></value>
</property>
<property>
<name>pyStepsTransParamsWhenFalse</name>
<value  attr="@Z:sTN:"></value>
</property>
</page>
</value>
  </list>
</value>
</property>
<property>
<name>pyStepsPreCondParams</name>
<value  attr="@Z:L*NEmbed-ActivityPreConditions:">
  <list>
<value  attr="@Z:S*NEmbed-ActivityPreConditions:">
<page>
<property>
<name>pxObjClass</name>
<value  attr="@Z:sIY:">Embed-ActivityPreConditions</value>
</property>
<property>
<name>pyStepsPreCondParamsWhenTrue</name>
<value  attr="@Z:sTN:"></value>
</property>
<property>
<name>pyStepsPreCondParamsWhen</name>
<value  attr="@Z:sTN:"></value>
</property>
<property>
<name>pyStepsPreCondParamsWhenFalsePrms</name>
<value  attr="@Z:sTN:"></value>
</property>
<property>
<name>pyStepsPreCondParamsWhenFalse</name>
<value  attr="@Z:sTN:"></value>
</property>
<property>
<name>pyStepsPreCondParamsWhenTruePrms</name>
<value  attr="@Z:sTN:"></value>
</property>
</page>
</value>
  </list>
</value>
</property>
<property>
<name>pyParamArray</name>
<value  attr="@Z:L*N:">
  <list>
<value  attr="@Z:S*N:">
<page>
<property>
<name>pyTempPlaceHolder</name>
<value  attr="@Z:??N:"></value>
</property>
</page>
</value>
  </list>
</value>
</property>
</page>
</value>
<value  attr="@Z:S*NEmbed-ActivitySteps:">
<page>
<property>
<name>pyStepsBlockName</name>
<value  attr="@Z:sTN:"></value>
</property>
<property>
<name>pyStepsPreCondition</name>
<value  attr="@Z:sTN:"></value>
</property>
<property>
<name>pyStepsDescription</name>
<value  attr="@Z:sTN:">Create the metadata page</value>
</property>
<property>
<name>pxObjClass</name>
<value  attr="@Z:sIY:">Embed-ActivitySteps</value>
</property>
<property>
<name>pyStepsTransition</name>
<value  attr="@Z:sTN:"></value>
</property>
<property>
<name>pyStepsActivityName</name>
<value  attr="@Z:sTN:">Page-New</value>
</property>
<property>
<name>pyPassCurrentParameterPage</name>
<value  attr="@Z:sSN:"></value>
</property>
<property>
<name>pyStepsObjectName</name>
<value  attr="@Z:sTN:">TestRunMetadata</value>
</property>
<property>
<name>pyOnException</name>
<value  attr="@Z:sTN:"></value>
</property>
<property>
<name>pyStepsJavaSource</name>
<value  attr="@Z:sTN:"></value>
</property>
<property>
<name>pyStepsRepeatDef</name>
<value  attr="@Z:S*NEmbed-ActivityRepeat:">
<page>
<property>
<name>pyStepsRepeatDefLimit</name>
<value  attr="@Z:sTN:"></value>
</property>
<property>
<name>pyStepsRepeatDefStop</name>
<value  attr="@Z:sTN:"></value>
</property>
<property>
<name>pyStepsRepeatDefHasRepeat</name>
<value  attr="@Z:sTN:"></value>
</property>
<property>
<name>pxObjClass</name>
<value  attr="@Z:sIY:">Embed-ActivityRepeat</value>
</property>
<property>
<name>pyForEachProperty</name>
<value  attr="@Z:sTN:"></value>
</property>
<property>
<name>pyStepsRepeatDefIteration</name>
<value  attr="@Z:sTN:"></value>
</property>
<property>
<name>pyStepsRepeatDefStart</name>
<value  attr="@Z:sTN:"></value>
</property>
<property>
<name>pyForEachValidClasses</name>
<value  attr="@Z:L*NEmbed-ActivityForEachClasses:">
  <list>
<value  attr="@Z:S*NEmbed-ActivityForEachClasses:">
<page>
<property>
<name>pyForEachClass</name>
<value  attr="@Z:sTN:"></value>
</property>
<property>
<name>pxObjClass</name>
<value  attr="@Z:sIY:">Embed-ActivityForEachClasses</value>
</property>
</page>
</value>
  </list>
</value>
</property>
</page>
</value>
</property>
<property>
<name>pyStepsPageAliases</name>
<value  attr="@Z:S*N:">
<page>
<property>
<name>pyTempPlaceHolder</name>
<value  attr="@Z:??N:"></value>
</property>
</page>
</value>
</property>
<property>
<name>pyStepsCallParams</name>
<value  attr="@Z:S*N:">
<page>
<property>
<name>Model</name>
<value  attr="@Z:s?N:"></value>
</property>
<property>
<name>pyTempPlaceHolder</name>
<value  attr="@Z:??N:"></value>
</property>
<property>
<name>PageList</name>
<value  attr="@Z:s?N:"></value>
</property>
<property>
<name>NewClass</name>
<value  attr="@Z:s?N:"></value>
</property>
</page>
</value>
</property>
<property>
<name>pyStepsTransParams</name>
<value  attr="@Z:L*NEmbed-ActivityTransitions:">
  <list>
<value  attr="@Z:S*NEmbed-ActivityTransitions:">
<page>
<property>
<name>pyStepsTransParamsWhenTrue</name>
<value  attr="@Z:sTN:"></value>
</property>
<property>
<name>pyStepsTransParamsWhenFalsePrms</name>
<value  attr="@Z:sTN:"></value>
</property>
<property>
<name>pyStepsTransParamsWhenTruePrms</name>
<value  attr="@Z:sTN:"></value>
</property>
<property>
<name>pxObjClass</name>
<value  attr="@Z:sIY:">Embed-ActivityTransitions</value>
</property>
<property>
<name>pyStepsTransParamsWhen</name>
<value  attr="@Z:sTN:"></value>
</property>
<property>
<name>pyStepsTransParamsWhenFalse</name>
<value  attr="@Z:sTN:"></value>
</property>
</page>
</value>
  </list>
</value>
</property>
<property>
<name>pyStepsPreCondParams</name>
<value  attr="@Z:L*NEmbed-ActivityPreConditions:">
  <list>
<value  attr="@Z:S*NEmbed-ActivityPreConditions:">
<page>
<property>
<name>pxObjClass</name>
<value  attr="@Z:sIY:">Embed-ActivityPreConditions</value>
</property>
<property>
<name>pyStepsPreCondParamsWhenTrue</name>
<value  attr="@Z:sTN:"></value>
</property>
<property>
<name>pyStepsPreCondParamsWhen</name>
<value  attr="@Z:sTN:"></value>
</property>
<property>
<name>pyStepsPreCondParamsWhenFalsePrms</name>
<value  attr="@Z:sTN:"></value>
</property>
<property>
<name>pyStepsPreCondParamsWhenFalse</name>
<value  attr="@Z:sTN:"></value>
</property>
<property>
<name>pyStepsPreCondParamsWhenTruePrms</name>
<value  attr="@Z:sTN:"></value>
</property>
</page>
</value>
  </list>
</value>
</property>
<property>
<name>pyParamArray</name>
<value  attr="@Z:L*N:">
  <list>
<value  attr="@Z:S*N:">
<page>
<property>
<name>pyTempPlaceHolder</name>
<value  attr="@Z:??N:"></value>
</property>
</page>
</value>
  </list>
</value>
</property>
</page>
</value>
<value  attr="@Z:S*NEmbed-ActivitySteps:">
<page>
<property>
<name>pyStepsBlockName</name>
<value  attr="@Z:sTN:"></value>
</property>
<property>
<name>pyStepsPreCondition</name>
<value  attr="@Z:sTN:"></value>
</property>
<property>
<name>pyStepsDescription</name>
<value  attr="@Z:sTN:">Set the rule set name</value>
</property>
<property>
<name>pxObjClass</name>
<value  attr="@Z:sIY:">Embed-ActivitySteps</value>
</property>
<property>
<name>pyStepsTransition</name>
<value  attr="@Z:sTN:"></value>
</property>
<property>
<name>pyStepsActivityName</name>
<value  attr="@Z:sTN:">Property-Set</value>
</property>
<property>
<name>pyPassCurrentParameterPage</name>
<value  attr="@Z:sSN:"></value>
</property>
<property>
<name>pyStepsObjectName</name>
<value  attr="@Z:sTN:">TestRunMetadata</value>
</property>
<property>
<name>pyOnException</name>
<value  attr="@Z:sTN:"></value>
</property>
<property>
<name>pyStepsJavaSource</name>
<value  attr="@Z:sTN:"></value>
</property>
<property>
<name>pyStepsRepeatDef</name>
<value  attr="@Z:S*NEmbed-ActivityRepeat:">
<page>
<property>
<name>pyStepsRepeatDefLimit</name>
<value  attr="@Z:sTN:"></value>
</property>
<property>
<name>pyStepsRepeatDefStop</name>
<value  attr="@Z:sTN:"></value>
</property>
<property>
<name>pyStepsRepeatDefHasRepeat</name>
<value  attr="@Z:sTN:"></value>
</property>
<property>
<name>pxObjClass</name>
<value  attr="@Z:sIY:">Embed-ActivityRepeat</value>
</property>
<property>
<name>pyForEachProperty</name>
<value  attr="@Z:sTN:"></value>
</property>
<property>
<name>pyStepsRepeatDefIteration</name>
<value  attr="@Z:sTN:"></value>
</property>
<property>
<name>pyStepsRepeatDefStart</name>
<value  attr="@Z:sTN:"></value>
</property>
<property>
<name>pyForEachValidClasses</name>
<value  attr="@Z:L*NEmbed-ActivityForEachClasses:">
  <list>
<value  attr="@Z:S*NEmbed-ActivityForEachClasses:">
<page>
<property>
<name>pyForEachClass</name>
<value  attr="@Z:sTN:"></value>
</property>
<property>
<name>pxObjClass</name>
<value  attr="@Z:sIY:">Embed-ActivityForEachClasses</value>
</property>
</page>
</value>
  </list>
</value>
</property>
</page>
</value>
</property>
<property>
<name>pyStepsPageAliases</name>
<value  attr="@Z:S*N:">
<page>
<property>
<name>pyTempPlaceHolder</name>
<value  attr="@Z:??N:"></value>
</property>
</page>
</value>
</property>
<property>
<name>pyStepsCallParams</name>
<value  attr="@Z:S*N:">
<page>
<property>
<name>pyTempPlaceHolder</name>
<value  attr="@Z:s?N:">TempPlaceHolder</value>
</property>
</page>
</value>
</property>
<property>
<name>pyStepsTransParams</name>
<value  attr="@Z:L*NEmbed-ActivityTransitions:">
  <list>
<value  attr="@Z:S*NEmbed-ActivityTransitions:">
<page>
<property>
<name>pyStepsTransParamsWhenTrue</name>
<value  attr="@Z:sTN:"></value>
</property>
<property>
<name>pyStepsTransParamsWhenFalsePrms</name>
<value  attr="@Z:sTN:"></value>
</property>
<property>
<name>pyStepsTransParamsWhenTruePrms</name>
<value  attr="@Z:sTN:"></value>
</property>
<property>
<name>pxObjClass</name>
<value  attr="@Z:sIY:">Embed-ActivityTransitions</value>
</property>
<property>
<name>pyStepsTransParamsWhen</name>
<value  attr="@Z:sTN:"></value>
</property>
<property>
<name>pyStepsTransParamsWhenFalse</name>
<value  attr="@Z:sTN:"></value>
</property>
</page>
</value>
  </list>
</value>
</property>
<property>
<name>pyStepsPreCondParams</name>
<value  attr="@Z:L*NEmbed-ActivityPreConditions:">
  <list>
<value  attr="@Z:S*NEmbed-ActivityPreConditions:">
<page>
<property>
<name>pxObjClass</name>
<value  attr="@Z:sIY:">Embed-ActivityPreConditions</value>
</property>
<property>
<name>pyStepsPreCondParamsWhenTrue</name>
<value  attr="@Z:sTN:"></value>
</property>
<property>
<name>pyStepsPreCondParamsWhen</name>
<value  attr="@Z:sTN:"></value>
</property>
<property>
<name>pyStepsPreCondParamsWhenFalsePrms</name>
<value  attr="@Z:sTN:"></value>
</property>
<property>
<name>pyStepsPreCondParamsWhenFalse</name>
<value  attr="@Z:sTN:"></value>
</property>
<property>
<name>pyStepsPreCondParamsWhenTruePrms</name>
<value  attr="@Z:sTN:"></value>
</property>
</page>
</value>
  </list>
</value>
</property>
<property>
<name>pyParamArray</name>
<value  attr="@Z:L*N:">
  <list>
<value  attr="@Z:S*N:">
<page>
<property>
<name>PropertiesValue</name>
<value  attr="@Z:s?N:">param.TestRuleSet</value>
</property>
<property>
<name>PropertiesName</name>
<value  attr="@Z:s?N:">.Ruleset</value>
</property>
<property>
<name>pyTempPlaceHolder</name>
<value  attr="@Z:s?N:">TempPlaceHolder</value>
</property>
</page>
</value>
  </list>
</value>
</property>
</page>
</value>
<value  attr="@Z:S*NEmbed-ActivitySteps:">
<page>
<property>
<name>pyStepsBlockName</name>
<value  attr="@Z:sTN:"></value>
</property>
<property>
<name>pyStepsPreCondition</name>
<value  attr="@Z:sTN:"></value>
</property>
<property>
<name>pyStepsDescription</name>
<value  attr="@Z:sTN:">Load the test activities</value>
</property>
<property>
<name>pxObjClass</name>
<value  attr="@Z:sIY:">Embed-ActivitySteps</value>
</property>
<property>
<name>pyStepsTransition</name>
<value  attr="@Z:sTN:"></value>
</property>
<property>
<name>pyStepsActivityName</name>
<value  attr="@Z:sTN:">RDB-List</value>
</property>
<property>
<name>pyPassCurrentParameterPage</name>
<value  attr="@Z:sSN:"></value>
</property>
<property>
<name>pyStepsObjectName</name>
<value  attr="@Z:sTN:">TestActivitiesPg</value>
</property>
<property>
<name>pyOnException</name>
<value  attr="@Z:sTN:"></value>
</property>
<property>
<name>pyStepsJavaSource</name>
<value  attr="@Z:sTN:"></value>
</property>
<property>
<name>pyStepsRepeatDef</name>
<value  attr="@Z:S*NEmbed-ActivityRepeat:">
<page>
<property>
<name>pyStepsRepeatDefLimit</name>
<value  attr="@Z:sTN:"></value>
</property>
<property>
<name>pyStepsRepeatDefStop</name>
<value  attr="@Z:sTN:"></value>
</property>
<property>
<name>pyStepsRepeatDefHasRepeat</name>
<value  attr="@Z:sTN:"></value>
</property>
<property>
<name>pxObjClass</name>
<value  attr="@Z:sIY:">Embed-ActivityRepeat</value>
</property>
<property>
<name>pyForEachProperty</name>
<value  attr="@Z:sTN:"></value>
</property>
<property>
<name>pyStepsRepeatDefIteration</name>
<value  attr="@Z:sTN:"></value>
</property>
<property>
<name>pyStepsRepeatDefStart</name>
<value  attr="@Z:sTN:"></value>
</property>
<property>
<name>pyForEachValidClasses</name>
<value  attr="@Z:L*NEmbed-ActivityForEachClasses:">
  <list>
<value  attr="@Z:S*NEmbed-ActivityForEachClasses:">
<page>
<property>
<name>pyForEachClass</name>
<value  attr="@Z:sTN:"></value>
</property>
<property>
<name>pxObjClass</name>
<value  attr="@Z:sIY:">Embed-ActivityForEachClasses</value>
</property>
</page>
</value>
  </list>
</value>
</property>
</page>
</value>
</property>
<property>
<name>pyStepsPageAliases</name>
<value  attr="@Z:S*N:">
<page>
<property>
<name>pyTempPlaceHolder</name>
<value  attr="@Z:??N:"></value>
</property>
</page>
</value>
</property>
<property>
<name>pyStepsCallParams</name>
<value  attr="@Z:S*N:">
<page>
<property>
<name>ApplyDeclaratives</name>
<value  attr="@Z:s?N:"></value>
</property>
<property>
<name>Access</name>
<value  attr="@Z:s?N:">JDBC</value>
</property>
<property>
<name>pyTempPlaceHolder</name>
<value  attr="@Z:s?N:">TempPlaceHolder</value>
</property>
<property>
<name>BrowsePage</name>
<value  attr="@Z:s?N:"></value>
</property>
<property>
<name>RequestType</name>
<value  attr="@Z:s?N:">GetTestActivities</value>
</property>
<property>
<name>MaxRecords</name>
<value  attr="@Z:s?N:"></value>
</property>
<property>
<name>ClassName</name>
<value  attr="@Z:s?N:">UnitTest-TestActivity</value>
</property>
<property>
<name>RunInParallel</name>
<value  attr="@Z:s?N:"></value>
</property>
</page>
</value>
</property>
<property>
<name>pyStepsTransParams</name>
<value  attr="@Z:L*NEmbed-ActivityTransitions:">
  <list>
<value  attr="@Z:S*NEmbed-ActivityTransitions:">
<page>
<property>
<name>pyStepsTransParamsWhenTrue</name>
<value  attr="@Z:sTN:"></value>
</property>
<property>
<name>pyStepsTransParamsWhenFalsePrms</name>
<value  attr="@Z:sTN:"></value>
</property>
<property>
<name>pyStepsTransParamsWhenTruePrms</name>
<value  attr="@Z:sTN:"></value>
</property>
<property>
<name>pxObjClass</name>
<value  attr="@Z:sIY:">Embed-ActivityTransitions</value>
</property>
<property>
<name>pyStepsTransParamsWhen</name>
<value  attr="@Z:sTN:"></value>
</property>
<property>
<name>pyStepsTransParamsWhenFalse</name>
<value  attr="@Z:sTN:"></value>
</property>
</page>
</value>
  </list>
</value>
</property>
<property>
<name>pyStepsPreCondParams</name>
<value  attr="@Z:L*NEmbed-ActivityPreConditions:">
  <list>
<value  attr="@Z:S*NEmbed-ActivityPreConditions:">
<page>
<property>
<name>pxObjClass</name>
<value  attr="@Z:sIY:">Embed-ActivityPreConditions</value>
</property>
<property>
<name>pyStepsPreCondParamsWhenTrue</name>
<value  attr="@Z:sTN:"></value>
</property>
<property>
<name>pyStepsPreCondParamsWhen</name>
<value  attr="@Z:sTN:"></value>
</property>
<property>
<name>pyStepsPreCondParamsWhenFalsePrms</name>
<value  attr="@Z:sTN:"></value>
</property>
<property>
<name>pyStepsPreCondParamsWhenFalse</name>
<value  attr="@Z:sTN:"></value>
</property>
<property>
<name>pyStepsPreCondParamsWhenTruePrms</name>
<value  attr="@Z:sTN:"></value>
</property>
</page>
</value>
  </list>
</value>
</property>
<property>
<name>pyParamArray</name>
<value  attr="@Z:L*N:">
  <list>
<value  attr="@Z:S*N:">
<page>
<property>
<name>pyTempPlaceHolder</name>
<value  attr="@Z:s?N:">TempPlaceHolder</value>
</property>
</page>
</value>
  </list>
</value>
</property>
</page>
</value>
<value  attr="@Z:S*NEmbed-ActivitySteps:">
<page>
<property>
<name>pyStepsBlockName</name>
<value  attr="@Z:sTN:"></value>
</property>
<property>
<name>pyStepsPreCondition</name>
<value  attr="@Z:sTN:"></value>
</property>
<property>
<name>pyStepsDescription</name>
<value  attr="@Z:sTN:">Init NumSuccesses/NumFailures  to 0</value>
</property>
<property>
<name>pxObjClass</name>
<value  attr="@Z:sIY:">Embed-ActivitySteps</value>
</property>
<property>
<name>pyStepsTransition</name>
<value  attr="@Z:sTN:"></value>
</property>
<property>
<name>pyStepsActivityName</name>
<value  attr="@Z:sTN:">Property-Set</value>
</property>
<property>
<name>pyPassCurrentParameterPage</name>
<value  attr="@Z:sSN:"></value>
</property>
<property>
<name>pyStepsObjectName</name>
<value  attr="@Z:sTN:">TestRunMetadata</value>
</property>
<property>
<name>pyOnException</name>
<value  attr="@Z:sTN:"></value>
</property>
<property>
<name>pyStepsJavaSource</name>
<value  attr="@Z:sTN:"></value>
</property>
<property>
<name>pyStepsRepeatDef</name>
<value  attr="@Z:S*NEmbed-ActivityRepeat:">
<page>
<property>
<name>pyStepsRepeatDefLimit</name>
<value  attr="@Z:sTN:"></value>
</property>
<property>
<name>pyStepsRepeatDefStop</name>
<value  attr="@Z:sTN:"></value>
</property>
<property>
<name>pyStepsRepeatDefHasRepeat</name>
<value  attr="@Z:sTN:"></value>
</property>
<property>
<name>pxObjClass</name>
<value  attr="@Z:sIY:">Embed-ActivityRepeat</value>
</property>
<property>
<name>pyForEachProperty</name>
<value  attr="@Z:sTN:"></value>
</property>
<property>
<name>pyStepsRepeatDefIteration</name>
<value  attr="@Z:sTN:"></value>
</property>
<property>
<name>pyStepsRepeatDefStart</name>
<value  attr="@Z:sTN:"></value>
</property>
<property>
<name>pyForEachValidClasses</name>
<value  attr="@Z:L*NEmbed-ActivityForEachClasses:">
  <list>
<value  attr="@Z:S*NEmbed-ActivityForEachClasses:">
<page>
<property>
<name>pyForEachClass</name>
<value  attr="@Z:sTN:"></value>
</property>
<property>
<name>pxObjClass</name>
<value  attr="@Z:sIY:">Embed-ActivityForEachClasses</value>
</property>
</page>
</value>
  </list>
</value>
</property>
</page>
</value>
</property>
<property>
<name>pyStepsPageAliases</name>
<value  attr="@Z:S*N:">
<page>
<property>
<name>pyTempPlaceHolder</name>
<value  attr="@Z:??N:"></value>
</property>
</page>
</value>
</property>
<property>
<name>pyStepsCallParams</name>
<value  attr="@Z:S*N:">
<page>
<property>
<name>pyTempPlaceHolder</name>
<value  attr="@Z:s?N:">TempPlaceHolder</value>
</property>
</page>
</value>
</property>
<property>
<name>pyStepsTransParams</name>
<value  attr="@Z:L*NEmbed-ActivityTransitions:">
  <list>
<value  attr="@Z:S*NEmbed-ActivityTransitions:">
<page>
<property>
<name>pyStepsTransParamsWhenTrue</name>
<value  attr="@Z:sTN:"></value>
</property>
<property>
<name>pyStepsTransParamsWhenFalsePrms</name>
<value  attr="@Z:sTN:"></value>
</property>
<property>
<name>pyStepsTransParamsWhenTruePrms</name>
<value  attr="@Z:sTN:"></value>
</property>
<property>
<name>pxObjClass</name>
<value  attr="@Z:sIY:">Embed-ActivityTransitions</value>
</property>
<property>
<name>pyStepsTransParamsWhen</name>
<value  attr="@Z:sTN:"></value>
</property>
<property>
<name>pyStepsTransParamsWhenFalse</name>
<value  attr="@Z:sTN:"></value>
</property>
</page>
</value>
  </list>
</value>
</property>
<property>
<name>pyStepsPreCondParams</name>
<value  attr="@Z:L*NEmbed-ActivityPreConditions:">
  <list>
<value  attr="@Z:S*NEmbed-ActivityPreConditions:">
<page>
<property>
<name>pxObjClass</name>
<value  attr="@Z:sIY:">Embed-ActivityPreConditions</value>
</property>
<property>
<name>pyStepsPreCondParamsWhenTrue</name>
<value  attr="@Z:sTN:"></value>
</property>
<property>
<name>pyStepsPreCondParamsWhen</name>
<value  attr="@Z:sTN:"></value>
</property>
<property>
<name>pyStepsPreCondParamsWhenFalsePrms</name>
<value  attr="@Z:sTN:"></value>
</property>
<property>
<name>pyStepsPreCondParamsWhenFalse</name>
<value  attr="@Z:sTN:"></value>
</property>
<property>
<name>pyStepsPreCondParamsWhenTruePrms</name>
<value  attr="@Z:sTN:"></value>
</property>
</page>
</value>
  </list>
</value>
</property>
<property>
<name>pyParamArray</name>
<value  attr="@Z:L*N:">
  <list>
<value  attr="@Z:S*N:">
<page>
<property>
<name>PropertiesValue</name>
<value  attr="@Z:s?N:">0</value>
</property>
<property>
<name>PropertiesName</name>
<value  attr="@Z:s?N:">.NumSuccesses</value>
</property>
<property>
<name>pyTempPlaceHolder</name>
<value  attr="@Z:s?N:">TempPlaceHolder</value>
</property>
</page>
</value>
<value  attr="@Z:S*N:">
<page>
<property>
<name>PropertiesValue</name>
<value  attr="@Z:s?N:">0</value>
</property>
<property>
<name>PropertiesName</name>
<value  attr="@Z:s?N:">.NumFailures</value>
</property>
<property>
<name>pyTempPlaceHolder</name>
<value  attr="@Z:s?N:">TempPlaceHolder</value>
</property>
</page>
</value>
  </list>
</value>
</property>
</page>
</value>
<value  attr="@Z:S*NEmbed-ActivitySteps:">
<page>
<property>
<name>pyStepsBlockName</name>
<value  attr="@Z:sTN:"></value>
</property>
<property>
<name>pyStepsPreCondition</name>
<value  attr="@Z:sTN:"></value>
</property>
<property>
<name>pyStepsDescription</name>
<value  attr="@Z:sTN:">Set the start time</value>
</property>
<property>
<name>pxObjClass</name>
<value  attr="@Z:sIY:">Embed-ActivitySteps</value>
</property>
<property>
<name>pyStepsTransition</name>
<value  attr="@Z:sTN:"></value>
</property>
<property>
<name>pyStepsActivityName</name>
<value  attr="@Z:sTN:">Java</value>
</property>
<property>
<name>pyPassCurrentParameterPage</name>
<value  attr="@Z:sSN:"></value>
</property>
<property>
<name>pyStepsObjectName</name>
<value  attr="@Z:sTN:"></value>
</property>
<property>
<name>pyOnException</name>
<value  attr="@Z:sTN:"></value>
</property>
<property>
<name>pyStepsJavaSource</name>
<value  attr="@Z:sTN:">StartTime = new java.util.Date().getTime();</value>
</property>
<property>
<name>pyStepsRepeatDef</name>
<value  attr="@Z:S*NEmbed-ActivityRepeat:">
<page>
<property>
<name>pyStepsRepeatDefLimit</name>
<value  attr="@Z:sTN:"></value>
</property>
<property>
<name>pyStepsRepeatDefStop</name>
<value  attr="@Z:sTN:"></value>
</property>
<property>
<name>pyStepsRepeatDefHasRepeat</name>
<value  attr="@Z:sTN:"></value>
</property>
<property>
<name>pxObjClass</name>
<value  attr="@Z:sIY:">Embed-ActivityRepeat</value>
</property>
<property>
<name>pyForEachProperty</name>
<value  attr="@Z:sTN:"></value>
</property>
<property>
<name>pyStepsRepeatDefIteration</name>
<value  attr="@Z:sTN:"></value>
</property>
<property>
<name>pyStepsRepeatDefStart</name>
<value  attr="@Z:sTN:"></value>
</property>
<property>
<name>pyForEachValidClasses</name>
<value  attr="@Z:L*NEmbed-ActivityForEachClasses:">
  <list>
<value  attr="@Z:S*NEmbed-ActivityForEachClasses:">
<page>
<property>
<name>pyForEachClass</name>
<value  attr="@Z:sTN:"></value>
</property>
<property>
<name>pxObjClass</name>
<value  attr="@Z:sIY:">Embed-ActivityForEachClasses</value>
</property>
</page>
</value>
  </list>
</value>
</property>
</page>
</value>
</property>
<property>
<name>pyStepsPageAliases</name>
<value  attr="@Z:S*N:">
<page>
<property>
<name>pyTempPlaceHolder</name>
<value  attr="@Z:??N:"></value>
</property>
</page>
</value>
</property>
<property>
<name>pyStepsCallParams</name>
<value  attr="@Z:S*N:">
<page>
<property>
<name>pyTempPlaceHolder</name>
<value  attr="@Z:s?N:">TempPlaceHolder</value>
</property>
</page>
</value>
</property>
<property>
<name>pyStepsTransParams</name>
<value  attr="@Z:L*NEmbed-ActivityTransitions:">
  <list>
<value  attr="@Z:S*NEmbed-ActivityTransitions:">
<page>
<property>
<name>pyStepsTransParamsWhenTrue</name>
<value  attr="@Z:sTN:"></value>
</property>
<property>
<name>pyStepsTransParamsWhenFalsePrms</name>
<value  attr="@Z:sTN:"></value>
</property>
<property>
<name>pyStepsTransParamsWhenTruePrms</name>
<value  attr="@Z:sTN:"></value>
</property>
<property>
<name>pxObjClass</name>
<value  attr="@Z:sIY:">Embed-ActivityTransitions</value>
</property>
<property>
<name>pyStepsTransParamsWhen</name>
<value  attr="@Z:sTN:"></value>
</property>
<property>
<name>pyStepsTransParamsWhenFalse</name>
<value  attr="@Z:sTN:"></value>
</property>
</page>
</value>
  </list>
</value>
</property>
<property>
<name>pyStepsPreCondParams</name>
<value  attr="@Z:L*NEmbed-ActivityPreConditions:">
  <list>
<value  attr="@Z:S*NEmbed-ActivityPreConditions:">
<page>
<property>
<name>pxObjClass</name>
<value  attr="@Z:sIY:">Embed-ActivityPreConditions</value>
</property>
<property>
<name>pyStepsPreCondParamsWhenTrue</name>
<value  attr="@Z:sTN:"></value>
</property>
<property>
<name>pyStepsPreCondParamsWhen</name>
<value  attr="@Z:sTN:"></value>
</property>
<property>
<name>pyStepsPreCondParamsWhenFalsePrms</name>
<value  attr="@Z:sTN:"></value>
</property>
<property>
<name>pyStepsPreCondParamsWhenFalse</name>
<value  attr="@Z:sTN:"></value>
</property>
<property>
<name>pyStepsPreCondParamsWhenTruePrms</name>
<value  attr="@Z:sTN:"></value>
</property>
</page>
</value>
  </list>
</value>
</property>
<property>
<name>pyParamArray</name>
<value  attr="@Z:L*N:">
  <list>
<value  attr="@Z:S*N:">
<page>
<property>
<name>PropertiesValue</name>
<value  attr="@Z:??N:"></value>
</property>
<property>
<name>PropertiesName</name>
<value  attr="@Z:??N:"></value>
</property>
<property>
<name>pyTempPlaceHolder</name>
<value  attr="@Z:s?N:">TempPlaceHolder</value>
</property>
</page>
</value>
  </list>
</value>
</property>
</page>
</value>
<value  attr="@Z:S*NEmbed-ActivitySteps:">
<page>
<property>
<name>pyStepsBlockName</name>
<value  attr="@Z:sTN:"></value>
</property>
<property>
<name>pyStepsPreCondition</name>
<value  attr="@Z:sTN:"></value>
</property>
<property>
<name>pyStepsDescription</name>
<value  attr="@Z:sTN:">Run the test activities</value>
</property>
<property>
<name>pxObjClass</name>
<value  attr="@Z:sIY:">Embed-ActivitySteps</value>
</property>
<property>
<name>pyStepsTransition</name>
<value  attr="@Z:sTN:"></value>
</property>
<property>
<name>pyStepsActivityName</name>
<value  attr="@Z:sTN:">Call Execute</value>
</property>
<property>
<name>pyPassCurrentParameterPage</name>
<value  attr="@Z:sSN:"></value>
</property>
<property>
<name>pyStepsObjectName</name>
<value  attr="@Z:sTN:">TestActivitiesPg.pxResults</value>
</property>
<property>
<name>pyOnException</name>
<value  attr="@Z:sTN:"></value>
</property>
<property>
<name>pyStepsJavaSource</name>
<value  attr="@Z:sTN:"></value>
</property>
<property>
<name>pyStepsRepeatDef</name>
<value  attr="@Z:S*NEmbed-ActivityRepeat:">
<page>
<property>
<name>pyStepsRepeatDefLimit</name>
<value  attr="@Z:sTN:"></value>
</property>
<property>
<name>pyStepsRepeatDefStop</name>
<value  attr="@Z:sTN:"></value>
</property>
<property>
<name>pyStepsRepeatDefHasRepeat</name>
<value  attr="@Z:sTN:">EMBEDDED</value>
</property>
<property>
<name>pxObjClass</name>
<value  attr="@Z:sIY:">Embed-ActivityRepeat</value>
</property>
<property>
<name>pyForEachProperty</name>
<value  attr="@Z:sTN:"></value>
</property>
<property>
<name>pyStepsRepeatDefIteration</name>
<value  attr="@Z:sTN:"></value>
</property>
<property>
<name>pyStepsRepeatDefStart</name>
<value  attr="@Z:sTN:"></value>
</property>
<property>
<name>pyForEachValidClasses</name>
<value  attr="@Z:L*NEmbed-ActivityForEachClasses:">
  <list>
<value  attr="@Z:S*NEmbed-ActivityForEachClasses:">
<page>
<property>
<name>pyForEachClass</name>
<value  attr="@Z:sTN:">UnitTest-TestActivity</value>
</property>
<property>
<name>pxObjClass</name>
<value  attr="@Z:sIY:">Embed-ActivityForEachClasses</value>
</property>
</page>
</value>
  </list>
</value>
</property>
</page>
</value>
</property>
<property>
<name>pyStepsPageAliases</name>
<value  attr="@Z:S*N:">
<page>
<property>
<name>pyTempPlaceHolder</name>
<value  attr="@Z:??N:"></value>
</property>
</page>
</value>
</property>
<property>
<name>pyStepsCallParams</name>
<value  attr="@Z:S*N:">
<page>
<property>
<name>pyTempPlaceHolder</name>
<value  attr="@Z:s?N:">TempPlaceHolder</value>
</property>
</page>
</value>
</property>
<property>
<name>pyStepsTransParams</name>
<value  attr="@Z:L*NEmbed-ActivityTransitions:">
  <list>
<value  attr="@Z:S*NEmbed-ActivityTransitions:">
<page>
<property>
<name>pyStepsTransParamsWhenTrue</name>
<value  attr="@Z:sTN:"></value>
</property>
<property>
<name>pyStepsTransParamsWhenFalsePrms</name>
<value  attr="@Z:sTN:"></value>
</property>
<property>
<name>pyStepsTransParamsWhenTruePrms</name>
<value  attr="@Z:sTN:"></value>
</property>
<property>
<name>pxObjClass</name>
<value  attr="@Z:sIY:">Embed-ActivityTransitions</value>
</property>
<property>
<name>pyStepsTransParamsWhen</name>
<value  attr="@Z:sTN:"></value>
</property>
<property>
<name>pyStepsTransParamsWhenFalse</name>
<value  attr="@Z:sTN:"></value>
</property>
</page>
</value>
  </list>
</value>
</property>
<property>
<name>pyStepsPreCondParams</name>
<value  attr="@Z:L*NEmbed-ActivityPreConditions:">
  <list>
<value  attr="@Z:S*NEmbed-ActivityPreConditions:">
<page>
<property>
<name>pxObjClass</name>
<value  attr="@Z:sIY:">Embed-ActivityPreConditions</value>
</property>
<property>
<name>pyStepsPreCondParamsWhenTrue</name>
<value  attr="@Z:sTN:"></value>
</property>
<property>
<name>pyStepsPreCondParamsWhen</name>
<value  attr="@Z:sTN:"></value>
</property>
<property>
<name>pyStepsPreCondParamsWhenFalsePrms</name>
<value  attr="@Z:sTN:"></value>
</property>
<property>
<name>pyStepsPreCondParamsWhenFalse</name>
<value  attr="@Z:sTN:"></value>
</property>
<property>
<name>pyStepsPreCondParamsWhenTruePrms</name>
<value  attr="@Z:sTN:"></value>
</property>
</page>
</value>
  </list>
</value>
</property>
<property>
<name>pyParamArray</name>
<value  attr="@Z:L*N:">
  <list>
<value  attr="@Z:S*N:">
<page>
<property>
<name>pyTempPlaceHolder</name>
<value  attr="@Z:??N:"></value>
</property>
</page>
</value>
  </list>
</value>
</property>
</page>
</value>
<value  attr="@Z:S*NEmbed-ActivitySteps:">
<page>
<property>
<name>pyStepsBlockName</name>
<value  attr="@Z:sTN:"></value>
</property>
<property>
<name>pyStepsPreCondition</name>
<value  attr="@Z:sTN:"></value>
</property>
<property>
<name>pyStepsDescription</name>
<value  attr="@Z:sTN:">Set the end time</value>
</property>
<property>
<name>pxObjClass</name>
<value  attr="@Z:sIY:">Embed-ActivitySteps</value>
</property>
<property>
<name>pyStepsTransition</name>
<value  attr="@Z:sTN:"></value>
</property>
<property>
<name>pyStepsActivityName</name>
<value  attr="@Z:sTN:">Java</value>
</property>
<property>
<name>pyPassCurrentParameterPage</name>
<value  attr="@Z:sSN:"></value>
</property>
<property>
<name>pyStepsObjectName</name>
<value  attr="@Z:sTN:"></value>
</property>
<property>
<name>pyOnException</name>
<value  attr="@Z:sTN:"></value>
</property>
<property>
<name>pyStepsJavaSource</name>
<value  attr="@Z:sTN:">EndTime = new java.util.Date().getTime();</value>
</property>
<property>
<name>pyStepsRepeatDef</name>
<value  attr="@Z:S*NEmbed-ActivityRepeat:">
<page>
<property>
<name>pyStepsRepeatDefLimit</name>
<value  attr="@Z:sTN:"></value>
</property>
<property>
<name>pyStepsRepeatDefStop</name>
<value  attr="@Z:sTN:"></value>
</property>
<property>
<name>pyStepsRepeatDefHasRepeat</name>
<value  attr="@Z:sTN:"></value>
</property>
<property>
<name>pxObjClass</name>
<value  attr="@Z:sIY:">Embed-ActivityRepeat</value>
</property>
<property>
<name>pyForEachProperty</name>
<value  attr="@Z:sTN:"></value>
</property>
<property>
<name>pyStepsRepeatDefIteration</name>
<value  attr="@Z:sTN:"></value>
</property>
<property>
<name>pyStepsRepeatDefStart</name>
<value  attr="@Z:sTN:"></value>
</property>
<property>
<name>pyForEachValidClasses</name>
<value  attr="@Z:L*NEmbed-ActivityForEachClasses:">
  <list>
<value  attr="@Z:S*NEmbed-ActivityForEachClasses:">
<page>
<property>
<name>pyForEachClass</name>
<value  attr="@Z:sTN:"></value>
</property>
<property>
<name>pxObjClass</name>
<value  attr="@Z:sIY:">Embed-ActivityForEachClasses</value>
</property>
</page>
</value>
  </list>
</value>
</property>
</page>
</value>
</property>
<property>
<name>pyStepsPageAliases</name>
<value  attr="@Z:S*N:">
<page>
<property>
<name>pyTempPlaceHolder</name>
<value  attr="@Z:??N:"></value>
</property>
</page>
</value>
</property>
<property>
<name>pyStepsCallParams</name>
<value  attr="@Z:S*N:">
<page>
<property>
<name>pyTempPlaceHolder</name>
<value  attr="@Z:??N:"></value>
</property>
</page>
</value>
</property>
<property>
<name>pyStepsTransParams</name>
<value  attr="@Z:L*NEmbed-ActivityTransitions:">
  <list>
<value  attr="@Z:S*NEmbed-ActivityTransitions:">
<page>
<property>
<name>pyStepsTransParamsWhenTrue</name>
<value  attr="@Z:sTN:"></value>
</property>
<property>
<name>pyStepsTransParamsWhenFalsePrms</name>
<value  attr="@Z:sTN:"></value>
</property>
<property>
<name>pyStepsTransParamsWhenTruePrms</name>
<value  attr="@Z:sTN:"></value>
</property>
<property>
<name>pxObjClass</name>
<value  attr="@Z:sIY:">Embed-ActivityTransitions</value>
</property>
<property>
<name>pyStepsTransParamsWhen</name>
<value  attr="@Z:sTN:"></value>
</property>
<property>
<name>pyStepsTransParamsWhenFalse</name>
<value  attr="@Z:sTN:"></value>
</property>
</page>
</value>
  </list>
</value>
</property>
<property>
<name>pyStepsPreCondParams</name>
<value  attr="@Z:L*NEmbed-ActivityPreConditions:">
  <list>
<value  attr="@Z:S*NEmbed-ActivityPreConditions:">
<page>
<property>
<name>pxObjClass</name>
<value  attr="@Z:sIY:">Embed-ActivityPreConditions</value>
</property>
<property>
<name>pyStepsPreCondParamsWhenTrue</name>
<value  attr="@Z:sTN:"></value>
</property>
<property>
<name>pyStepsPreCondParamsWhen</name>
<value  attr="@Z:sTN:"></value>
</property>
<property>
<name>pyStepsPreCondParamsWhenFalsePrms</name>
<value  attr="@Z:sTN:"></value>
</property>
<property>
<name>pyStepsPreCondParamsWhenFalse</name>
<value  attr="@Z:sTN:"></value>
</property>
<property>
<name>pyStepsPreCondParamsWhenTruePrms</name>
<value  attr="@Z:sTN:"></value>
</property>
</page>
</value>
  </list>
</value>
</property>
<property>
<name>pyParamArray</name>
<value  attr="@Z:L*N:">
  <list>
<value  attr="@Z:S*N:">
<page>
<property>
<name>pyTempPlaceHolder</name>
<value  attr="@Z:??N:"></value>
</property>
</page>
</value>
  </list>
</value>
</property>
</page>
</value>
<value  attr="@Z:S*NEmbed-ActivitySteps:">
<page>
<property>
<name>pyStepsBlockName</name>
<value  attr="@Z:sTN:"></value>
</property>
<property>
<name>pyStepsPreCondition</name>
<value  attr="@Z:sTN:"></value>
</property>
<property>
<name>pyStepsDescription</name>
<value  attr="@Z:sTN:">Set the test-run duration</value>
</property>
<property>
<name>pxObjClass</name>
<value  attr="@Z:sIY:">Embed-ActivitySteps</value>
</property>
<property>
<name>pyStepsTransition</name>
<value  attr="@Z:sTN:"></value>
</property>
<property>
<name>pyStepsActivityName</name>
<value  attr="@Z:sTN:">Property-Set</value>
</property>
<property>
<name>pyPassCurrentParameterPage</name>
<value  attr="@Z:sSN:"></value>
</property>
<property>
<name>pyStepsObjectName</name>
<value  attr="@Z:sTN:">TestRunMetadata</value>
</property>
<property>
<name>pyOnException</name>
<value  attr="@Z:sTN:"></value>
</property>
<property>
<name>pyStepsJavaSource</name>
<value  attr="@Z:sTN:"></value>
</property>
<property>
<name>pyStepsRepeatDef</name>
<value  attr="@Z:S*NEmbed-ActivityRepeat:">
<page>
<property>
<name>pyStepsRepeatDefLimit</name>
<value  attr="@Z:sTN:"></value>
</property>
<property>
<name>pyStepsRepeatDefStop</name>
<value  attr="@Z:sTN:"></value>
</property>
<property>
<name>pyStepsRepeatDefHasRepeat</name>
<value  attr="@Z:sTN:"></value>
</property>
<property>
<name>pxObjClass</name>
<value  attr="@Z:sIY:">Embed-ActivityRepeat</value>
</property>
<property>
<name>pyForEachProperty</name>
<value  attr="@Z:sTN:"></value>
</property>
<property>
<name>pyStepsRepeatDefIteration</name>
<value  attr="@Z:sTN:"></value>
</property>
<property>
<name>pyStepsRepeatDefStart</name>
<value  attr="@Z:sTN:"></value>
</property>
<property>
<name>pyForEachValidClasses</name>
<value  attr="@Z:L*NEmbed-ActivityForEachClasses:">
  <list>
<value  attr="@Z:S*NEmbed-ActivityForEachClasses:">
<page>
<property>
<name>pyForEachClass</name>
<value  attr="@Z:sTN:"></value>
</property>
<property>
<name>pxObjClass</name>
<value  attr="@Z:sIY:">Embed-ActivityForEachClasses</value>
</property>
</page>
</value>
  </list>
</value>
</property>
</page>
</value>
</property>
<property>
<name>pyStepsPageAliases</name>
<value  attr="@Z:S*N:">
<page>
<property>
<name>pyTempPlaceHolder</name>
<value  attr="@Z:??N:"></value>
</property>
</page>
</value>
</property>
<property>
<name>pyStepsCallParams</name>
<value  attr="@Z:S*N:">
<page>
<property>
<name>pyTempPlaceHolder</name>
<value  attr="@Z:s?N:">TempPlaceHolder</value>
</property>
</page>
</value>
</property>
<property>
<name>pyStepsTransParams</name>
<value  attr="@Z:L*NEmbed-ActivityTransitions:">
  <list>
<value  attr="@Z:S*NEmbed-ActivityTransitions:">
<page>
<property>
<name>pyStepsTransParamsWhenTrue</name>
<value  attr="@Z:sTN:"></value>
</property>
<property>
<name>pyStepsTransParamsWhenFalsePrms</name>
<value  attr="@Z:sTN:"></value>
</property>
<property>
<name>pyStepsTransParamsWhenTruePrms</name>
<value  attr="@Z:sTN:"></value>
</property>
<property>
<name>pxObjClass</name>
<value  attr="@Z:sIY:">Embed-ActivityTransitions</value>
</property>
<property>
<name>pyStepsTransParamsWhen</name>
<value  attr="@Z:sTN:"></value>
</property>
<property>
<name>pyStepsTransParamsWhenFalse</name>
<value  attr="@Z:sTN:"></value>
</property>
</page>
</value>
  </list>
</value>
</property>
<property>
<name>pyStepsPreCondParams</name>
<value  attr="@Z:L*NEmbed-ActivityPreConditions:">
  <list>
<value  attr="@Z:S*NEmbed-ActivityPreConditions:">
<page>
<property>
<name>pxObjClass</name>
<value  attr="@Z:sIY:">Embed-ActivityPreConditions</value>
</property>
<property>
<name>pyStepsPreCondParamsWhenTrue</name>
<value  attr="@Z:sTN:"></value>
</property>
<property>
<name>pyStepsPreCondParamsWhen</name>
<value  attr="@Z:sTN:"></value>
</property>
<property>
<name>pyStepsPreCondParamsWhenFalsePrms</name>
<value  attr="@Z:sTN:"></value>
</property>
<property>
<name>pyStepsPreCondParamsWhenFalse</name>
<value  attr="@Z:sTN:"></value>
</property>
<property>
<name>pyStepsPreCondParamsWhenTruePrms</name>
<value  attr="@Z:sTN:"></value>
</property>
</page>
</value>
  </list>
</value>
</property>
<property>
<name>pyParamArray</name>
<value  attr="@Z:L*N:">
  <list>
<value  attr="@Z:S*N:">
<page>
<property>
<name>PropertiesValue</name>
<value  attr="@Z:s?N:">local.EndTime - local.StartTime</value>
</property>
<property>
<name>PropertiesName</name>
<value  attr="@Z:s?N:">.Duration</value>
</property>
<property>
<name>pyTempPlaceHolder</name>
<value  attr="@Z:s?N:">TempPlaceHolder</value>
</property>
</page>
</value>
  </list>
</value>
</property>
</page>
</value>
<value  attr="@Z:S*NEmbed-ActivitySteps:">
<page>
<property>
<name>pyStepsBlockName</name>
<value  attr="@Z:sTN:">//</value>
</property>
<property>
<name>pyStepsPreCondition</name>
<value  attr="@Z:sTN:"></value>
</property>
<property>
<name>pyStepsDescription</name>
<value  attr="@Z:sTN:">Sort the results by success-flag</value>
</property>
<property>
<name>pxObjClass</name>
<value  attr="@Z:sIY:">Embed-ActivitySteps</value>
</property>
<property>
<name>pyStepsTransition</name>
<value  attr="@Z:sTN:"></value>
</property>
<property>
<name>pyStepsActivityName</name>
<value  attr="@Z:sTN:">Obj-Sort</value>
</property>
<property>
<name>pyPassCurrentParameterPage</name>
<value  attr="@Z:sSN:"></value>
</property>
<property>
<name>pyStepsObjectName</name>
<value  attr="@Z:sTN:">TestActivitiesPg</value>
</property>
<property>
<name>pyOnException</name>
<value  attr="@Z:sTN:"></value>
</property>
<property>
<name>pyStepsJavaSource</name>
<value  attr="@Z:sTN:"></value>
</property>
<property>
<name>pyStepsRepeatDef</name>
<value  attr="@Z:S*NEmbed-ActivityRepeat:">
<page>
<property>
<name>pyStepsRepeatDefLimit</name>
<value  attr="@Z:sTN:"></value>
</property>
<property>
<name>pyStepsRepeatDefStop</name>
<value  attr="@Z:sTN:"></value>
</property>
<property>
<name>pyStepsRepeatDefHasRepeat</name>
<value  attr="@Z:sTN:"></value>
</property>
<property>
<name>pxObjClass</name>
<value  attr="@Z:sIY:">Embed-ActivityRepeat</value>
</property>
<property>
<name>pyForEachProperty</name>
<value  attr="@Z:sTN:"></value>
</property>
<property>
<name>pyStepsRepeatDefIteration</name>
<value  attr="@Z:sTN:"></value>
</property>
<property>
<name>pyStepsRepeatDefStart</name>
<value  attr="@Z:sTN:"></value>
</property>
<property>
<name>pyForEachValidClasses</name>
<value  attr="@Z:L*NEmbed-ActivityForEachClasses:">
  <list>
<value  attr="@Z:S*NEmbed-ActivityForEachClasses:">
<page>
<property>
<name>pyForEachClass</name>
<value  attr="@Z:sTN:"></value>
</property>
<property>
<name>pxObjClass</name>
<value  attr="@Z:sIY:">Embed-ActivityForEachClasses</value>
</property>
</page>
</value>
  </list>
</value>
</property>
</page>
</value>
</property>
<property>
<name>pyStepsPageAliases</name>
<value  attr="@Z:S*N:">
<page>
<property>
<name>pyTempPlaceHolder</name>
<value  attr="@Z:??N:"></value>
</property>
</page>
</value>
</property>
<property>
<name>pyStepsCallParams</name>
<value  attr="@Z:S*N:">
<page>
<property>
<name>Class</name>
<value  attr="@Z:s?N:">UnitTest-TestActivity</value>
</property>
<property>
<name>pyTempPlaceHolder</name>
<value  attr="@Z:s?N:">TempPlaceHolder</value>
</property>
<property>
<name>PageListProperty</name>
<value  attr="@Z:s?N:">.pxResults</value>
</property>
</page>
</value>
</property>
<property>
<name>pyStepsTransParams</name>
<value  attr="@Z:L*NEmbed-ActivityTransitions:">
  <list>
<value  attr="@Z:S*NEmbed-ActivityTransitions:">
<page>
<property>
<name>pyStepsTransParamsWhenTrue</name>
<value  attr="@Z:sTN:"></value>
</property>
<property>
<name>pyStepsTransParamsWhenFalsePrms</name>
<value  attr="@Z:sTN:"></value>
</property>
<property>
<name>pyStepsTransParamsWhenTruePrms</name>
<value  attr="@Z:sTN:"></value>
</property>
<property>
<name>pxObjClass</name>
<value  attr="@Z:sIY:">Embed-ActivityTransitions</value>
</property>
<property>
<name>pyStepsTransParamsWhen</name>
<value  attr="@Z:sTN:"></value>
</property>
<property>
<name>pyStepsTransParamsWhenFalse</name>
<value  attr="@Z:sTN:"></value>
</property>
</page>
</value>
  </list>
</value>
</property>
<property>
<name>pyStepsPreCondParams</name>
<value  attr="@Z:L*NEmbed-ActivityPreConditions:">
  <list>
<value  attr="@Z:S*NEmbed-ActivityPreConditions:">
<page>
<property>
<name>pxObjClass</name>
<value  attr="@Z:sIY:">Embed-ActivityPreConditions</value>
</property>
<property>
<name>pyStepsPreCondParamsWhenTrue</name>
<value  attr="@Z:sTN:"></value>
</property>
<property>
<name>pyStepsPreCondParamsWhen</name>
<value  attr="@Z:sTN:"></value>
</property>
<property>
<name>pyStepsPreCondParamsWhenFalsePrms</name>
<value  attr="@Z:sTN:"></value>
</property>
<property>
<name>pyStepsPreCondParamsWhenFalse</name>
<value  attr="@Z:sTN:"></value>
</property>
<property>
<name>pyStepsPreCondParamsWhenTruePrms</name>
<value  attr="@Z:sTN:"></value>
</property>
</page>
</value>
  </list>
</value>
</property>
<property>
<name>pyParamArray</name>
<value  attr="@Z:L*N:">
  <list>
<value  attr="@Z:S*N:">
<page>
<property>
<name>pyTempPlaceHolder</name>
<value  attr="@Z:s?N:">TempPlaceHolder</value>
</property>
<property>
<name>Descending</name>
<value  attr="@Z:??N:"></value>
</property>
<property>
<name>SortProperty</name>
<value  attr="@Z:s?N:">.Success</value>
</property>
</page>
</value>
  </list>
</value>
</property>
</page>
</value>
<value  attr="@Z:S*NEmbed-ActivitySteps:">
<page>
<property>
<name>pyStepsBlockName</name>
<value  attr="@Z:sTN:"></value>
</property>
<property>
<name>pyStepsPreCondition</name>
<value  attr="@Z:sTN:"></value>
</property>
<property>
<name>pyStepsDescription</name>
<value  attr="@Z:sTN:">Sort the results by success-flag</value>
</property>
<property>
<name>pxObjClass</name>
<value  attr="@Z:sIY:">Embed-ActivitySteps</value>
</property>
<property>
<name>pyStepsTransition</name>
<value  attr="@Z:sTN:"></value>
</property>
<property>
<name>pyStepsActivityName</name>
<value  attr="@Z:sTN:">Java</value>
</property>
<property>
<name>pyPassCurrentParameterPage</name>
<value  attr="@Z:sSN:"></value>
</property>
<property>
<name>pyStepsObjectName</name>
<value  attr="@Z:sTN:">TestActivitiesPg</value>
</property>
<property>
<name>pyOnException</name>
<value  attr="@Z:sTN:"></value>
</property>
<property>
<name>pyStepsJavaSource</name>
<value  attr="@Z:sTN:">ClipboardPage stepPg;
ClipboardProperty pxResults;
ClipboardProperty testActivityPages[];
int loop, size;

stepPg = tools.getStepPage();
pxResults = stepPg.getProperty("pxResults");
size = pxResults.size();
testActivityPages = new ClipboardProperty[size];

// populate our array that will be sorted...
for (loop = 0; loop &lt; size; loop++) {
    testActivityPages[loop] = pxResults.getPropertyValue(loop+1);
}

// sort the array...
java.util.Arrays.sort(testActivityPages, new java.util.Comparator() {
  public int compare(Object aPg1, Object aPg2) {

    ClipboardProperty pg1, pg2;
    String s1Prop, s2Prop;

    pg1 = (ClipboardProperty)aPg1;
    pg2 = (ClipboardProperty)aPg2;
    s1Prop = pg1.getProperty("Success").getStringValue();
    s2Prop = pg2.getProperty("Success").getStringValue();
    return s1Prop.compareTo(s2Prop);
  }
});

// drop existing pxResults on step page...
for (loop = size; loop &gt; 0; loop--) {
  pxResults.remove(loop);
}

// re-populate list on step page using the sorted list...
for (loop = 0; loop &lt; size; loop++) {
  pxResults.add(loop+1, testActivityPages[loop]);
}</value>
</property>
<property>
<name>pyStepsRepeatDef</name>
<value  attr="@Z:S*NEmbed-ActivityRepeat:">
<page>
<property>
<name>pyStepsRepeatDefLimit</name>
<value  attr="@Z:sTN:"></value>
</property>
<property>
<name>pyStepsRepeatDefStop</name>
<value  attr="@Z:sTN:"></value>
</property>
<property>
<name>pyStepsRepeatDefHasRepeat</name>
<value  attr="@Z:sTN:"></value>
</property>
<property>
<name>pxObjClass</name>
<value  attr="@Z:sIY:">Embed-ActivityRepeat</value>
</property>
<property>
<name>pyForEachProperty</name>
<value  attr="@Z:sTN:"></value>
</property>
<property>
<name>pyStepsRepeatDefIteration</name>
<value  attr="@Z:sTN:"></value>
</property>
<property>
<name>pyStepsRepeatDefStart</name>
<value  attr="@Z:sTN:"></value>
</property>
<property>
<name>pyForEachValidClasses</name>
<value  attr="@Z:L*NEmbed-ActivityForEachClasses:">
  <list>
<value  attr="@Z:S*NEmbed-ActivityForEachClasses:">
<page>
<property>
<name>pyForEachClass</name>
<value  attr="@Z:sTN:"></value>
</property>
<property>
<name>pxObjClass</name>
<value  attr="@Z:sIY:">Embed-ActivityForEachClasses</value>
</property>
</page>
</value>
  </list>
</value>
</property>
</page>
</value>
</property>
<property>
<name>pyStepsPageAliases</name>
<value  attr="@Z:S*N:">
<page>
<property>
<name>pyTempPlaceHolder</name>
<value  attr="@Z:??N:"></value>
</property>
</page>
</value>
</property>
<property>
<name>pyStepsCallParams</name>
<value  attr="@Z:S*N:">
<page>
<property>
<name>pyTempPlaceHolder</name>
<value  attr="@Z:??N:"></value>
</property>
</page>
</value>
</property>
<property>
<name>pyStepsTransParams</name>
<value  attr="@Z:L*NEmbed-ActivityTransitions:">
  <list>
<value  attr="@Z:S*NEmbed-ActivityTransitions:">
<page>
<property>
<name>pyStepsTransParamsWhenTrue</name>
<value  attr="@Z:sTN:"></value>
</property>
<property>
<name>pyStepsTransParamsWhenFalsePrms</name>
<value  attr="@Z:sTN:"></value>
</property>
<property>
<name>pyStepsTransParamsWhenTruePrms</name>
<value  attr="@Z:sTN:"></value>
</property>
<property>
<name>pxObjClass</name>
<value  attr="@Z:sIY:">Embed-ActivityTransitions</value>
</property>
<property>
<name>pyStepsTransParamsWhen</name>
<value  attr="@Z:sTN:"></value>
</property>
<property>
<name>pyStepsTransParamsWhenFalse</name>
<value  attr="@Z:sTN:"></value>
</property>
</page>
</value>
  </list>
</value>
</property>
<property>
<name>pyStepsPreCondParams</name>
<value  attr="@Z:L*NEmbed-ActivityPreConditions:">
  <list>
<value  attr="@Z:S*NEmbed-ActivityPreConditions:">
<page>
<property>
<name>pxObjClass</name>
<value  attr="@Z:sIY:">Embed-ActivityPreConditions</value>
</property>
<property>
<name>pyStepsPreCondParamsWhenTrue</name>
<value  attr="@Z:sTN:"></value>
</property>
<property>
<name>pyStepsPreCondParamsWhen</name>
<value  attr="@Z:sTN:"></value>
</property>
<property>
<name>pyStepsPreCondParamsWhenFalsePrms</name>
<value  attr="@Z:sTN:"></value>
</property>
<property>
<name>pyStepsPreCondParamsWhenFalse</name>
<value  attr="@Z:sTN:"></value>
</property>
<property>
<name>pyStepsPreCondParamsWhenTruePrms</name>
<value  attr="@Z:sTN:"></value>
</property>
</page>
</value>
  </list>
</value>
</property>
<property>
<name>pyParamArray</name>
<value  attr="@Z:L*N:">
  <list>
<value  attr="@Z:S*N:">
<page>
<property>
<name>pyTempPlaceHolder</name>
<value  attr="@Z:??N:"></value>
</property>
</page>
</value>
  </list>
</value>
</property>
</page>
</value>
<value  attr="@Z:S*NEmbed-ActivitySteps:">
<page>
<property>
<name>pyStepsBlockName</name>
<value  attr="@Z:sTN:"></value>
</property>
<property>
<name>pyStepsPreCondition</name>
<value  attr="@Z:sTN:"></value>
</property>
<property>
<name>pyStepsDescription</name>
<value  attr="@Z:sTN:">Display the results-report screen</value>
</property>
<property>
<name>pxObjClass</name>
<value  attr="@Z:sIY:">Embed-ActivitySteps</value>
</property>
<property>
<name>pyStepsTransition</name>
<value  attr="@Z:sTN:"></value>
</property>
<property>
<name>pyStepsActivityName</name>
<value  attr="@Z:sTN:">Show-HTML</value>
</property>
<property>
<name>pyPassCurrentParameterPage</name>
<value  attr="@Z:sSN:"></value>
</property>
<property>
<name>pyStepsObjectName</name>
<value  attr="@Z:sTN:"></value>
</property>
<property>
<name>pyOnException</name>
<value  attr="@Z:sTN:"></value>
</property>
<property>
<name>pyStepsJavaSource</name>
<value  attr="@Z:sTN:"></value>
</property>
<property>
<name>pyStepsRepeatDef</name>
<value  attr="@Z:S*NEmbed-ActivityRepeat:">
<page>
<property>
<name>pyStepsRepeatDefLimit</name>
<value  attr="@Z:sTN:"></value>
</property>
<property>
<name>pyStepsRepeatDefStop</name>
<value  attr="@Z:sTN:"></value>
</property>
<property>
<name>pyStepsRepeatDefHasRepeat</name>
<value  attr="@Z:sTN:"></value>
</property>
<property>
<name>pxObjClass</name>
<value  attr="@Z:sIY:">Embed-ActivityRepeat</value>
</property>
<property>
<name>pyForEachProperty</name>
<value  attr="@Z:sTN:"></value>
</property>
<property>
<name>pyStepsRepeatDefIteration</name>
<value  attr="@Z:sTN:"></value>
</property>
<property>
<name>pyStepsRepeatDefStart</name>
<value  attr="@Z:sTN:"></value>
</property>
<property>
<name>pyForEachValidClasses</name>
<value  attr="@Z:L*NEmbed-ActivityForEachClasses:">
  <list>
<value  attr="@Z:S*NEmbed-ActivityForEachClasses:">
<page>
<property>
<name>pyForEachClass</name>
<value  attr="@Z:sTN:"></value>
</property>
<property>
<name>pxObjClass</name>
<value  attr="@Z:sIY:">Embed-ActivityForEachClasses</value>
</property>
</page>
</value>
  </list>
</value>
</property>
</page>
</value>
</property>
<property>
<name>pyStepsPageAliases</name>
<value  attr="@Z:S*N:">
<page>
<property>
<name>pyTempPlaceHolder</name>
<value  attr="@Z:??N:"></value>
</property>
</page>
</value>
</property>
<property>
<name>pyStepsCallParams</name>
<value  attr="@Z:S*N:">
<page>
<property>
<name>pyTempPlaceHolder</name>
<value  attr="@Z:s?N:">TempPlaceHolder</value>
</property>
<property>
<name>HTMLStream</name>
<value  attr="@Z:s?N:">TestResults</value>
</property>
<property>
<name>ReadOnly</name>
<value  attr="@Z:s?N:"></value>
</property>
<property>
<name>HTMLFrame</name>
<value  attr="@Z:s?N:"></value>
</property>
</page>
</value>
</property>
<property>
<name>pyStepsTransParams</name>
<value  attr="@Z:L*NEmbed-ActivityTransitions:">
  <list>
<value  attr="@Z:S*NEmbed-ActivityTransitions:">
<page>
<property>
<name>pyStepsTransParamsWhenTrue</name>
<value  attr="@Z:sTN:"></value>
</property>
<property>
<name>pyStepsTransParamsWhenFalsePrms</name>
<value  attr="@Z:sTN:"></value>
</property>
<property>
<name>pyStepsTransParamsWhenTruePrms</name>
<value  attr="@Z:sTN:"></value>
</property>
<property>
<name>pxObjClass</name>
<value  attr="@Z:sIY:">Embed-ActivityTransitions</value>
</property>
<property>
<name>pyStepsTransParamsWhen</name>
<value  attr="@Z:sTN:"></value>
</property>
<property>
<name>pyStepsTransParamsWhenFalse</name>
<value  attr="@Z:sTN:"></value>
</property>
</page>
</value>
  </list>
</value>
</property>
<property>
<name>pyStepsPreCondParams</name>
<value  attr="@Z:L*NEmbed-ActivityPreConditions:">
  <list>
<value  attr="@Z:S*NEmbed-ActivityPreConditions:">
<page>
<property>
<name>pxObjClass</name>
<value  attr="@Z:sIY:">Embed-ActivityPreConditions</value>
</property>
<property>
<name>pyStepsPreCondParamsWhenTrue</name>
<value  attr="@Z:sTN:"></value>
</property>
<property>
<name>pyStepsPreCondParamsWhen</name>
<value  attr="@Z:sTN:"></value>
</property>
<property>
<name>pyStepsPreCondParamsWhenFalsePrms</name>
<value  attr="@Z:sTN:"></value>
</property>
<property>
<name>pyStepsPreCondParamsWhenFalse</name>
<value  attr="@Z:sTN:"></value>
</property>
<property>
<name>pyStepsPreCondParamsWhenTruePrms</name>
<value  attr="@Z:sTN:"></value>
</property>
</page>
</value>
  </list>
</value>
</property>
<property>
<name>pyParamArray</name>
<value  attr="@Z:L*N:">
  <list>
<value  attr="@Z:S*N:">
<page>
<property>
<name>pyTempPlaceHolder</name>
<value  attr="@Z:s?N:">TempPlaceHolder</value>
</property>
</page>
</value>
  </list>
</value>
</property>
</page>
</value>
<value  attr="@Z:S*NEmbed-ActivitySteps:">
<page>
<property>
<name>pyStepsBlockName</name>
<value  attr="@Z:sTN:"></value>
</property>
<property>
<name>pyStepsPreCondition</name>
<value  attr="@Z:sTN:"></value>
</property>
<property>
<name>pyStepsDescription</name>
<value  attr="@Z:sTN:">Cleanup</value>
</property>
<property>
<name>pxObjClass</name>
<value  attr="@Z:sIY:">Embed-ActivitySteps</value>
</property>
<property>
<name>pyStepsTransition</name>
<value  attr="@Z:sTN:"></value>
</property>
<property>
<name>pyStepsActivityName</name>
<value  attr="@Z:sTN:">Page-Remove</value>
</property>
<property>
<name>pyPassCurrentParameterPage</name>
<value  attr="@Z:sSN:"></value>
</property>
<property>
<name>pyStepsObjectName</name>
<value  attr="@Z:sTN:"></value>
</property>
<property>
<name>pyOnException</name>
<value  attr="@Z:sTN:"></value>
</property>
<property>
<name>pyStepsJavaSource</name>
<value  attr="@Z:sTN:"></value>
</property>
<property>
<name>pyStepsRepeatDef</name>
<value  attr="@Z:S*NEmbed-ActivityRepeat:">
<page>
<property>
<name>pyStepsRepeatDefLimit</name>
<value  attr="@Z:sTN:"></value>
</property>
<property>
<name>pyStepsRepeatDefStop</name>
<value  attr="@Z:sTN:"></value>
</property>
<property>
<name>pyStepsRepeatDefHasRepeat</name>
<value  attr="@Z:sTN:"></value>
</property>
<property>
<name>pxObjClass</name>
<value  attr="@Z:sIY:">Embed-ActivityRepeat</value>
</property>
<property>
<name>pyForEachProperty</name>
<value  attr="@Z:sTN:"></value>
</property>
<property>
<name>pyStepsRepeatDefIteration</name>
<value  attr="@Z:sTN:"></value>
</property>
<property>
<name>pyStepsRepeatDefStart</name>
<value  attr="@Z:sTN:"></value>
</property>
<property>
<name>pyForEachValidClasses</name>
<value  attr="@Z:L*NEmbed-ActivityForEachClasses:">
  <list>
<value  attr="@Z:S*NEmbed-ActivityForEachClasses:">
<page>
<property>
<name>pyForEachClass</name>
<value  attr="@Z:sTN:"></value>
</property>
<property>
<name>pxObjClass</name>
<value  attr="@Z:sIY:">Embed-ActivityForEachClasses</value>
</property>
</page>
</value>
  </list>
</value>
</property>
</page>
</value>
</property>
<property>
<name>pyStepsPageAliases</name>
<value  attr="@Z:S*N:">
<page>
<property>
<name>pyTempPlaceHolder</name>
<value  attr="@Z:??N:"></value>
</property>
</page>
</value>
</property>
<property>
<name>pyStepsCallParams</name>
<value  attr="@Z:S*N:">
<page>
<property>
<name>pyTempPlaceHolder</name>
<value  attr="@Z:s?N:">TempPlaceHolder</value>
</property>
</page>
</value>
</property>
<property>
<name>pyStepsTransParams</name>
<value  attr="@Z:L*NEmbed-ActivityTransitions:">
  <list>
<value  attr="@Z:S*NEmbed-ActivityTransitions:">
<page>
<property>
<name>pyStepsTransParamsWhenTrue</name>
<value  attr="@Z:sTN:"></value>
</property>
<property>
<name>pyStepsTransParamsWhenFalsePrms</name>
<value  attr="@Z:sTN:"></value>
</property>
<property>
<name>pyStepsTransParamsWhenTruePrms</name>
<value  attr="@Z:sTN:"></value>
</property>
<property>
<name>pxObjClass</name>
<value  attr="@Z:sIY:">Embed-ActivityTransitions</value>
</property>
<property>
<name>pyStepsTransParamsWhen</name>
<value  attr="@Z:sTN:"></value>
</property>
<property>
<name>pyStepsTransParamsWhenFalse</name>
<value  attr="@Z:sTN:"></value>
</property>
</page>
</value>
  </list>
</value>
</property>
<property>
<name>pyStepsPreCondParams</name>
<value  attr="@Z:L*NEmbed-ActivityPreConditions:">
  <list>
<value  attr="@Z:S*NEmbed-ActivityPreConditions:">
<page>
<property>
<name>pxObjClass</name>
<value  attr="@Z:sIY:">Embed-ActivityPreConditions</value>
</property>
<property>
<name>pyStepsPreCondParamsWhenTrue</name>
<value  attr="@Z:sTN:"></value>
</property>
<property>
<name>pyStepsPreCondParamsWhen</name>
<value  attr="@Z:sTN:"></value>
</property>
<property>
<name>pyStepsPreCondParamsWhenFalsePrms</name>
<value  attr="@Z:sTN:"></value>
</property>
<property>
<name>pyStepsPreCondParamsWhenFalse</name>
<value  attr="@Z:sTN:"></value>
</property>
<property>
<name>pyStepsPreCondParamsWhenTruePrms</name>
<value  attr="@Z:sTN:"></value>
</property>
</page>
</value>
  </list>
</value>
</property>
<property>
<name>pyParamArray</name>
<value  attr="@Z:L*N:">
  <list>
<value  attr="@Z:S*N:">
<page>
<property>
<name>pyTempPlaceHolder</name>
<value  attr="@Z:s?N:">TempPlaceHolder</value>
</property>
<property>
<name>Page</name>
<value  attr="@Z:s?N:">TestRunMetadata</value>
</property>
</page>
</value>
<value  attr="@Z:S*N:">
<page>
<property>
<name>pyTempPlaceHolder</name>
<value  attr="@Z:s?N:">TempPlaceHolder</value>
</property>
<property>
<name>Page</name>
<value  attr="@Z:s?N:">TestActivitiesPg</value>
</property>
</page>
</value>
  </list>
</value>
</property>
</page>
</value>
  </list>
</value>
</property>
<property>
<name>pyActivityRolesList</name>
<value  attr="@Z:L*NEmbed-Rule-ActivitySecurity:">
  <list>
<value  attr="@Z:S*NEmbed-Rule-ActivitySecurity:">
<page>
<property>
<name>pxObjClass</name>
<value  attr="@Z:sIY:">Embed-Rule-ActivitySecurity</value>
</property>
<property>
<name>pyActivityRole</name>
<value  attr="@Z:sTN:"></value>
</property>
</page>
</value>
  </list>
</value>
</property>
<property>
<name>pxAllChangeList</name>
<value  attr="@Z:lIY:">
  <list>
  </list>
</value>
</property>
<property>
<name>pxWarnings</name>
<value  attr="@Z:L!YEmbed-Warning:">
  <list>
<value  attr="@Z:S!YEmbed-Warning:">
<page>
<property>
<name>pxWarningName</name>
<value  attr="@Z:sTY:">Java</value>
</property>
<property>
<name>pxWarningType</name>
<value  attr="@Z:sTY:">BestPractice</value>
</property>
<property>
<name>pxWarningDetails</name>
<value  attr="@Z:sTY:">41 lines</value>
</property>
<property>
<name>pxObjClass</name>
<value  attr="@Z:sIY:">Embed-Warning</value>
</property>
<property>
<name>pxWarningMessage</name>
<value  attr="@Z:sTY:">Reduce or eliminate Java steps whenever possible for ease of maintenance. This activity contains 41 lines of Java.</value>
</property>
<property>
<name>pxWarningSeverity</name>
<value  attr="@Z:sNY:">3</value>
</property>
<property>
<name>pzIndexes</name>
<value  attr="@Z:gNY:">
<page>
<property>
<name>Warnings</name>
<value  attr="@Z:sNY:">16</value>
</property>
</page>
</value>
</property>
</page>
</value>
  </list>
</value>
</property>
<property>
<name>pyLocalParameters</name>
<value  attr="@Z:L*NEmbed-MethodParams:">
  <list>
<value  attr="@Z:S*NEmbed-MethodParams:">
<page>
<property>
<name>pyParametersParamType</name>
<value  attr="@Z:sTN:">double</value>
</property>
<property>
<name>pyParametersParamName</name>
<value  attr="@Z:sTN:">StartTime</value>
</property>
<property>
<name>pxObjClass</name>
<value  attr="@Z:sIY:">Embed-MethodParams</value>
</property>
<property>
<name>pyParametersParamDesc</name>
<value  attr="@Z:sTN:">The start time of the test run</value>
</property>
</page>
</value>
<value  attr="@Z:S*NEmbed-MethodParams:">
<page>
<property>
<name>pyParametersParamType</name>
<value  attr="@Z:sTN:">double</value>
</property>
<property>
<name>pyParametersParamName</name>
<value  attr="@Z:sTN:">EndTime</value>
</property>
<property>
<name>pxObjClass</name>
<value  attr="@Z:sIY:">Embed-MethodParams</value>
</property>
<property>
<name>pyParametersParamDesc</name>
<value  attr="@Z:sTN:">The end time of the test run</value>
</property>
</page>
</value>
  </list>
</value>
</property>
</page>
