<?xml version="1.0"?>
<!DOCTYPE page [
  <!-- PegaCPAX.dtd 04-Aug-99 -->
  <!ELEMENT page (property)*>
  <!ATTLIST page
    name CDATA #IMPLIED
    handle CDATA #IMPLIED>
  <!ELEMENT property (name,value?)>
  <!ELEMENT name (#PCDATA)>
  <!ELEMENT value (#PCDATA|list|page)*>
  <!ATTLIST value attr CDATA #IMPLIED>
  <!ELEMENT list (value)*>
]>

<page>
<property>
<name>pxOriginalCreateOperator</name>
<value  attr="@Z:sTY:"></value>
</property>
<property>
<name>pyJavaGenerateTime</name>
<value  attr="@Z:sMN:">20070816T031522.421 GMT</value>
</property>
<property>
<name>pxInstanceLockedRuleSetVersion</name>
<value  attr="@Z:sTY:"></value>
</property>
<property>
<name>pxInsId</name>
<value  attr="@Z:sTY:">!ASSERTGREATERTHANEQUALTO_DBL</value>
</property>
<property>
<name>pxObjClass</name>
<value  attr="@Z:sIY:">Rule-Obj-Activity</value>
</property>
<property>
<name>pxOriginalCreateOpName</name>
<value  attr="@Z:sTY:"></value>
</property>
<property>
<name>pyCircumstanceDateProp</name>
<value  attr="@Z:sIN32:"></value>
</property>
<property>
<name>pyInputMayStart</name>
<value  attr="@Z:sSN:">true</value>
</property>
<property>
<name>pyLabelOld</name>
<value  attr="@Z:sTN:">Asserts param.aValue &gt;= param.GreaterThanEqualToValue</value>
</property>
<property>
<name>pxInstanceLockedRuleSet</name>
<value  attr="@Z:sTY:"></value>
</property>
<property>
<name>pxMoveImportDateTime</name>
<value  attr="@Z:sMY:">20070820T015244.234 GMT</value>
</property>
<property>
<name>pxUpdateOperator</name>
<value  attr="@Z:sTY:">dunir</value>
</property>
<property>
<name>pyMethodStatus</name>
<value  attr="@Z:stN10:"></value>
</property>
<property>
<name>pxInstanceLockedDateTime</name>
<value  attr="@Z:sMY:"></value>
</property>
<property>
<name>pxHostId</name>
<value  attr="@Z:sIY:">ffa9ff0db406ffca95c18d5f134ad2e1</value>
</property>
<property>
<name>pxCreateOperator</name>
<value  attr="@Z:sTY:">dunir</value>
</property>
<property>
<name>pyJavaStream</name>
<value  attr="@Z:sTN:"></value>
</property>
<property>
<name>pyJavaGenerateAPIVersion</name>
<value  attr="@Z:sTN:">03-02</value>
</property>
<property>
<name>pxInstanceLockedBy</name>
<value  attr="@Z:sTY:"></value>
</property>
<property>
<name>pzStatus</name>
<value  attr="@Z:siN:">false</value>
</property>
<property>
<name>pyActivityType</name>
<value  attr="@Z:stN:">ACTIVITY</value>
</property>
<property>
<name>pyStatus</name>
<value  attr="@Z:sTN:"></value>
</property>
<property>
<name>pyXMLSignature</name>
<value  attr="@Z:sTN20000:">&lt;methodSignature&gt;&lt;pyStepsCallParams&gt;&lt;aValue DESCRIPTION= "The value asserted to be greater-than or equal-to aGreaterThanEqualToValue" TYPE= "DOUBLE" REQUIRED= "-1" INOUT= "IN" SIZE="" SMARTPROMPT="N" SMARTPROMPTRULE="RULEKEY" SMARTPROMPTRULECLASS="" SMARTPROMPTBASECLASS="PageClass" SMARTPROMPTDATANODE="" DEFAULTVALUE="" /&gt;&lt;aGreaterThanEqualToValue DESCRIPTION= "The greater-than or equal-to value" TYPE= "DOUBLE" REQUIRED= "-1" INOUT= "IN" SIZE="" SMARTPROMPT="N" SMARTPROMPTRULE="RULEKEY" SMARTPROMPTRULECLASS="" SMARTPROMPTBASECLASS="PageClass" SMARTPROMPTDATANODE="" DEFAULTVALUE="" /&gt;&lt;aMessage DESCRIPTION= "The message to display when the exception is thrown" TYPE= "STRING" REQUIRED= "0" INOUT= "IN" SIZE="" SMARTPROMPT="N" SMARTPROMPTRULE="RULEKEY" SMARTPROMPTRULECLASS="" SMARTPROMPTBASECLASS="PageClass" SMARTPROMPTDATANODE="" DEFAULTVALUE="" /&gt;&lt;/pyStepsCallParams&gt;&lt;pyStepsPageAliases&gt;&lt;/pyStepsPageAliases&gt;&lt;/methodSignature&gt;</value>
</property>
<property>
<name>pxUpdateOpName</name>
<value  attr="@Z:sTY:">Robert Dunie</value>
</property>
<property>
<name>pyRuleStarts</name>
<value  attr="@Z:sMI:"></value>
</property>
<property>
<name>pzOriginalInstanceKey</name>
<value  attr="@Z:s?N:">RULE-OBJ-ACTIVITY UNITTEST-ASSERT ASSERTGREATERTHANEQUALTO_DBL #20070816T031338.265 GMT</value>
</property>
<property>
<name>pyAssociatedImage</name>
<value  attr="@Z:sTN:"></value>
</property>
<property>
<name>pyDescription</name>
<value  attr="@Z:sTN:">Asserts param.aValue is greater than or equal to param.GreaterThanEqualToValue.</value>
</property>
<property>
<name>pxInsName</name>
<value  attr="@Z:sIY:">UNITTEST-ASSERT!ASSERTGREATERTHANEQUALTO_DBL</value>
</property>
<property>
<name>pyRuleSetVersion</name>
<value  attr="@Z:sTN:">01-01-09</value>
</property>
<property>
<name>pzInsKey</name>
<value  attr="@Z:sIY255:">RULE-OBJ-ACTIVITY UNITTEST-ASSERT ASSERTGREATERTHANEQUALTO_DBL #20070816T031338.265 GMT</value>
</property>
<property>
<name>pxSiblingCount</name>
<value  attr="@Z:sNY:">1</value>
</property>
<property>
<name>pxOriginalCreateDateTime</name>
<value  attr="@Z:sMY:"></value>
</property>
<property>
<name>pyActivityName</name>
<value  attr="@Z:sTN:">AssertGreaterThanEqualTo_dbl</value>
</property>
<property>
<name>pzIndexCount</name>
<value  attr="@Z:sNY:">2</value>
</property>
<property>
<name>pxInstanceLockedKey</name>
<value  attr="@Z:sTY:"></value>
</property>
<property>
<name>pyOldActivityType</name>
<value  attr="@Z:sTN:">ACTIVITY</value>
</property>
<property>
<name>pyAuthenticatedOnly</name>
<value  attr="@Z:sSN:">false</value>
</property>
<property>
<name>pxOriginalCreateSystemID</name>
<value  attr="@Z:sTY:"></value>
</property>
<property>
<name>pyCircumstanceDate</name>
<value  attr="@Z:sMN:"></value>
</property>
<property>
<name>pxCreateOpName</name>
<value  attr="@Z:sTY:">Robert Dunie</value>
</property>
<property>
<name>pxUpdateSystemID</name>
<value  attr="@Z:sTY:">wfe</value>
</property>
<property>
<name>pyJavaGenerateVersion</name>
<value  attr="@Z:sTN:">03-01-01</value>
</property>
<property>
<name>pyUsage</name>
<value  attr="@Z:sTN:">UnitTest RuleSet - An xUnit-style framework for unit testing
Copyright (C) 2006  Paul R. Evans

This library is free software; you can redistribute it and/or
modify it under the terms of the GNU Lesser General Public
License as published by the Free Software Foundation; either
version 2.1 of the License, or (at your option) any later version.

This library is distributed in the hope that it will be useful,
but WITHOUT ANY WARRANTY; without even the implied warranty of
MERCHANTABILITY or FITNESS FOR A PARTICULAR PURPOSE.  See the GNU
Lesser General Public License for more details.

You should have received a copy of the GNU Lesser General Public
License along with this library; if not, write to the Free Software
Foundation, Inc., 51 Franklin St, Fifth Floor, Boston, MA  02110-1301  USA</value>
</property>
<property>
<name>pyCircumstanceProp</name>
<value  attr="@Z:sTN32:"></value>
</property>
<property>
<name>pyTaskStatusXml</name>
<value  attr="@Z:sTN:">&lt;pagedata&gt;&lt;/pagedata&gt;</value>
</property>
<property>
<name>pyClassName</name>
<value  attr="@Z:siN:">UnitTest-Assert</value>
</property>
<property>
<name>pyHistoryObject</name>
<value  attr="@Z:sSN:">false</value>
</property>
<property>
<name>pyValueChanged</name>
<value  attr="@Z:sTN:">false</value>
</property>
<property>
<name>pxMoveImportOperName</name>
<value  attr="@Z:sTY:">Paul Evans</value>
</property>
<property>
<name>pyJavaFUAVersion</name>
<value  attr="@Z:sTN:">03-02</value>
</property>
<property>
<name>pxMoveImportOperId</name>
<value  attr="@Z:sTY:">paul</value>
</property>
<property>
<name>pyJavaClassName</name>
<value  attr="@Z:sIN:">Rule_Obj_Activity_UnitTest_Assert_AssertGreaterThanEqualTo_dbl_20070816T031403_140_GMT</value>
</property>
<property>
<name>pxLimitedAccess</name>
<value  attr="@Z:stY:">Dev</value>
</property>
<property>
<name>pyLabel</name>
<value  attr="@Z:sTN64:">Asserts param.aValue &gt;= param.GreaterThanEqualToValue</value>
</property>
<property>
<name>pxServerReqURI</name>
<value  attr="@Z:sTY:">/prweb/PRServlet</value>
</property>
<property>
<name>pyRuleSet</name>
<value  attr="@Z:sIN:">UnitTest</value>
</property>
<property>
<name>pyRuleName</name>
<value  attr="@Z:sTY255:">AssertGreaterThanEqualTo_dbl</value>
</property>
<property>
<name>pyRuleEnds</name>
<value  attr="@Z:sMI:"></value>
</property>
<property>
<name>pyRuleAvailable</name>
<value  attr="@Z:siN:">Yes</value>
</property>
<property>
<name>pyInterface</name>
<value  attr="@Z:sIN64:"></value>
</property>
<property>
<name>pyCircumstanceVal</name>
<value  attr="@Z:sTN64:"></value>
</property>
<property>
<name>pxUpdateDateTime</name>
<value  attr="@Z:sMY:">20070816T031523.140 GMT</value>
</property>
<property>
<name>pxCreateDateTime</name>
<value  attr="@Z:sMY:">20070816T031338.265 GMT</value>
</property>
<property>
<name>pxMoveOriginalKey</name>
<value  attr="@Z:sTY:">RULE-OBJ-ACTIVITY UNITTEST-ASSERT ASSERTGREATERTHANEQUALTO_DBL #20070816T031338.265 GMT</value>
</property>
<property>
<name>pxMoveFromSystem</name>
<value  attr="@Z:sTY:">wfe</value>
</property>
<property>
<name>pxCreateSystemID</name>
<value  attr="@Z:sTY:">wfe</value>
</property>
<property>
<name>pyPagesAndClasses</name>
<value  attr="@Z:L*NEmbed-PagesAndClasses:">
  <list>
<value  attr="@Z:S*NEmbed-PagesAndClasses:">
<page>
<property>
<name>pyPagesAndClassesClass</name>
<value  attr="@Z:sTN:"></value>
</property>
<property>
<name>pyPagesAndClassesPage</name>
<value  attr="@Z:sTN:"></value>
</property>
<property>
<name>pxObjClass</name>
<value  attr="@Z:sIY:">Embed-PagesAndClasses</value>
</property>
<property>
<name>pyPagesAndClassesMode</name>
<value  attr="@Z:siN:"></value>
</property>
</page>
</value>
  </list>
</value>
</property>
<property>
<name>pxNamedPageReferences</name>
<value  attr="@Z:L*YEmbed-Reference-NamedPage:">
  <list>
  </list>
</value>
</property>
<property>
<name>pyActivityPrivilegeList</name>
<value  attr="@Z:L*NEmbed-Rule-PrivilegeSecurity:">
  <list>
<value  attr="@Z:S*NEmbed-Rule-PrivilegeSecurity:">
<page>
<property>
<name>pyPrivilegeName</name>
<value  attr="@Z:sTN:"></value>
</property>
<property>
<name>pyPrivilegeClass</name>
<value  attr="@Z:sIN:">UnitTest-Assert</value>
</property>
<property>
<name>pxObjClass</name>
<value  attr="@Z:sIY:">Embed-Rule-PrivilegeSecurity</value>
</property>
</page>
</value>
  </list>
</value>
</property>
<property>
<name>pyParameters</name>
<value  attr="@Z:L*NEmbed-MethodParams:">
  <list>
<value  attr="@Z:S*NEmbed-MethodParams:">
<page>
<property>
<name>pyParametersParamType</name>
<value  attr="@Z:sTN:">DOUBLE</value>
</property>
<property>
<name>pyParametersParamDefaultValue</name>
<value  attr="@Z:sTN:"></value>
</property>
<property>
<name>pyParametersParamIntelliValidateAs</name>
<value  attr="@Z:sTN:"></value>
</property>
<property>
<name>pyParametersParamReq</name>
<value  attr="@Z:sTN:">Y</value>
</property>
<property>
<name>pyParametersParamIntelliRule</name>
<value  attr="@Z:sTN:"></value>
</property>
<property>
<name>pyParametersParamName</name>
<value  attr="@Z:sTN:">aValue</value>
</property>
<property>
<name>pyParametersParamIntelliBaseClass</name>
<value  attr="@Z:sTN:">PageClass</value>
</property>
<property>
<name>pxObjClass</name>
<value  attr="@Z:sIY:">Embed-MethodParams</value>
</property>
<property>
<name>pyParametersParamDesc</name>
<value  attr="@Z:sTN:">The value asserted to be greater-than or equal-to aGreaterThanEqualToValue</value>
</property>
<property>
<name>pyParametersParamInOut</name>
<value  attr="@Z:sTN:">IN</value>
</property>
</page>
</value>
<value  attr="@Z:S*NEmbed-MethodParams:">
<page>
<property>
<name>pyParametersParamType</name>
<value  attr="@Z:sTN:">DOUBLE</value>
</property>
<property>
<name>pyParametersParamDefaultValue</name>
<value  attr="@Z:sTN:"></value>
</property>
<property>
<name>pyParametersParamIntelliValidateAs</name>
<value  attr="@Z:sTN:"></value>
</property>
<property>
<name>pyParametersParamReq</name>
<value  attr="@Z:sTN:">Y</value>
</property>
<property>
<name>pyParametersParamIntelliRule</name>
<value  attr="@Z:sTN:"></value>
</property>
<property>
<name>pyParametersParamName</name>
<value  attr="@Z:sTN:">aGreaterThanEqualToValue</value>
</property>
<property>
<name>pyParametersParamIntelliBaseClass</name>
<value  attr="@Z:sTN:"></value>
</property>
<property>
<name>pxObjClass</name>
<value  attr="@Z:sIY:">Embed-MethodParams</value>
</property>
<property>
<name>pyParametersParamDesc</name>
<value  attr="@Z:sTN:">The greater-than or equal-to value</value>
</property>
<property>
<name>pyParametersParamInOut</name>
<value  attr="@Z:sTN:">IN</value>
</property>
</page>
</value>
<value  attr="@Z:S*NEmbed-MethodParams:">
<page>
<property>
<name>pyParametersParamType</name>
<value  attr="@Z:sTN:">STRING</value>
</property>
<property>
<name>pyParametersParamDefaultValue</name>
<value  attr="@Z:sTN:"></value>
</property>
<property>
<name>pyParametersParamIntelliValidateAs</name>
<value  attr="@Z:sTN:"></value>
</property>
<property>
<name>pyParametersParamReq</name>
<value  attr="@Z:sTN:">N</value>
</property>
<property>
<name>pyParametersParamIntelliRule</name>
<value  attr="@Z:sTN:"></value>
</property>
<property>
<name>pyParametersParamName</name>
<value  attr="@Z:sTN:">aMessage</value>
</property>
<property>
<name>pyParametersParamIntelliBaseClass</name>
<value  attr="@Z:sTN:"></value>
</property>
<property>
<name>pxObjClass</name>
<value  attr="@Z:sIY:">Embed-MethodParams</value>
</property>
<property>
<name>pyParametersParamDesc</name>
<value  attr="@Z:sTN:">The message to display when the exception is thrown</value>
</property>
<property>
<name>pyParametersParamInOut</name>
<value  attr="@Z:sTN:">IN</value>
</property>
</page>
</value>
  </list>
</value>
</property>
<property>
<name>pxAPIMethodReferences</name>
<value  attr="@Z:L*YEmbed-Reference-APIMethod:">
  <list>
  </list>
</value>
</property>
<property>
<name>pxRuleReferences</name>
<value  attr="@Z:L*YEmbed-Reference-Rule:">
  <list>
<value  attr="@Z:S*YEmbed-Reference-Rule:">
<page>
<property>
<name>pxRuleClassName</name>
<value  attr="@Z:sIY:">UnitTest-Assert</value>
</property>
<property>
<name>pxObjClass</name>
<value  attr="@Z:sIY:">Embed-Reference-Rule</value>
</property>
<property>
<name>pxRuleObjClass</name>
<value  attr="@Z:sIY:">Rule-Obj-Class</value>
</property>
<property>
<name>pxRuleFamilyName</name>
<value  attr="@Z:sTY:">UNITTEST-ASSERT</value>
</property>
<property>
<name>pzIndexes</name>
<value  attr="@Z:gNY:">
<page>
<property>
<name>RuleReference</name>
<value  attr="@Z:sNY:">0</value>
</property>
</page>
</value>
</property>
</page>
</value>
  </list>
</value>
</property>
<property>
<name>pySteps</name>
<value  attr="@Z:L*NEmbed-ActivitySteps:">
  <list>
<value  attr="@Z:S*NEmbed-ActivitySteps:">
<page>
<property>
<name>pyStepsBlockName</name>
<value  attr="@Z:sTN:"></value>
</property>
<property>
<name>pyStepsPreCondition</name>
<value  attr="@Z:sTN:"></value>
</property>
<property>
<name>pyStepsDescription</name>
<value  attr="@Z:sTN:">Perform comparison</value>
</property>
<property>
<name>pxObjClass</name>
<value  attr="@Z:sIY:">Embed-ActivitySteps</value>
</property>
<property>
<name>pyStepsTransition</name>
<value  attr="@Z:sTN:"></value>
</property>
<property>
<name>pyStepsActivityName</name>
<value  attr="@Z:sTN:">Java</value>
</property>
<property>
<name>pyPassCurrentParameterPage</name>
<value  attr="@Z:sSN:">false</value>
</property>
<property>
<name>pyStepsObjectName</name>
<value  attr="@Z:sTN:"></value>
</property>
<property>
<name>pyOnException</name>
<value  attr="@Z:sTN:"></value>
</property>
<property>
<name>pyStepsJavaSource</name>
<value  attr="@Z:sTN:">double aValue = Double.parseDouble(tools.getParamValue("aValue"));
double aGreaterThanEqualToValue = Double.parseDouble(tools.getParamValue("aGreaterThanEqualToValue"));

// perform the comparison...
if (!(aValue &gt;= aGreaterThanEqualToValue)) {
    throw new RuntimeException("aValue: " + aValue + " is not greater than or equal to: " + aGreaterThanEqualToValue + ". [" + tools.getParamValue("aMessage") + "]");
}</value>
</property>
<property>
<name>pyStepsRepeatDef</name>
<value  attr="@Z:S*NEmbed-ActivityRepeat:">
<page>
<property>
<name>pyStepsRepeatDefLimit</name>
<value  attr="@Z:sTN:"></value>
</property>
<property>
<name>pyStepsRepeatDefStop</name>
<value  attr="@Z:sTN:"></value>
</property>
<property>
<name>pyStepsRepeatDefHasRepeat</name>
<value  attr="@Z:sTN:"></value>
</property>
<property>
<name>pxObjClass</name>
<value  attr="@Z:sIY:">Embed-ActivityRepeat</value>
</property>
<property>
<name>pyForEachProperty</name>
<value  attr="@Z:sTN:"></value>
</property>
<property>
<name>pyStepsRepeatDefIteration</name>
<value  attr="@Z:sTN:"></value>
</property>
<property>
<name>pyStepsRepeatDefStart</name>
<value  attr="@Z:sTN:"></value>
</property>
<property>
<name>pyForEachValidClasses</name>
<value  attr="@Z:L*NEmbed-ActivityForEachClasses:">
  <list>
<value  attr="@Z:S*NEmbed-ActivityForEachClasses:">
<page>
<property>
<name>pyForEachClass</name>
<value  attr="@Z:sTN:"></value>
</property>
<property>
<name>pxObjClass</name>
<value  attr="@Z:sIY:">Embed-ActivityForEachClasses</value>
</property>
</page>
</value>
  </list>
</value>
</property>
</page>
</value>
</property>
<property>
<name>pyStepsPageAliases</name>
<value  attr="@Z:S*N:">
<page>
<property>
<name>pyTempPlaceHolder</name>
<value  attr="@Z:s?N:">TempPlaceHolder</value>
</property>
</page>
</value>
</property>
<property>
<name>pyStepsCallParams</name>
<value  attr="@Z:S*N:">
<page>
<property>
<name>pyTempPlaceHolder</name>
<value  attr="@Z:s?N:">TempPlaceHolder</value>
</property>
</page>
</value>
</property>
<property>
<name>pyStepsTransParams</name>
<value  attr="@Z:L*NEmbed-ActivityTransitions:">
  <list>
<value  attr="@Z:S*NEmbed-ActivityTransitions:">
<page>
<property>
<name>pyStepsTransParamsWhenTrue</name>
<value  attr="@Z:sTN:">2</value>
</property>
<property>
<name>pyStepsTransParamsWhenFalsePrms</name>
<value  attr="@Z:sTN:"></value>
</property>
<property>
<name>pyStepsTransParamsWhenTruePrms</name>
<value  attr="@Z:sTN:"></value>
</property>
<property>
<name>pxObjClass</name>
<value  attr="@Z:sIY:">Embed-ActivityTransitions</value>
</property>
<property>
<name>pyStepsTransParamsWhen</name>
<value  attr="@Z:sTN:"></value>
</property>
<property>
<name>pyStepsTransParamsWhenFalse</name>
<value  attr="@Z:sTN:">2</value>
</property>
</page>
</value>
  </list>
</value>
</property>
<property>
<name>pyStepsPreCondParams</name>
<value  attr="@Z:L*NEmbed-ActivityPreConditions:">
  <list>
<value  attr="@Z:S*NEmbed-ActivityPreConditions:">
<page>
<property>
<name>pxObjClass</name>
<value  attr="@Z:sIY:">Embed-ActivityPreConditions</value>
</property>
<property>
<name>pyStepsPreCondParamsWhenTrue</name>
<value  attr="@Z:sTN:">2</value>
</property>
<property>
<name>pyStepsPreCondParamsWhen</name>
<value  attr="@Z:sTN:"></value>
</property>
<property>
<name>pyStepsPreCondParamsWhenFalsePrms</name>
<value  attr="@Z:sTN:"></value>
</property>
<property>
<name>pyStepsPreCondParamsWhenFalse</name>
<value  attr="@Z:sTN:">2</value>
</property>
<property>
<name>pyStepsPreCondParamsWhenTruePrms</name>
<value  attr="@Z:sTN:"></value>
</property>
</page>
</value>
  </list>
</value>
</property>
<property>
<name>pyParamArray</name>
<value  attr="@Z:L*N:">
  <list>
<value  attr="@Z:S*N:">
<page>
<property>
<name>pyTempPlaceHolder</name>
<value  attr="@Z:s?N:">TempPlaceHolder</value>
</property>
</page>
</value>
  </list>
</value>
</property>
</page>
</value>
  </list>
</value>
</property>
<property>
<name>pyActivityRolesList</name>
<value  attr="@Z:L*NEmbed-Rule-ActivitySecurity:">
  <list>
<value  attr="@Z:S*NEmbed-Rule-ActivitySecurity:">
<page>
<property>
<name>pxObjClass</name>
<value  attr="@Z:sIY:">Embed-Rule-ActivitySecurity</value>
</property>
<property>
<name>pyActivityRole</name>
<value  attr="@Z:sTN:"></value>
</property>
</page>
</value>
  </list>
</value>
</property>
<property>
<name>pxAllChangeList</name>
<value  attr="@Z:lIY:">
  <list>
  </list>
</value>
</property>
<property>
<name>pxWarnings</name>
<value  attr="@Z:L!YEmbed-Warning:">
  <list>
<value  attr="@Z:S!YEmbed-Warning:">
<page>
<property>
<name>pxWarningName</name>
<value  attr="@Z:sTY:">Java</value>
</property>
<property>
<name>pxWarningType</name>
<value  attr="@Z:sTY:">BestPractice</value>
</property>
<property>
<name>pxWarningDetails</name>
<value  attr="@Z:sTY:">7 lines</value>
</property>
<property>
<name>pxObjClass</name>
<value  attr="@Z:sIY:">Embed-Warning</value>
</property>
<property>
<name>pxWarningMessage</name>
<value  attr="@Z:sTY:">Reduce or eliminate Java steps whenever possible for ease of maintenance. This activity contains 7 lines of Java.</value>
</property>
<property>
<name>pxWarningSeverity</name>
<value  attr="@Z:sNY:">3</value>
</property>
<property>
<name>pzIndexes</name>
<value  attr="@Z:gNY:">
<page>
<property>
<name>Warnings</name>
<value  attr="@Z:sNY:">1</value>
</property>
</page>
</value>
</property>
</page>
</value>
  </list>
</value>
</property>
<property>
<name>pyLocalParameters</name>
<value  attr="@Z:L*NEmbed-MethodParams:">
  <list>
<value  attr="@Z:S*NEmbed-MethodParams:">
<page>
<property>
<name>pyParametersParamType</name>
<value  attr="@Z:sTN:"></value>
</property>
<property>
<name>pyParametersParamName</name>
<value  attr="@Z:sTN:"></value>
</property>
<property>
<name>pxObjClass</name>
<value  attr="@Z:sIY:">Embed-MethodParams</value>
</property>
<property>
<name>pyParametersParamDesc</name>
<value  attr="@Z:sTN:"></value>
</property>
</page>
</value>
  </list>
</value>
</property>
</page>
