<?xml version="1.0"?>
<!DOCTYPE page [
  <!-- PegaCPAX.dtd 04-Aug-99 -->
  <!ELEMENT page (property)*>
  <!ATTLIST page
    name CDATA #IMPLIED
    handle CDATA #IMPLIED>
  <!ELEMENT property (name,value?)>
  <!ELEMENT name (#PCDATA)>
  <!ELEMENT value (#PCDATA|list|page)*>
  <!ATTLIST value attr CDATA #IMPLIED>
  <!ELEMENT list (value)*>
]>

<page>
<property>
<name>pxOriginalCreateOperator</name>
<value  attr="@Z:sTY:"></value>
</property>
<property>
<name>pxInstanceLockedRuleSetVersion</name>
<value  attr="@Z:sTY:"></value>
</property>
<property>
<name>pxInsId</name>
<value  attr="@Z:sTY:">UNITTEST!01-01-04</value>
</property>
<property>
<name>pxObjClass</name>
<value  attr="@Z:sIY:">Rule-RuleSet-Version</value>
</property>
<property>
<name>pxOriginalCreateOpName</name>
<value  attr="@Z:sTY:"></value>
</property>
<property>
<name>pyCircumstanceDateProp</name>
<value  attr="@Z:sIN32:"></value>
</property>
<property>
<name>pyLabelOld</name>
<value  attr="@Z:sTN:">xUnit style unit testing framework</value>
</property>
<property>
<name>pxInstanceLockedRuleSet</name>
<value  attr="@Z:sTY:"></value>
</property>
<property>
<name>pxMoveImportDateTime</name>
<value  attr="@Z:sMY:">20070820T015244.234 GMT</value>
</property>
<property>
<name>pxUpdateOperator</name>
<value  attr="@Z:sTY:">paul</value>
</property>
<property>
<name>pyMethodStatus</name>
<value  attr="@Z:stN10:"></value>
</property>
<property>
<name>pyVersionSecure</name>
<value  attr="@Z:sSN:">false</value>
</property>
<property>
<name>pyRuleSetVersionEffectiveDate</name>
<value  attr="@Z:sDN:">20050817</value>
</property>
<property>
<name>pxInstanceLockedDateTime</name>
<value  attr="@Z:sMY:"></value>
</property>
<property>
<name>pxHostId</name>
<value  attr="@Z:sIY:">ffa9ff0db406ffca95c18d5f134ad2e1</value>
</property>
<property>
<name>pxCreateOperator</name>
<value  attr="@Z:sTY:">paul</value>
</property>
<property>
<name>pyJavaStream</name>
<value  attr="@Z:sTN:"></value>
</property>
<property>
<name>pyRuleSetName</name>
<value  attr="@Z:sTN64:">UnitTest</value>
</property>
<property>
<name>pxInstanceLockedBy</name>
<value  attr="@Z:sTY:"></value>
</property>
<property>
<name>pzStatus</name>
<value  attr="@Z:siN:">false</value>
</property>
<property>
<name>pyVersionPasswordEntered</name>
<value  attr="@Z:sPN:"></value>
</property>
<property>
<name>pxUpdateOpName</name>
<value  attr="@Z:sTY:">Paul Evans</value>
</property>
<property>
<name>pyRuleSetVersionID</name>
<value  attr="@Z:sTN:">01-01-04</value>
</property>
<property>
<name>pyRuleStarts</name>
<value  attr="@Z:sMI:"></value>
</property>
<property>
<name>pzOriginalInstanceKey</name>
<value  attr="@Z:s?N:">RULE-RULESET-VERSION UNITTEST 01-01-04</value>
</property>
<property>
<name>pyVersionFormEditPwd</name>
<value  attr="@Z:sPN:"></value>
</property>
<property>
<name>pyDescription</name>
<value  attr="@Z:sTN:">+ Modified so that test activities that start with "UT_" will also be included in batch-run</value>
</property>
<property>
<name>pxInsName</name>
<value  attr="@Z:sIY:">UNITTEST!01-01-04</value>
</property>
<property>
<name>pzInsKey</name>
<value  attr="@Z:sIY255:">RULE-RULESET-VERSION UNITTEST 01-01-04</value>
</property>
<property>
<name>pyRuleSetVersion</name>
<value  attr="@Z:sTN:"></value>
</property>
<property>
<name>pyVersionPassword</name>
<value  attr="@Z:sPN:"></value>
</property>
<property>
<name>pxSiblingCount</name>
<value  attr="@Z:sNY:">1</value>
</property>
<property>
<name>pxOriginalCreateDateTime</name>
<value  attr="@Z:sMY:"></value>
</property>
<property>
<name>pyRequiresApproval</name>
<value  attr="@Z:sSN:">false</value>
</property>
<property>
<name>pxInstanceLockedKey</name>
<value  attr="@Z:sTY:"></value>
</property>
<property>
<name>pyWorkKey</name>
<value  attr="@Z:sIN:"></value>
</property>
<property>
<name>pxOriginalCreateSystemID</name>
<value  attr="@Z:sTY:"></value>
</property>
<property>
<name>pyCircumstanceDate</name>
<value  attr="@Z:sMN:"></value>
</property>
<property>
<name>pxUpdateSystemID</name>
<value  attr="@Z:sTY:">wfe</value>
</property>
<property>
<name>pxCreateOpName</name>
<value  attr="@Z:sTY:">Paul Evans</value>
</property>
<property>
<name>pyUsage</name>
<value  attr="@Z:sTN:">UnitTest RuleSet - An xUnit-style framework for unit testing
Copyright (C) 2006  Paul R. Evans

This library is free software; you can redistribute it and/or
modify it under the terms of the GNU Lesser General Public
License as published by the Free Software Foundation; either
version 2.1 of the License, or (at your option) any later version.

This library is distributed in the hope that it will be useful,
but WITHOUT ANY WARRANTY; without even the implied warranty of
MERCHANTABILITY or FITNESS FOR A PARTICULAR PURPOSE.  See the GNU
Lesser General Public License for more details.

You should have received a copy of the GNU Lesser General Public
License along with this library; if not, write to the Free Software
Foundation, Inc., 51 Franklin St, Fifth Floor, Boston, MA  02110-1301  USA</value>
</property>
<property>
<name>pyCircumstanceProp</name>
<value  attr="@Z:sTN32:"></value>
</property>
<property>
<name>pyHistoryObject</name>
<value  attr="@Z:sSN:">false</value>
</property>
<property>
<name>pyValueChanged</name>
<value  attr="@Z:sTN:">false</value>
</property>
<property>
<name>pxMoveImportOperName</name>
<value  attr="@Z:sTY:">Paul Evans</value>
</property>
<property>
<name>pxMoveImportOperId</name>
<value  attr="@Z:sTY:">paul</value>
</property>
<property>
<name>pxLimitedAccess</name>
<value  attr="@Z:stY:">Dev</value>
</property>
<property>
<name>pyLabel</name>
<value  attr="@Z:sTN64:">xUnit style unit testing framework</value>
</property>
<property>
<name>pxServerReqURI</name>
<value  attr="@Z:sTY:">/prweb/PRServlet</value>
</property>
<property>
<name>pyRuleName</name>
<value  attr="@Z:sTY255:">UnitTest 01-01-04</value>
</property>
<property>
<name>pyRuleSet</name>
<value  attr="@Z:sIN:">UnitTest</value>
</property>
<property>
<name>pyRuleEnds</name>
<value  attr="@Z:sMI:"></value>
</property>
<property>
<name>pyRuleAvailable</name>
<value  attr="@Z:siN:">Yes</value>
</property>
<property>
<name>pyInterface</name>
<value  attr="@Z:sIN64:"></value>
</property>
<property>
<name>pyCircumstanceVal</name>
<value  attr="@Z:sTN64:"></value>
</property>
<property>
<name>pxCreateDateTime</name>
<value  attr="@Z:sMY:">20070426T170634.375 GMT</value>
</property>
<property>
<name>pxUpdateDateTime</name>
<value  attr="@Z:sMY:">20070621T205532.046 GMT</value>
</property>
<property>
<name>pxCreateSystemID</name>
<value  attr="@Z:sTY:">wfe</value>
</property>
<property>
<name>pxMoveFromSystem</name>
<value  attr="@Z:sTY:">wfe</value>
</property>
<property>
<name>pyRequiresRuleSetVersion</name>
<value  attr="@Z:lIN:">
  <list>
<value  attr="@Z:sIN:">Pega-ProCom:04-02-33</value>
  </list>
</value>
</property>
<property>
<name>pyPagesAndClasses</name>
<value  attr="@Z:L*NEmbed-PagesAndClasses:">
  <list>
<value  attr="@Z:S*NEmbed-PagesAndClasses:">
<page>
<property>
<name>pyPagesAndClassesClass</name>
<value  attr="@Z:sTN:"></value>
</property>
<property>
<name>pyPagesAndClassesPage</name>
<value  attr="@Z:sTN:"></value>
</property>
<property>
<name>pxObjClass</name>
<value  attr="@Z:sIY:">Embed-PagesAndClasses</value>
</property>
</page>
</value>
  </list>
</value>
</property>
<property>
<name>pxAllChangeList</name>
<value  attr="@Z:lIY:">
  <list>
  </list>
</value>
</property>
<property>
<name>pxWarnings</name>
<value  attr="@Z:L!YEmbed-Warning:">
  <list>
  </list>
</value>
</property>
</page>
