<?xml version="1.0"?>
<!DOCTYPE page [
  <!-- PegaCPAX.dtd 04-Aug-99 -->
  <!ELEMENT page (property)*>
  <!ATTLIST page
    name CDATA #IMPLIED
    handle CDATA #IMPLIED>
  <!ELEMENT property (name,value?)>
  <!ELEMENT name (#PCDATA)>
  <!ELEMENT value (#PCDATA|list|page)*>
  <!ATTLIST value attr CDATA #IMPLIED>
  <!ELEMENT list (value)*>
]>

<page>
<property>
<name>pxOriginalCreateOperator</name>
<value  attr="@Z:sTY:"></value>
</property>
<property>
<name>pxInstanceLockedRuleSetVersion</name>
<value  attr="@Z:sTY:"></value>
</property>
<property>
<name>pxInsId</name>
<value  attr="@Z:sTY:">PRUNIT_JS</value>
</property>
<property>
<name>pxObjClass</name>
<value  attr="@Z:sIY:">Rule-HTML-Fragment</value>
</property>
<property>
<name>pxOriginalCreateOpName</name>
<value  attr="@Z:sTY:"></value>
</property>
<property>
<name>pyCircumstanceDateProp</name>
<value  attr="@Z:sIN32:"></value>
</property>
<property>
<name>pyLabelOld</name>
<value  attr="@Z:sTN:">Contains the RunAllUnitTests javascript function definition</value>
</property>
<property>
<name>pxInstanceLockedRuleSet</name>
<value  attr="@Z:sTY:"></value>
</property>
<property>
<name>pxMoveImportDateTime</name>
<value  attr="@Z:sMY:">20070820T015244.234 GMT</value>
</property>
<property>
<name>pxUpdateOperator</name>
<value  attr="@Z:sTY:">paul</value>
</property>
<property>
<name>pyMethodStatus</name>
<value  attr="@Z:stN10:"></value>
</property>
<property>
<name>pySourceStream</name>
<value  attr="@Z:sTN:">&lt;script&gt;

{literal}

  function RunAllUnitTests() {
      //var strWindowSize;
      //var unitTestsResultsWindow;
 
      var rulesetList = document.getElementById("TestRuleSet");
      var selectedRuleset = rulesetList.options[rulesetList.selectedIndex].value; 

      //strWindowSize = getCenteredWindowSizeString(600, 1000);
      //unitTestsResultsWindow = window.open(requestURI + '?pyActivity=UnitTest-.RunAllUnitTests&amp;TestRuleSet=' + selectedRuleset, 
      //    'UnitTestResults', 
       //   'toolbar=no,location=no,status=no,menubar=no,scrollbars=yes,resizable=yes,' + strWindowSize);

	var url = new SafeURL("UnitTest-.RunAllUnitTests");
	url.put("TestRuleSet", selectedRuleset);
	openUrlInWindow(url, "UnitTestResults", PopupWindowFeatures + "," + QueryFormSize);
  }

{/literal}

&lt;/script&gt;</value>
</property>
<property>
<name>pxInstanceLockedDateTime</name>
<value  attr="@Z:sMY:"></value>
</property>
<property>
<name>pxHostId</name>
<value  attr="@Z:sIY:">ffa9ff0db406ffca95c18d5f134ad2e1</value>
</property>
<property>
<name>pxCreateOperator</name>
<value  attr="@Z:sTY:">paul</value>
</property>
<property>
<name>pyJavaStream</name>
<value  attr="@Z:sTN:"></value>
</property>
<property>
<name>pyJavaGenerateAPIVersion</name>
<value  attr="@Z:sTN:">04-01</value>
</property>
<property>
<name>pxInstanceLockedBy</name>
<value  attr="@Z:sTY:"></value>
</property>
<property>
<name>pzStatus</name>
<value  attr="@Z:siN:">false</value>
</property>
<property>
<name>pyXMLSignature</name>
<value  attr="@Z:sIN:">&lt;methodSignature&gt;&lt;pyStepsPageAliases&gt;&lt;/pyStepsPageAliases&gt;&lt;/methodSignature&gt;</value>
</property>
<property>
<name>pyStatus</name>
<value  attr="@Z:sTN:"></value>
</property>
<property>
<name>pxUpdateOpName</name>
<value  attr="@Z:sTY:">Paul Evans</value>
</property>
<property>
<name>pyRuleStarts</name>
<value  attr="@Z:sMI:"></value>
</property>
<property>
<name>pyCorrType</name>
<value  attr="@Z:siN:"></value>
</property>
<property>
<name>pzOriginalInstanceKey</name>
<value  attr="@Z:s?N:">RULE-HTML-FRAGMENT PRUNIT_JS #20070815T032058.562 GMT</value>
</property>
<property>
<name>pyDescription</name>
<value  attr="@Z:sTN:">Contains the definition of the RunAllUnitTests() javascript function</value>
</property>
<property>
<name>pxInsName</name>
<value  attr="@Z:sIY:">PRUNIT_JS</value>
</property>
<property>
<name>pzInsKey</name>
<value  attr="@Z:sIY255:">RULE-HTML-FRAGMENT PRUNIT_JS #20070815T032058.562 GMT</value>
</property>
<property>
<name>pyRuleSetVersion</name>
<value  attr="@Z:sTN:">01-01-08</value>
</property>
<property>
<name>pxOriginalCreateDateTime</name>
<value  attr="@Z:sMY:"></value>
</property>
<property>
<name>pxInstanceLockedKey</name>
<value  attr="@Z:sTY:"></value>
</property>
<property>
<name>pyWorkKey</name>
<value  attr="@Z:sIN:"></value>
</property>
<property>
<name>pxOriginalCreateSystemID</name>
<value  attr="@Z:sTY:"></value>
</property>
<property>
<name>pyCircumstanceDate</name>
<value  attr="@Z:sMN:"></value>
</property>
<property>
<name>pxUpdateSystemID</name>
<value  attr="@Z:sTY:">wfe</value>
</property>
<property>
<name>pxCreateOpName</name>
<value  attr="@Z:sTY:">Paul Evans</value>
</property>
<property>
<name>pyCompact</name>
<value  attr="@Z:sSN:">false</value>
</property>
<property>
<name>pyUsage</name>
<value  attr="@Z:sTN:">UnitTest RuleSet - An xUnit-style framework for unit testing
Copyright (C) 2006  Paul R. Evans

This library is free software; you can redistribute it and/or
modify it under the terms of the GNU Lesser General Public
License as published by the Free Software Foundation; either
version 2.1 of the License, or (at your option) any later version.

This library is distributed in the hope that it will be useful,
but WITHOUT ANY WARRANTY; without even the implied warranty of
MERCHANTABILITY or FITNESS FOR A PARTICULAR PURPOSE.  See the GNU
Lesser General Public License for more details.

You should have received a copy of the GNU Lesser General Public
License along with this library; if not, write to the Free Software
Foundation, Inc., 51 Franklin St, Fifth Floor, Boston, MA  02110-1301  USA</value>
</property>
<property>
<name>pyCircumstanceProp</name>
<value  attr="@Z:sTN32:"></value>
</property>
<property>
<name>pyHistoryObject</name>
<value  attr="@Z:sSN:">false</value>
</property>
<property>
<name>pyValueChanged</name>
<value  attr="@Z:sTN:">false</value>
</property>
<property>
<name>pxMoveImportOperName</name>
<value  attr="@Z:sTY:">Paul Evans</value>
</property>
<property>
<name>pxMoveImportOperId</name>
<value  attr="@Z:sTY:">paul</value>
</property>
<property>
<name>pyStreamName</name>
<value  attr="@Z:sIN64:">PRUnit_js</value>
</property>
<property>
<name>pyJavaClassName</name>
<value  attr="@Z:sIN:">Rule_HTML_Fragment_PRUnit_js__20070815T032900_312_GMT</value>
</property>
<property>
<name>pxLimitedAccess</name>
<value  attr="@Z:stY:">Dev</value>
</property>
<property>
<name>pyLabel</name>
<value  attr="@Z:sTN64:">Contains the RunAllUnitTests javascript function definition</value>
</property>
<property>
<name>pxServerReqURI</name>
<value  attr="@Z:sTY:">/prweb/PRServlet</value>
</property>
<property>
<name>pyRuleName</name>
<value  attr="@Z:sTY255:">PRUnit_js</value>
</property>
<property>
<name>pyRuleSet</name>
<value  attr="@Z:sIN:">UnitTest</value>
</property>
<property>
<name>pyRuleEnds</name>
<value  attr="@Z:sMI:"></value>
</property>
<property>
<name>pyRuleAvailable</name>
<value  attr="@Z:siN:">Yes</value>
</property>
<property>
<name>pyInterface</name>
<value  attr="@Z:sIN64:"></value>
</property>
<property>
<name>pyCircumstanceVal</name>
<value  attr="@Z:sTN64:"></value>
</property>
<property>
<name>pxCreateDateTime</name>
<value  attr="@Z:sMY:">20070815T032058.562 GMT</value>
</property>
<property>
<name>pxUpdateDateTime</name>
<value  attr="@Z:sMY:">20070815T032906.500 GMT</value>
</property>
<property>
<name>pxMoveOriginalKey</name>
<value  attr="@Z:sTY:">RULE-HTML-FRAGMENT PRUNIT_JS #20070815T032058.562 GMT</value>
</property>
<property>
<name>pxMoveFromSystem</name>
<value  attr="@Z:sTY:">wfe</value>
</property>
<property>
<name>pxCreateSystemID</name>
<value  attr="@Z:sTY:">wfe</value>
</property>
<property>
<name>pyPagesAndClasses</name>
<value  attr="@Z:L*NEmbed-PagesAndClasses:">
  <list>
<value  attr="@Z:S*NEmbed-PagesAndClasses:">
<page>
<property>
<name>pyPagesAndClassesClass</name>
<value  attr="@Z:sTN:"></value>
</property>
<property>
<name>pyPagesAndClassesPage</name>
<value  attr="@Z:sTN:"></value>
</property>
<property>
<name>pxObjClass</name>
<value  attr="@Z:sIY:">Embed-PagesAndClasses</value>
</property>
</page>
</value>
  </list>
</value>
</property>
<property>
<name>pxWarnings</name>
<value  attr="@Z:L!YEmbed-Warning:">
  <list>
  </list>
</value>
</property>
</page>
