<?xml version="1.0"?>
<!DOCTYPE page [
  <!-- PegaCPAX.dtd 04-Aug-99 -->
  <!ELEMENT page (property)*>
  <!ATTLIST page
    name CDATA #IMPLIED
    handle CDATA #IMPLIED>
  <!ELEMENT property (name,value?)>
  <!ELEMENT name (#PCDATA)>
  <!ELEMENT value (#PCDATA|list|page)*>
  <!ATTLIST value attr CDATA #IMPLIED>
  <!ELEMENT list (value)*>
]>

<page>
<property>
<name>pxOriginalCreateOperator</name>
<value  attr="@Z:sTY:"></value>
</property>
<property>
<name>pxInstanceLockedRuleSetVersion</name>
<value  attr="@Z:sTY:"></value>
</property>
<property>
<name>pxInsId</name>
<value  attr="@Z:sTY:">!TESTRESULTS</value>
</property>
<property>
<name>pxObjClass</name>
<value  attr="@Z:sIY:">Rule-Obj-HTML</value>
</property>
<property>
<name>pxOriginalCreateOpName</name>
<value  attr="@Z:sTY:"></value>
</property>
<property>
<name>pyCircumstanceDateProp</name>
<value  attr="@Z:sIN32:"></value>
</property>
<property>
<name>pyLabelOld</name>
<value  attr="@Z:sTN:">Report showing the results of running the unit test activities</value>
</property>
<property>
<name>pxInstanceLockedRuleSet</name>
<value  attr="@Z:sTY:"></value>
</property>
<property>
<name>pxMoveImportDateTime</name>
<value  attr="@Z:sMY:">20070820T015244.234 GMT</value>
</property>
<property>
<name>pxUpdateOperator</name>
<value  attr="@Z:sTY:">paul</value>
</property>
<property>
<name>pyMethodStatus</name>
<value  attr="@Z:stN10:"></value>
</property>
<property>
<name>pySourceStream</name>
<value  attr="@Z:sTN:">&lt;html&gt;

&lt;head&gt;
  &lt;SCRIPT src="httprequestscript.js" type="text/javascript"&gt;&lt;/SCRIPT&gt;
  &lt;SCRIPT id="PRScripts" src="prscripts.js" type="text/javascript"&gt;&lt;/SCRIPT&gt;
  &lt;script src="workSpaceUtils.js" type="text/javascript"&gt;&lt;/script&gt;
  &lt;script src="desktopsharedscript.js" type="text/javascript"&gt;&lt;/script&gt;
  &lt;script id="HashtableId" src="Hashtable.js" type="text/javascript"&gt;&lt;/script&gt;
  &lt;script id="safeURLId" src="safeURL.js" type="text/javascript"&gt;&lt;/script&gt;
  &lt;script id="desktopwrapperapi" src="desktopwrapperapi.js" type="text/javascript"&gt;&lt;/script&gt;
  &lt;script id="desktopwrappersupportcommon" src="desktopwrappersupportcommon.js" type="text/javascript"&gt;&lt;/script&gt;
  &lt;script id="desktopwrappersupport" src="desktopwrappersupport.js" type="text/javascript"&gt;&lt;/script&gt;
&lt;/head&gt;

&lt;body style="margin: 5,5,5,5"&gt;

&lt;h3&gt;Unit Test Results:&lt;/h3&gt;
&lt;table border="1" cellpadding="3" cellspacing="3"&gt;
  &lt;tr&gt;
    &lt;th align="right"&gt;Number of test activities:&lt;/th&gt;
    &lt;td align="left"&gt;{TestActivitiesPg.pxResultCount}&lt;/td&gt;
  &lt;/tr&gt;
  &lt;tr&gt;
    &lt;th align="right"&gt;Total time to run all test activities (in seconds):&lt;/th&gt; 
    &lt;td align="left"&gt;{java}appendString("" + (Double.parseDouble(tools.findPage("TestRunMetadata").getProperty("Duration").getStringValue()) / 1000)); {/java}&lt;/td&gt;
  &lt;/tr&gt;
  &lt;tr&gt;
    &lt;th align="right"&gt;Number of successes:&lt;/th&gt;
    &lt;td align="left" bgcolor="{% 
Integer.parseInt(tools.findPage("TestRunMetadata").getProperty("NumSuccesses").getStringValue()) == 
Integer.parseInt(tools.findPage("TestActivitiesPg").getProperty("pxResultCount").getStringValue()) 
    ? "#66FF33" : "#FFFFFF" %}"&gt;{TestRunMetadata.NumSuccesses}&lt;/td&gt;

  &lt;/tr&gt;
  &lt;tr&gt;
    &lt;th align="right"&gt;Number of failures:&lt;/th&gt; 
    &lt;td align="left" bgcolor="{% 
Integer.parseInt(tools.findPage("TestRunMetadata").getProperty("NumFailures").getStringValue()) &gt; 0 
    ? "FF3333" : "#FFFFFF" %}"&gt;{TestRunMetadata.NumFailures}&lt;/td&gt;
  &lt;/tr&gt;
&lt;/table&gt;
&lt;hr /&gt;
&lt;h3&gt;Non-batch test activities:&lt;/h3&gt;
&lt;table border="1" cellpadding="3" cellspacing="3"&gt;
  &lt;tr&gt;
    &lt;th&gt;Activity Name&lt;/th&gt;
    &lt;th&gt;Activity Class&lt;/th&gt;
    &lt;th&gt;Activity Description&lt;/th&gt;
    &lt;th&gt;Create Operator&lt;/th&gt;
    &lt;th&gt;Last Update Operator&lt;/th&gt;
  &lt;/tr&gt;
  {foreach TestActivitiesPg.pxResults}
    {when $THIS.IsBatch == "false"}
      &lt;tr style="cursor:hand" onclick="openRule('{$THIS.InstanceKey}', true, false)"&gt;
	&lt;td nowrap&gt;{$THIS.Name}&lt;/td&gt;
      	&lt;td&gt;{$THIS.Class}&lt;/td&gt;
      	&lt;td&gt;{$THIS.Description}&amp;nbsp;&lt;/td&gt;
      	&lt;td&gt;{$THIS.CreateOpName}&lt;/td&gt;
      	&lt;td&gt;{$THIS.LastUpdateOpName}&lt;/td&gt;
      &lt;/tr&gt;
    {/when}
  {/foreach}
&lt;/table&gt;
&lt;hr /&gt;
&lt;h3&gt;Test activities containing 'Show-XXX' steps:&lt;/h3&gt;
&lt;table border="1" cellpadding="3" cellspacing="3"&gt;
  &lt;tr&gt;
    &lt;th&gt;Activity Name&lt;/th&gt;
    &lt;th&gt;Activity Class&lt;/th&gt;
    &lt;th&gt;Activity Description&lt;/th&gt;
    &lt;th&gt;Create Operator&lt;/th&gt;
    &lt;th&gt;Last Update Operator&lt;/th&gt;
    &lt;th&gt;Success?&lt;/th&gt;
  &lt;/tr&gt;
  {foreach TestActivitiesPg.pxResults}
    {when $THIS.IsBatch == "true" &amp;&amp; $THIS.ContainsShowStep == "true"}
      &lt;tr style="cursor:hand" onclick="openRule('{$THIS.InstanceKey}', true, false)"&gt;
	&lt;td nowrap&gt;{$THIS.Name}&lt;/td&gt;
      	&lt;td&gt;{$THIS.Class}&lt;/td&gt;
      	&lt;td&gt;{$THIS.Description}&amp;nbsp;&lt;/td&gt;
      	&lt;td&gt;{$THIS.CreateOpName}&lt;/td&gt;
      	&lt;td&gt;{$THIS.LastUpdateOpName}&lt;/td&gt;
         &lt;td bgcolor="#FF333"&gt;Not Executed&lt;/td&gt;
      &lt;/tr&gt;
    {/when}
  {/foreach}
&lt;/table&gt;
&lt;hr /&gt;
&lt;h3&gt;Test-runs Detail:&lt;/h3&gt;
&lt;table border="1" cellpadding="3" cellspacing="3" onclick='return ViewTable_onclick()' ondblclick='return ViewTable_ondblclick()'&gt;
  &lt;tr&gt;
    &lt;th&gt;Activity Name&lt;/th&gt;
    &lt;th&gt;Activity Class&lt;/th&gt;
    &lt;th&gt;Activity Description&lt;/th&gt;
    &lt;th&gt;Create Operator&lt;/th&gt;
    &lt;th&gt;Last Update Operator&lt;/th&gt;
    &lt;th&gt;Success?&lt;/th&gt;
    &lt;th&gt;Message&lt;/th&gt;
  &lt;/tr&gt;
  {foreach TestActivitiesPg.pxResults}
    {when $THIS.IsBatch == "true" &amp;&amp; $THIS.ContainsShowStep == "false"}
      {when $THIS.Success == "true"}
        &lt;tr bgcolor="#66FF33" style="cursor:hand" onclick="openRule('{$THIS.InstanceKey}', true, false)"&gt;
      {else}
        &lt;tr bgcolor="#FF3333" style="cursor:hand" onclick="openRule('{$THIS.InstanceKey}', true, false)"&gt;
      {/when}
 
        &lt;td nowrap&gt;{$THIS.Name}&lt;/td&gt;
        &lt;td&gt;{$THIS.Class}&lt;/td&gt;
        &lt;td&gt;{$THIS.Description}&amp;nbsp;&lt;/td&gt;
        &lt;td&gt;{$THIS.CreateOpName}&lt;/td&gt;
        &lt;td&gt;{$THIS.LastUpdateOpName}&lt;/td&gt;
        &lt;td&gt;{$THIS.Success}&lt;/td&gt;
        &lt;td&gt;{$THIS.Message}&amp;nbsp;&lt;/td&gt;
      &lt;/tr&gt;
    {/when}
  {/foreach}
&lt;/table&gt;

&lt;/body&gt;

&lt;/html&gt;</value>
</property>
<property>
<name>pxInstanceLockedDateTime</name>
<value  attr="@Z:sMY:"></value>
</property>
<property>
<name>pxHostId</name>
<value  attr="@Z:sIY:">ffa9ff0db406ffca95c18d5f134ad2e1</value>
</property>
<property>
<name>pxCreateOperator</name>
<value  attr="@Z:sTY:">paul</value>
</property>
<property>
<name>pyJavaStream</name>
<value  attr="@Z:sTN:"></value>
</property>
<property>
<name>pyJavaGenerateAPIVersion</name>
<value  attr="@Z:sTN:">04-01</value>
</property>
<property>
<name>pxInstanceLockedBy</name>
<value  attr="@Z:sTY:"></value>
</property>
<property>
<name>pzStatus</name>
<value  attr="@Z:siN:">false</value>
</property>
<property>
<name>pyStatus</name>
<value  attr="@Z:sTN:"></value>
</property>
<property>
<name>pyXMLSignature</name>
<value  attr="@Z:sIN:">&lt;methodSignature&gt;&lt;pyStepsPageAliases&gt;&lt;/pyStepsPageAliases&gt;&lt;/methodSignature&gt;</value>
</property>
<property>
<name>pxUpdateOpName</name>
<value  attr="@Z:sTY:">Paul Evans</value>
</property>
<property>
<name>pyRuleStarts</name>
<value  attr="@Z:sMI:"></value>
</property>
<property>
<name>pyCorrType</name>
<value  attr="@Z:siN:"></value>
</property>
<property>
<name>pzOriginalInstanceKey</name>
<value  attr="@Z:s?N:">RULE-OBJ-HTML UNITTEST- TESTRESULTS #20070609T141516.750 GMT</value>
</property>
<property>
<name>pyDescription</name>
<value  attr="@Z:sTN:">Report screen showing the results of running each of the unit test activities.</value>
</property>
<property>
<name>pxInsName</name>
<value  attr="@Z:sIY:">UNITTEST-!TESTRESULTS</value>
</property>
<property>
<name>pzInsKey</name>
<value  attr="@Z:sIY255:">RULE-OBJ-HTML UNITTEST- TESTRESULTS #20070609T141516.750 GMT</value>
</property>
<property>
<name>pyRuleSetVersion</name>
<value  attr="@Z:sTN:">01-01-05</value>
</property>
<property>
<name>pxOriginalCreateDateTime</name>
<value  attr="@Z:sMY:"></value>
</property>
<property>
<name>pzIndexCount</name>
<value  attr="@Z:sNY:">1</value>
</property>
<property>
<name>pxInstanceLockedKey</name>
<value  attr="@Z:sTY:"></value>
</property>
<property>
<name>pxOriginalCreateSystemID</name>
<value  attr="@Z:sTY:"></value>
</property>
<property>
<name>pyCircumstanceDate</name>
<value  attr="@Z:sMN:"></value>
</property>
<property>
<name>pxCreateOpName</name>
<value  attr="@Z:sTY:">Paul Evans</value>
</property>
<property>
<name>pxUpdateSystemID</name>
<value  attr="@Z:sTY:">wfe</value>
</property>
<property>
<name>pyCompact</name>
<value  attr="@Z:sSN:">false</value>
</property>
<property>
<name>pyUsage</name>
<value  attr="@Z:sTN:">UnitTest RuleSet - An xUnit-style framework for unit testing
Copyright (C) 2006  Paul R. Evans

This library is free software; you can redistribute it and/or
modify it under the terms of the GNU Lesser General Public
License as published by the Free Software Foundation; either
version 2.1 of the License, or (at your option) any later version.

This library is distributed in the hope that it will be useful,
but WITHOUT ANY WARRANTY; without even the implied warranty of
MERCHANTABILITY or FITNESS FOR A PARTICULAR PURPOSE.  See the GNU
Lesser General Public License for more details.

You should have received a copy of the GNU Lesser General Public
License along with this library; if not, write to the Free Software
Foundation, Inc., 51 Franklin St, Fifth Floor, Boston, MA  02110-1301  USA</value>
</property>
<property>
<name>pyCircumstanceProp</name>
<value  attr="@Z:sTN32:"></value>
</property>
<property>
<name>pyClassName</name>
<value  attr="@Z:siN:">UnitTest-</value>
</property>
<property>
<name>pyHistoryObject</name>
<value  attr="@Z:sSN:">false</value>
</property>
<property>
<name>pyValueChanged</name>
<value  attr="@Z:sTN:">false</value>
</property>
<property>
<name>pxMoveImportOperName</name>
<value  attr="@Z:sTY:">Paul Evans</value>
</property>
<property>
<name>pxMoveImportOperId</name>
<value  attr="@Z:sTY:">paul</value>
</property>
<property>
<name>pyStreamName</name>
<value  attr="@Z:sIN:">TestResults</value>
</property>
<property>
<name>pyJavaClassName</name>
<value  attr="@Z:sIN:">Rule_Obj_HTML_UnitTest__TestResults__20070609T141543_593_GMT</value>
</property>
<property>
<name>pxLimitedAccess</name>
<value  attr="@Z:stY:">Dev</value>
</property>
<property>
<name>pyLabel</name>
<value  attr="@Z:sTN64:">Report showing the results of running the unit test activities</value>
</property>
<property>
<name>pxServerReqURI</name>
<value  attr="@Z:sTY:">/prweb/PRServlet</value>
</property>
<property>
<name>pyRuleName</name>
<value  attr="@Z:sTY255:">TestResults</value>
</property>
<property>
<name>pyRuleSet</name>
<value  attr="@Z:sIN:">UnitTest</value>
</property>
<property>
<name>pyRuleEnds</name>
<value  attr="@Z:sMI:"></value>
</property>
<property>
<name>pyRuleAvailable</name>
<value  attr="@Z:siN:">Yes</value>
</property>
<property>
<name>pyInterface</name>
<value  attr="@Z:sIN64:"></value>
</property>
<property>
<name>pyCircumstanceVal</name>
<value  attr="@Z:sTN64:"></value>
</property>
<property>
<name>pxUpdateDateTime</name>
<value  attr="@Z:sMY:">20070609T150835.328 GMT</value>
</property>
<property>
<name>pxCreateDateTime</name>
<value  attr="@Z:sMY:">20070609T141516.750 GMT</value>
</property>
<property>
<name>pxMoveOriginalKey</name>
<value  attr="@Z:sTY:">RULE-OBJ-HTML UNITTEST- TESTRESULTS #20070609T141516.750 GMT</value>
</property>
<property>
<name>pxMoveFromSystem</name>
<value  attr="@Z:sTY:">wfe</value>
</property>
<property>
<name>pxCreateSystemID</name>
<value  attr="@Z:sTY:">wfe</value>
</property>
<property>
<name>pyPagesAndClasses</name>
<value  attr="@Z:L*NEmbed-PagesAndClasses:">
  <list>
<value  attr="@Z:S*NEmbed-PagesAndClasses:">
<page>
<property>
<name>pyPagesAndClassesClass</name>
<value  attr="@Z:sTN:"></value>
</property>
<property>
<name>pyPagesAndClassesPage</name>
<value  attr="@Z:sTN:"></value>
</property>
<property>
<name>pxObjClass</name>
<value  attr="@Z:sIY:">Embed-PagesAndClasses</value>
</property>
<property>
<name>pyPagesAndClassesMode</name>
<value  attr="@Z:siN:"></value>
</property>
</page>
</value>
  </list>
</value>
</property>
<property>
<name>pxNamedPageReferences</name>
<value  attr="@Z:L*YEmbed-Reference-NamedPage:">
  <list>
  </list>
</value>
</property>
<property>
<name>pxAPIMethodReferences</name>
<value  attr="@Z:L*YEmbed-Reference-APIMethod:">
  <list>
  </list>
</value>
</property>
<property>
<name>pxRuleReferences</name>
<value  attr="@Z:L*YEmbed-Reference-Rule:">
  <list>
<value  attr="@Z:S*YEmbed-Reference-Rule:">
<page>
<property>
<name>pxRuleClassName</name>
<value  attr="@Z:sIY:">UnitTest-</value>
</property>
<property>
<name>pxObjClass</name>
<value  attr="@Z:sIY:">Embed-Reference-Rule</value>
</property>
<property>
<name>pxRuleObjClass</name>
<value  attr="@Z:sIY:">Rule-Obj-Class</value>
</property>
<property>
<name>pxRuleFamilyName</name>
<value  attr="@Z:sTY:">UNITTEST-</value>
</property>
<property>
<name>pzIndexes</name>
<value  attr="@Z:gNY:">
<page>
<property>
<name>RuleReference</name>
<value  attr="@Z:sNY:">0</value>
</property>
</page>
</value>
</property>
</page>
</value>
  </list>
</value>
</property>
<property>
<name>pyIndirectIncludes</name>
<value  attr="@Z:L*NEmbed-Alias:">
  <list>
<value  attr="@Z:S*NEmbed-Alias:">
<page>
<property>
<name>pyDescription</name>
<value  attr="@Z:sTN:"></value>
</property>
<property>
<name>pyName</name>
<value  attr="@Z:sIN:"></value>
</property>
<property>
<name>pxObjClass</name>
<value  attr="@Z:sIY:">Embed-Alias</value>
</property>
<property>
<name>pyValue</name>
<value  attr="@Z:sTN:"></value>
</property>
</page>
</value>
  </list>
</value>
</property>
<property>
<name>pxAllChangeList</name>
<value  attr="@Z:lIY:">
  <list>
  </list>
</value>
</property>
<property>
<name>pxWarnings</name>
<value  attr="@Z:L!YEmbed-Warning:">
  <list>
  </list>
</value>
</property>
</page>
