<?xml version="1.0"?>
<!DOCTYPE page [
  <!-- PegaCPAX.dtd 04-Aug-99 -->
  <!ELEMENT page (property)*>
  <!ATTLIST page
    name CDATA #IMPLIED
    handle CDATA #IMPLIED>
  <!ELEMENT property (name,value?)>
  <!ELEMENT name (#PCDATA)>
  <!ELEMENT value (#PCDATA|list|page)*>
  <!ATTLIST value attr CDATA #IMPLIED>
  <!ELEMENT list (value)*>
]>

<page>
<property>
<name>pxInstanceLockedRuleSetVersion</name>
<value  attr="@Z:sTY:"></value>
</property>
<property>
<name>pxInsId</name>
<value  attr="@Z:sTY:">!ISSHOWSTEP</value>
</property>
<property>
<name>pxObjClass</name>
<value  attr="@Z:sIY:">Rule-Obj-When</value>
</property>
<property>
<name>pyCircumstanceDateProp</name>
<value  attr="@Z:sIN32:"></value>
</property>
<property>
<name>pyLabelOld</name>
<value  attr="@Z:sTN:">Returns true if this step is a show-step</value>
</property>
<property>
<name>pxInstanceLockedRuleSet</name>
<value  attr="@Z:sTY:"></value>
</property>
<property>
<name>pxMoveImportDateTime</name>
<value  attr="@Z:sMY:">20070820T015244.234 GMT</value>
</property>
<property>
<name>pxUpdateOperator</name>
<value  attr="@Z:sTY:">paul</value>
</property>
<property>
<name>pyMethodStatus</name>
<value  attr="@Z:stN10:"></value>
</property>
<property>
<name>pyLogic</name>
<value  attr="@Z:sTN:">A</value>
</property>
<property>
<name>pxInstanceLockedDateTime</name>
<value  attr="@Z:sMY:"></value>
</property>
<property>
<name>pxHostId</name>
<value  attr="@Z:sIY:">ffa9ff0db406ffca95c18d5f134ad2e1</value>
</property>
<property>
<name>pxCreateOperator</name>
<value  attr="@Z:sTY:">paul</value>
</property>
<property>
<name>pyJavaStream</name>
<value  attr="@Z:sTN:"></value>
</property>
<property>
<name>pxInstanceLockedBy</name>
<value  attr="@Z:sTY:"></value>
</property>
<property>
<name>pzStatus</name>
<value  attr="@Z:siN:">false</value>
</property>
<property>
<name>pyXMLSignature</name>
<value  attr="@Z:sIN:">&lt;methodSignature&gt;&lt;pyStepsPageAliases&gt;&lt;/pyStepsPageAliases&gt;&lt;/methodSignature&gt;</value>
</property>
<property>
<name>pyStatus</name>
<value  attr="@Z:sTN:"></value>
</property>
<property>
<name>pxUpdateOpName</name>
<value  attr="@Z:sTY:">Paul Evans</value>
</property>
<property>
<name>pyRuleStarts</name>
<value  attr="@Z:sMI:"></value>
</property>
<property>
<name>pzOriginalInstanceKey</name>
<value  attr="@Z:s?N:">RULE-OBJ-WHEN EMBED-ACTIVITYSTEPS ISSHOWSTEP #20070412T173429.656 GMT</value>
</property>
<property>
<name>pyDescription</name>
<value  attr="@Z:sTN:">Returns true if this step is a show-step; this is done by check if the step starts with the "Show-" string</value>
</property>
<property>
<name>pxInsName</name>
<value  attr="@Z:sIY:">EMBED-ACTIVITYSTEPS!ISSHOWSTEP</value>
</property>
<property>
<name>pzInsKey</name>
<value  attr="@Z:sIY255:">RULE-OBJ-WHEN EMBED-ACTIVITYSTEPS ISSHOWSTEP #20070412T173429.656 GMT</value>
</property>
<property>
<name>pyRuleSetVersion</name>
<value  attr="@Z:sTN:">01-01-03</value>
</property>
<property>
<name>pxSiblingCount</name>
<value  attr="@Z:sNY:">1</value>
</property>
<property>
<name>pySimpleCondition</name>
<value  attr="@Z:sSN:">false</value>
</property>
<property>
<name>pzIndexCount</name>
<value  attr="@Z:sNY:">4</value>
</property>
<property>
<name>pxInstanceLockedKey</name>
<value  attr="@Z:sTY:"></value>
</property>
<property>
<name>pyBlockName</name>
<value  attr="@Z:sIN:">IsShowStep</value>
</property>
<property>
<name>pyWorkKey</name>
<value  attr="@Z:sIN:"></value>
</property>
<property>
<name>pyCircumstanceDate</name>
<value  attr="@Z:sMN:"></value>
</property>
<property>
<name>pxCreateOpName</name>
<value  attr="@Z:sTY:">Paul Evans</value>
</property>
<property>
<name>pxUpdateSystemID</name>
<value  attr="@Z:sTY:">wfe</value>
</property>
<property>
<name>pyUsage</name>
<value  attr="@Z:sTN:">UnitTest RuleSet - An xUnit-style framework for unit testing
Copyright (C) 2006  Paul R. Evans

This library is free software; you can redistribute it and/or
modify it under the terms of the GNU Lesser General Public
License as published by the Free Software Foundation; either
version 2.1 of the License, or (at your option) any later version.

This library is distributed in the hope that it will be useful,
but WITHOUT ANY WARRANTY; without even the implied warranty of
MERCHANTABILITY or FITNESS FOR A PARTICULAR PURPOSE.  See the GNU
Lesser General Public License for more details.

You should have received a copy of the GNU Lesser General Public
License along with this library; if not, write to the Free Software
Foundation, Inc., 51 Franklin St, Fifth Floor, Boston, MA  02110-1301  USA</value>
</property>
<property>
<name>pyCircumstanceProp</name>
<value  attr="@Z:sTN32:"></value>
</property>
<property>
<name>pyClassName</name>
<value  attr="@Z:siN:">Embed-ActivitySteps</value>
</property>
<property>
<name>pyHistoryObject</name>
<value  attr="@Z:sSN:"></value>
</property>
<property>
<name>pyValueChanged</name>
<value  attr="@Z:sTN:">false</value>
</property>
<property>
<name>pxMoveImportOperName</name>
<value  attr="@Z:sTY:">Paul Evans</value>
</property>
<property>
<name>pyJavaFUAVersion</name>
<value  attr="@Z:sTN:">03-02</value>
</property>
<property>
<name>pxMoveImportOperId</name>
<value  attr="@Z:sTY:">paul</value>
</property>
<property>
<name>pyJavaClassName</name>
<value  attr="@Z:sIN:">Rule_Obj_When_Embed_ActivitySteps_IsShowStep_20070412T181152_125_GMT</value>
</property>
<property>
<name>pxLimitedAccess</name>
<value  attr="@Z:stY:">Dev</value>
</property>
<property>
<name>pyLabel</name>
<value  attr="@Z:sTN64:">Returns true if this step is a show-step</value>
</property>
<property>
<name>pxServerReqURI</name>
<value  attr="@Z:sTY:">/prweb/PRServlet</value>
</property>
<property>
<name>pyRuleName</name>
<value  attr="@Z:sTY255:">IsShowStep</value>
</property>
<property>
<name>pyRuleSet</name>
<value  attr="@Z:sIN:">UnitTest</value>
</property>
<property>
<name>pyRuleEnds</name>
<value  attr="@Z:sMI:"></value>
</property>
<property>
<name>pyRuleAvailable</name>
<value  attr="@Z:siN:">Yes</value>
</property>
<property>
<name>pyInterface</name>
<value  attr="@Z:sIN64:"></value>
</property>
<property>
<name>pyCircumstanceVal</name>
<value  attr="@Z:sTN64:"></value>
</property>
<property>
<name>pxCreateDateTime</name>
<value  attr="@Z:sMY:">20070412T173429.656 GMT</value>
</property>
<property>
<name>pxUpdateDateTime</name>
<value  attr="@Z:sMY:">20070412T181319.687 GMT</value>
</property>
<property>
<name>pxMoveOriginalKey</name>
<value  attr="@Z:sTY:">RULE-OBJ-WHEN EMBED-ACTIVITYSTEPS ISSHOWSTEP #20070412T173429.656 GMT</value>
</property>
<property>
<name>pxMoveFromSystem</name>
<value  attr="@Z:sTY:">wfe</value>
</property>
<property>
<name>pxCreateSystemID</name>
<value  attr="@Z:sTY:">wfe</value>
</property>
<property>
<name>pyCondition</name>
<value  attr="@Z:L*NEmbed-WhenConditions:">
  <list>
<value  attr="@Z:S*NEmbed-WhenConditions:">
<page>
<property>
<name>pyConditionFieldName</name>
<value  attr="@Z:sTN:">@startsWith(@toUpperCase(.pyStepsActivityName), "SHOW-")</value>
</property>
<property>
<name>pyConditionValue1</name>
<value  attr="@Z:sTN:">true</value>
</property>
<property>
<name>pyConditionOperation</name>
<value  attr="@Z:sTN:">=</value>
</property>
<property>
<name>pyConditionValue1Purpose</name>
<value  attr="@Z:sTN:">1FreeFormExpressionBoolean</value>
</property>
<property>
<name>pxObjClass</name>
<value  attr="@Z:sIY:">Embed-WhenConditions</value>
</property>
<property>
<name>pyConditionLabel</name>
<value  attr="@Z:sTN:">A</value>
</property>
<property>
<name>pyConditionValue2</name>
<value  attr="@Z:sTN:"></value>
</property>
<property>
<name>pyConditionValue1String</name>
<value  attr="@Z:sTN:">""</value>
</property>
<property>
<name>pyConditionValue1Html</name>
<value  attr="@Z:sTN:">&lt;INPUT id=pyClassName type=hidden value=Embed-ActivitySteps name=pyClassName&gt; 
&lt;TABLE cellSpacing=0 cellPadding=1&gt;
&lt;TBODY&gt;
&lt;TR&gt;
&lt;TD&gt;&lt;INPUT class=InputIntellisenseStyle id=expression title='»@StartsWith(.pyStepsActivityName, "Show-")«' onfocus=zUtil_element_ONFOCUS();return(false) size=48 name=expression AUTOCOMPLETE="off" ISNS_BASECLASS="pyClassName" ISNS_CLASS="Rule-Obj-Property" ISNS_POPUPTYPE="DIV" ISNS_FIELDTYPE="PROPERTY" VALUETOOLTIP="true" RAF_PARAMETER="TRUE"&gt; &lt;/TD&gt;
&lt;TD&gt;&lt;BUTTON id=expression($)-SEARCH title=Search style="VISIBILITY: inherit; CURSOR: hand" onclick='zUtil_runSearchActivity("expression", "&amp;amp;pyActivity=@baseclass.BuildExpression&amp;amp;pyClassName=[pyClassName]&amp;amp;pyExpression=[expression]&amp;amp;expectedType=", "300px", "600px");'&gt;&lt;SPAN class=iconSearch SPANTYPE="BUTTON"&gt;&lt;/SPAN&gt;&lt;/BUTTON&gt; &lt;/TD&gt;&lt;/TR&gt;&lt;/TBODY&gt;&lt;/TABLE&gt;</value>
</property>
</page>
</value>
  </list>
</value>
</property>
<property>
<name>pyPagesAndClasses</name>
<value  attr="@Z:L*NEmbed-PagesAndClasses:">
  <list>
<value  attr="@Z:S*NEmbed-PagesAndClasses:">
<page>
<property>
<name>pyLocatePageActivity</name>
<value  attr="@Z:sTN:"></value>
</property>
<property>
<name>pyPagesAndClassesClass</name>
<value  attr="@Z:sTN:"></value>
</property>
<property>
<name>pyPagesAndClassesPage</name>
<value  attr="@Z:sTN:"></value>
</property>
<property>
<name>pyLocatePageExpression</name>
<value  attr="@Z:sTN:"></value>
</property>
<property>
<name>pxObjClass</name>
<value  attr="@Z:sIY:">Embed-PagesAndClasses</value>
</property>
<property>
<name>pyPagesAndClassesMode</name>
<value  attr="@Z:siN:"></value>
</property>
<property>
<name>pyLocatePageActivityParameters</name>
<value  attr="@Z:S*N:">
<page>
<property>
<name>pyTempPlaceHolder</name>
<value  attr="@Z:s?N:">TempPlaceHolder</value>
</property>
</page>
</value>
</property>
</page>
</value>
  </list>
</value>
</property>
<property>
<name>pxNamedPageReferences</name>
<value  attr="@Z:L*YEmbed-Reference-NamedPage:">
  <list>
  </list>
</value>
</property>
<property>
<name>pxAPIMethodReferences</name>
<value  attr="@Z:L*YEmbed-Reference-APIMethod:">
  <list>
  </list>
</value>
</property>
<property>
<name>pxRuleReferences</name>
<value  attr="@Z:L*YEmbed-Reference-Rule:">
  <list>
<value  attr="@Z:S*YEmbed-Reference-Rule:">
<page>
<property>
<name>pxObjClass</name>
<value  attr="@Z:sIY:">Embed-Reference-Rule</value>
</property>
<property>
<name>pxRuleObjClass</name>
<value  attr="@Z:sIY:">Rule-Utility-Function</value>
</property>
<property>
<name>pxRuleFamilyName</name>
<value  attr="@Z:sTY:">STRING!STARTSWITH</value>
</property>
<property>
<name>pzIndexes</name>
<value  attr="@Z:gNY:">
<page>
<property>
<name>RuleReference</name>
<value  attr="@Z:sNY:">0</value>
</property>
</page>
</value>
</property>
</page>
</value>
<value  attr="@Z:S*YEmbed-Reference-Rule:">
<page>
<property>
<name>pxRuleClassName</name>
<value  attr="@Z:sIY:">Embed-ActivitySteps</value>
</property>
<property>
<name>pxObjClass</name>
<value  attr="@Z:sIY:">Embed-Reference-Rule</value>
</property>
<property>
<name>pxRuleObjClass</name>
<value  attr="@Z:sIY:">Rule-Obj-Class</value>
</property>
<property>
<name>pxRuleFamilyName</name>
<value  attr="@Z:sTY:">EMBED-ACTIVITYSTEPS</value>
</property>
<property>
<name>pzIndexes</name>
<value  attr="@Z:gNY:">
<page>
<property>
<name>RuleReference</name>
<value  attr="@Z:sNY:">1</value>
</property>
</page>
</value>
</property>
</page>
</value>
<value  attr="@Z:S*YEmbed-Reference-Rule:">
<page>
<property>
<name>pxObjClass</name>
<value  attr="@Z:sIY:">Embed-Reference-Rule</value>
</property>
<property>
<name>pxRuleObjClass</name>
<value  attr="@Z:sIY:">Rule-Utility-Function</value>
</property>
<property>
<name>pxRuleFamilyName</name>
<value  attr="@Z:sTY:">STRING!TOUPPERCASE</value>
</property>
<property>
<name>pzIndexes</name>
<value  attr="@Z:gNY:">
<page>
<property>
<name>RuleReference</name>
<value  attr="@Z:sNY:">2</value>
</property>
</page>
</value>
</property>
</page>
</value>
<value  attr="@Z:S*YEmbed-Reference-Rule:">
<page>
<property>
<name>pxRuleClassName</name>
<value  attr="@Z:sIY:">Embed-ActivitySteps</value>
</property>
<property>
<name>pxObjClass</name>
<value  attr="@Z:sIY:">Embed-Reference-Rule</value>
</property>
<property>
<name>pxRuleObjClass</name>
<value  attr="@Z:sIY:">Rule-Obj-Property</value>
</property>
<property>
<name>pxRuleFamilyName</name>
<value  attr="@Z:sTY:">PYSTEPSACTIVITYNAME</value>
</property>
<property>
<name>pzIndexes</name>
<value  attr="@Z:gNY:">
<page>
<property>
<name>RuleReference</name>
<value  attr="@Z:sNY:">3</value>
</property>
</page>
</value>
</property>
</page>
</value>
  </list>
</value>
</property>
<property>
<name>pxWarnings</name>
<value  attr="@Z:L!YEmbed-Warning:">
  <list>
  </list>
</value>
</property>
<property>
<name>pyWhenChange</name>
<value  attr="@Z:L*NEmbed-ChangeDesignation:">
  <list>
<value  attr="@Z:S*NEmbed-ChangeDesignation:">
<page>
<property>
<name>pyDesignatedProperty</name>
<value  attr="@Z:sTN:">pyStepsActivityName</value>
</property>
<property>
<name>pyDesignatedClassPath</name>
<value  attr="@Z:sTN:">.pyStepsActivityName</value>
</property>
<property>
<name>pxObjClass</name>
<value  attr="@Z:sIY:">Embed-ChangeDesignation</value>
</property>
<property>
<name>pyDesignatedClass</name>
<value  attr="@Z:sTN:">Embed-ActivitySteps</value>
</property>
</page>
</value>
  </list>
</value>
</property>
</page>
