<?xml version="1.0"?>
<!DOCTYPE page [
  <!-- PegaCPAX.dtd 04-Aug-99 -->
  <!ELEMENT page (property)*>
  <!ATTLIST page
    name CDATA #IMPLIED
    handle CDATA #IMPLIED>
  <!ELEMENT property (name,value?)>
  <!ELEMENT name (#PCDATA)>
  <!ELEMENT value (#PCDATA|list|page)*>
  <!ATTLIST value attr CDATA #IMPLIED>
  <!ELEMENT list (value)*>
]>

<page>
<property>
<name>pxOriginalCreateOperator</name>
<value  attr="@Z:sTY:"></value>
</property>
<property>
<name>pxInstanceLockedRuleSetVersion</name>
<value  attr="@Z:sTY:"></value>
</property>
<property>
<name>pxInsId</name>
<value  attr="@Z:sTY:">!RUNUNITTESTS</value>
</property>
<property>
<name>pxObjClass</name>
<value  attr="@Z:sIY:">Rule-Obj-HTML</value>
</property>
<property>
<name>pxOriginalCreateOpName</name>
<value  attr="@Z:sTY:"></value>
</property>
<property>
<name>pyCircumstanceDateProp</name>
<value  attr="@Z:sIN32:"></value>
</property>
<property>
<name>pyLabelOld</name>
<value  attr="@Z:sTN:">Portal for executing the unit tests</value>
</property>
<property>
<name>pxInstanceLockedRuleSet</name>
<value  attr="@Z:sTY:"></value>
</property>
<property>
<name>pxMoveImportDateTime</name>
<value  attr="@Z:sMY:">20061219T043950.000 GMT</value>
</property>
<property>
<name>pxUpdateOperator</name>
<value  attr="@Z:sTY:">paul</value>
</property>
<property>
<name>pyMethodStatus</name>
<value  attr="@Z:stN10:"></value>
</property>
<property>
<name>pySourceStream</name>
<value  attr="@Z:sTN:">{include Rule-HTML-Fragment = PRUnit_js}

&lt;table width="100%" cellpadding="3" cellspacing="3"&gt;
  &lt;tr&gt;
    &lt;td&gt;Click the button below to run all the unit test activities 
        defined within the "Test" rule sets accessible by this operator.
    &lt;/td&gt;
  &lt;/tr&gt;
  &lt;tr&gt;
    &lt;td align="center" style="border-top:1px solid #CCC"&gt;
      &lt;button onclick="return RunAllUnitTests();" target="_self" title="Run Unit Tests"&gt;
        &lt;span class='buttonLeft'&gt;&lt;/span&gt;
        &lt;span class='buttonMiddle'&gt;
          &lt;span class="buttonText" onmouseover="this.className='buttonTextHover'" onmouseout="this.className='buttonText'"&gt;
            Run&amp;nbsp;Unit&amp;nbsp;Tests
          &lt;/span&gt;
        &lt;/span&gt;
        &lt;span class='buttonRight'&gt;&lt;/span&gt;
      &lt;/button&gt;
    &lt;/td&gt;
  &lt;/tr&gt;
&lt;/table&gt;</value>
</property>
<property>
<name>pxInstanceLockedDateTime</name>
<value  attr="@Z:sMY:"></value>
</property>
<property>
<name>pxHostId</name>
<value  attr="@Z:sIY:">ffa9ff0db406ffca95c18d5f134ad2e1</value>
</property>
<property>
<name>pxCreateOperator</name>
<value  attr="@Z:sTY:">paul</value>
</property>
<property>
<name>pyJavaStream</name>
<value  attr="@Z:sTN:"></value>
</property>
<property>
<name>pyJavaGenerateAPIVersion</name>
<value  attr="@Z:sTN:">04-01</value>
</property>
<property>
<name>pxInstanceLockedBy</name>
<value  attr="@Z:sTY:"></value>
</property>
<property>
<name>pzStatus</name>
<value  attr="@Z:siN:">valid</value>
</property>
<property>
<name>pyStatus</name>
<value  attr="@Z:sTN:"></value>
</property>
<property>
<name>pyXMLSignature</name>
<value  attr="@Z:sIN:">&lt;methodSignature&gt;&lt;pyStepsPageAliases&gt;&lt;/pyStepsPageAliases&gt;&lt;/methodSignature&gt;</value>
</property>
<property>
<name>pxUpdateOpName</name>
<value  attr="@Z:sTY:">Paul Evans</value>
</property>
<property>
<name>pyRuleStarts</name>
<value  attr="@Z:sMI:"></value>
</property>
<property>
<name>pyCorrType</name>
<value  attr="@Z:siN:"></value>
</property>
<property>
<name>pzOriginalInstanceKey</name>
<value  attr="@Z:s?N:">RULE-OBJ-HTML DATA-GADGET RUNUNITTESTS #20061213T024325.390 GMT</value>
</property>
<property>
<name>pyDescription</name>
<value  attr="@Z:sTN:">This gadget contains a form for running the unit test activities for a particular ruleset and displays a report of the test results.</value>
</property>
<property>
<name>pxInsName</name>
<value  attr="@Z:sIY:">DATA-GADGET!RUNUNITTESTS</value>
</property>
<property>
<name>pyRuleSetVersion</name>
<value  attr="@Z:sTN:">01-01-01</value>
</property>
<property>
<name>pzInsKey</name>
<value  attr="@Z:sIY255:">RULE-OBJ-HTML DATA-GADGET RUNUNITTESTS #20061213T024325.390 GMT</value>
</property>
<property>
<name>pxSiblingCount</name>
<value  attr="@Z:sNY:">3</value>
</property>
<property>
<name>pxOriginalCreateDateTime</name>
<value  attr="@Z:sMY:"></value>
</property>
<property>
<name>pzIndexCount</name>
<value  attr="@Z:sNY:">2</value>
</property>
<property>
<name>pxInstanceLockedKey</name>
<value  attr="@Z:sTY:"></value>
</property>
<property>
<name>pyWorkKey</name>
<value  attr="@Z:sIN:"></value>
</property>
<property>
<name>pxOriginalCreateSystemID</name>
<value  attr="@Z:sTY:"></value>
</property>
<property>
<name>pyCircumstanceDate</name>
<value  attr="@Z:sMN:"></value>
</property>
<property>
<name>pxCreateOpName</name>
<value  attr="@Z:sTY:">Paul Evans</value>
</property>
<property>
<name>pxUpdateSystemID</name>
<value  attr="@Z:sTY:">wfe</value>
</property>
<property>
<name>pxOriginalInstanceKey</name>
<value  attr="@Z:sIY:">RULE-OBJ-HTML DATA-GADGET MYNEWSDD #20031007T140236.566 GMT</value>
</property>
<property>
<name>pyCompact</name>
<value  attr="@Z:sSN:">false</value>
</property>
<property>
<name>pyUsage</name>
<value  attr="@Z:sTN:">UnitTest RuleSet - An xUnit-style framework for unit testing
Copyright (C) 2006  Paul R. Evans

This library is free software; you can redistribute it and/or
modify it under the terms of the GNU Lesser General Public
License as published by the Free Software Foundation; either
version 2.1 of the License, or (at your option) any later version.

This library is distributed in the hope that it will be useful,
but WITHOUT ANY WARRANTY; without even the implied warranty of
MERCHANTABILITY or FITNESS FOR A PARTICULAR PURPOSE.  See the GNU
Lesser General Public License for more details.

You should have received a copy of the GNU Lesser General Public
License along with this library; if not, write to the Free Software
Foundation, Inc., 51 Franklin St, Fifth Floor, Boston, MA  02110-1301  USA</value>
</property>
<property>
<name>pyCircumstanceProp</name>
<value  attr="@Z:sTN32:"></value>
</property>
<property>
<name>pyClassName</name>
<value  attr="@Z:siN:">Data-Gadget</value>
</property>
<property>
<name>pyHistoryObject</name>
<value  attr="@Z:sSN:">false</value>
</property>
<property>
<name>pxMoveOriginalRuleSet</name>
<value  attr="@Z:sTY:">Pega-WB</value>
</property>
<property>
<name>pyValueChanged</name>
<value  attr="@Z:sTN:">false</value>
</property>
<property>
<name>pxMoveImportOperName</name>
<value  attr="@Z:sTY:">Paul Evans</value>
</property>
<property>
<name>pxMoveImportOperId</name>
<value  attr="@Z:sTY:">paul</value>
</property>
<property>
<name>pyStreamName</name>
<value  attr="@Z:sIN:">RunUnitTests</value>
</property>
<property>
<name>pyJavaClassName</name>
<value  attr="@Z:sIN:">Rule_Obj_HTML_Data_Gadget_RunUnitTests__20070321T142016_484_GMT</value>
</property>
<property>
<name>pxLimitedAccess</name>
<value  attr="@Z:stY:">Dev</value>
</property>
<property>
<name>pyLabel</name>
<value  attr="@Z:sTN64:">Portal for executing the unit tests</value>
</property>
<property>
<name>pxServerReqURI</name>
<value  attr="@Z:sTY:">/prweb/PRServlet</value>
</property>
<property>
<name>pyRuleName</name>
<value  attr="@Z:sTY255:">RunUnitTests</value>
</property>
<property>
<name>pyRuleSet</name>
<value  attr="@Z:sIN:">UnitTest-Portal</value>
</property>
<property>
<name>pyRuleEnds</name>
<value  attr="@Z:sMI:"></value>
</property>
<property>
<name>pyRuleAvailable</name>
<value  attr="@Z:siN:">Yes</value>
</property>
<property>
<name>pyInterface</name>
<value  attr="@Z:sIN64:"></value>
</property>
<property>
<name>pyCircumstanceVal</name>
<value  attr="@Z:sTN64:"></value>
</property>
<property>
<name>pxMoveOriginalRuleSetVersion</name>
<value  attr="@Z:sTY:">04-01-20</value>
</property>
<property>
<name>pxUpdateDateTime</name>
<value  attr="@Z:sMY:">20070321T142027.437 GMT</value>
</property>
<property>
<name>pxCreateDateTime</name>
<value  attr="@Z:sMY:">20061213T024325.390 GMT</value>
</property>
<property>
<name>pxMoveOriginalKey</name>
<value  attr="@Z:sTY:">RULE-OBJ-HTML DATA-GADGET RUNUNITTESTS #20061213T024325.390 GMT</value>
</property>
<property>
<name>pxMoveFromSystem</name>
<value  attr="@Z:sTY:">wfe</value>
</property>
<property>
<name>pxCreateSystemID</name>
<value  attr="@Z:sTY:">wfe</value>
</property>
<property>
<name>pyPagesAndClasses</name>
<value  attr="@Z:L*NEmbed-PagesAndClasses:">
  <list>
<value  attr="@Z:S*NEmbed-PagesAndClasses:">
<page>
<property>
<name>pyPagesAndClassesClass</name>
<value  attr="@Z:sTN:">Data-Gadget</value>
</property>
<property>
<name>pyPagesAndClassesPage</name>
<value  attr="@Z:sTN:"></value>
</property>
<property>
<name>pxObjClass</name>
<value  attr="@Z:sIY:">Embed-PagesAndClasses</value>
</property>
<property>
<name>pyPagesAndClassesMode</name>
<value  attr="@Z:siN:"></value>
</property>
</page>
</value>
<value  attr="@Z:S*NEmbed-PagesAndClasses:">
<page>
<property>
<name>pyPagesAndClassesClass</name>
<value  attr="@Z:sTN:">Code-Pega-Requestor</value>
</property>
<property>
<name>pyPagesAndClassesPage</name>
<value  attr="@Z:sTN:">pxRequestor</value>
</property>
<property>
<name>pxObjClass</name>
<value  attr="@Z:sIY:">Embed-PagesAndClasses</value>
</property>
<property>
<name>pyPagesAndClassesMode</name>
<value  attr="@Z:siN:"></value>
</property>
</page>
</value>
  </list>
</value>
</property>
<property>
<name>pxNamedPageReferences</name>
<value  attr="@Z:L*YEmbed-Reference-NamedPage:">
  <list>
  </list>
</value>
</property>
<property>
<name>pxAPIMethodReferences</name>
<value  attr="@Z:L*YEmbed-Reference-APIMethod:">
  <list>
  </list>
</value>
</property>
<property>
<name>pxRuleReferences</name>
<value  attr="@Z:L*YEmbed-Reference-Rule:">
  <list>
<value  attr="@Z:S*YEmbed-Reference-Rule:">
<page>
<property>
<name>pxRuleClassName</name>
<value  attr="@Z:sIY:">Data-Gadget</value>
</property>
<property>
<name>pxObjClass</name>
<value  attr="@Z:sIY:">Embed-Reference-Rule</value>
</property>
<property>
<name>pxRuleObjClass</name>
<value  attr="@Z:sIY:">Rule-Obj-Class</value>
</property>
<property>
<name>pxRuleFamilyName</name>
<value  attr="@Z:sTY:">DATA-GADGET</value>
</property>
<property>
<name>pzIndexes</name>
<value  attr="@Z:gNY:">
<page>
<property>
<name>RuleReference</name>
<value  attr="@Z:sNY:">0</value>
</property>
</page>
</value>
</property>
</page>
</value>
<value  attr="@Z:S*YEmbed-Reference-Rule:">
<page>
<property>
<name>pxObjClass</name>
<value  attr="@Z:sIY:">Embed-Reference-Rule</value>
</property>
<property>
<name>pxRuleObjClass</name>
<value  attr="@Z:sIY:">Rule-HTML-Fragment</value>
</property>
<property>
<name>pxRuleFamilyName</name>
<value  attr="@Z:sTY:">PRUNIT_JS</value>
</property>
<property>
<name>pzIndexes</name>
<value  attr="@Z:gNY:">
<page>
<property>
<name>RuleReference</name>
<value  attr="@Z:sNY:">1</value>
</property>
</page>
</value>
</property>
</page>
</value>
  </list>
</value>
</property>
<property>
<name>pyIndirectIncludes</name>
<value  attr="@Z:L*NEmbed-Alias:">
  <list>
<value  attr="@Z:S*NEmbed-Alias:">
<page>
<property>
<name>pyDescription</name>
<value  attr="@Z:sTN:"></value>
</property>
<property>
<name>pyName</name>
<value  attr="@Z:sIN:"></value>
</property>
<property>
<name>pxObjClass</name>
<value  attr="@Z:sIY:">Embed-Alias</value>
</property>
<property>
<name>pyValue</name>
<value  attr="@Z:sTN:"></value>
</property>
</page>
</value>
  </list>
</value>
</property>
<property>
<name>pxAllChangeList</name>
<value  attr="@Z:lIY:">
  <list>
  </list>
</value>
</property>
<property>
<name>pxWarnings</name>
<value  attr="@Z:L!YEmbed-Warning:">
  <list>
  </list>
</value>
</property>
</page>
