<?xml version="1.0"?>
<!DOCTYPE page [
  <!-- PegaCPAX.dtd 04-Aug-99 -->
  <!ELEMENT page (property)*>
  <!ATTLIST page
    name CDATA #IMPLIED
    handle CDATA #IMPLIED>
  <!ELEMENT property (name,value?)>
  <!ELEMENT name (#PCDATA)>
  <!ELEMENT value (#PCDATA|list|page)*>
  <!ATTLIST value attr CDATA #IMPLIED>
  <!ELEMENT list (value)*>
]>

<page>
<property>
<name>pxOriginalCreateOperator</name>
<value  attr="@Z:sTY:"></value>
</property>
<property>
<name>pxInstanceLockedRuleSetVersion</name>
<value  attr="@Z:sTY:"></value>
</property>
<property>
<name>pxInsId</name>
<value  attr="@Z:sTY:">!DEVELOPERMENUSRUN_PRUNIT!MENU</value>
</property>
<property>
<name>pxObjClass</name>
<value  attr="@Z:sIY:">Rule-Obj-XML</value>
</property>
<property>
<name>pxOriginalCreateOpName</name>
<value  attr="@Z:sTY:"></value>
</property>
<property>
<name>pyCircumstanceDateProp</name>
<value  attr="@Z:sIN32:"></value>
</property>
<property>
<name>pyLabelOld</name>
<value  attr="@Z:sTN:">Adds additional menu item to run all the unit test activities</value>
</property>
<property>
<name>pxMoveImportDateTime</name>
<value  attr="@Z:sMY:">20070705T204533.062 GMT</value>
</property>
<property>
<name>pxInstanceLockedRuleSet</name>
<value  attr="@Z:sTY:"></value>
</property>
<property>
<name>pxUpdateOperator</name>
<value  attr="@Z:sTY:">paul</value>
</property>
<property>
<name>pyMethodStatus</name>
<value  attr="@Z:stN10:"></value>
</property>
<property>
<name>pySourceStream</name>
<value  attr="@Z:sTN:">&lt;Menu Value="Run" ToolTip="Run Menu Items" Rows="20"&gt;
    &lt;Item Value="Process"&gt;
        &lt;% 
            try {
                String currentWorkPool = tools.getProperty("pxRequestor.pxCurrentWorkPool").getStringValue();
                if (! currentWorkPool.equals("")) {
                    HashStringMap params = new HashStringMap();
                    params.putString("pxObjClass", "Rule-Obj-Activity");
                    params.putString("pyClassName", currentWorkPool);
                    params.putString("pyActivityName", "GetWorkPoolClass");
                    tools.doActivity(params, null, null);
                }
            } catch (PRRuntimeException prre) {}
        %&gt;
        &lt;pega:choose&gt;
        &lt;pega:when java='&lt;%= tools.findPage("ProcessList", false).getProperty(".pxResultCount").toInteger() &gt; 0 %&gt;'&gt;
            &lt;pega:forEach name="ProcessList.pxResults"&gt;
                &lt;Item Value="ClassName=&lt;pega:reference name="$this.pyClassName" mode="normal" /&gt;=FlowName=&lt;pega:reference name="$this.pyFlowType" mode="normal" /&gt;" Caption="&lt;pega:reference name="$this.pyLabel" mode="normal" /&gt;" onClick="createNewWork('&lt;pega:reference name="$this.pyClassName" mode="normal" /&gt;', 1, '&lt;pega:reference name="$this.pyFlowType" mode="normal" /&gt;');"/&gt;
            &lt;/pega:forEach&gt;
        &lt;/pega:when&gt;
        &lt;pega:otherwise&gt;
                &lt;Item Value="RunProcessEmpty" Caption="(Empty)" disabled="true" /&gt;
        &lt;/pega:otherwise&gt;
        &lt;/pega:choose&gt;
    &lt;/Item&gt;
    &lt;Separator /&gt;
    &lt;Item Value="Tracer" Caption="Tracer" onClick="tracerToolHandler()"/&gt;
    &lt;Item Value="TraceOpenRule" Caption="Trace Open Rule" onClick="traceOpenRuleHandler()" disabled="true" /&gt;
    &lt;Item Value="RulesInspector" Caption = "Rules Inspector" &gt;
        &lt;pega:choose&gt;
        &lt;pega:when java='&lt;%= ((com.pega.pegarules.priv.context.PegaRequestor) tools.getRequestor()).isShowMeInsertEnabled() %&gt;'&gt;
            &lt;Check Value="ShowHTMLRules" Caption="HTML Rules" Checked="true" onClick="showHTMLToolHandler(bChecked)"/&gt;
        &lt;/pega:when&gt;
        &lt;pega:otherwise&gt;
            &lt;Check Value="ShowHTMLRules" Caption="HTML Rules" onClick="showHTMLToolHandler(bChecked)"/&gt;
        &lt;/pega:otherwise&gt;
        &lt;/pega:choose&gt;

        &lt;pega:choose&gt;
        &lt;pega:when java='&lt;%= ((com.pega.pegarules.priv.context.PegaRequestor) tools.getRequestor()).isShowMePropertyEnabled()  %&gt;'&gt;
            &lt;Check Value="ShowPropertyRules" Caption="Property Rules" Checked="true" onClick="showPropertyToolHandler(bChecked)"/&gt;
        &lt;/pega:when&gt;
        &lt;pega:otherwise&gt;
            &lt;Check Value="ShowPropertyRules" Caption="Property Rules" onClick="showPropertyToolHandler(bChecked)"/&gt;
        &lt;/pega:otherwise&gt;
        &lt;/pega:choose&gt;

        &lt;pega:choose&gt;
        &lt;pega:when java='&lt;%= ((com.pega.pegarules.priv.context.PegaRequestor) tools.getRequestor()).isShowMeDeclarativeEnabled() %&gt;'&gt;
            &lt;Check Value="ShowDeclarativeRules" Caption="Declarative Rules" Checked="true" onClick="showDeclarativeToolHandler(bChecked)"/&gt;
        &lt;/pega:when&gt;
        &lt;pega:otherwise&gt;
            &lt;Check Value="ShowDeclarativeRules" Caption="Declarative Rules" onClick="showDeclarativeToolHandler(bChecked)"/&gt;
        &lt;/pega:otherwise&gt;
        &lt;/pega:choose&gt;
    &lt;/Item&gt;
    &lt;Separator /&gt;
    &lt;Item Value="Performance" Caption="Performance" onClick="performanceToolHandler()"/&gt;
    &lt;Separator /&gt;
    &lt;Item Value="Run All Unit Tests" Caption="Run All Unit Tests" onClick="RunAllUnitTests();"/&gt;
&lt;/Menu&gt;</value>
</property>
<property>
<name>pxInstanceLockedDateTime</name>
<value  attr="@Z:sMY:"></value>
</property>
<property>
<name>pxHostId</name>
<value  attr="@Z:sIY:">20d844f417bf85b37e64d90eccfd0101</value>
</property>
<property>
<name>pxCreateOperator</name>
<value  attr="@Z:sTY:">paul</value>
</property>
<property>
<name>pyXMLType</name>
<value  attr="@Z:sIN:">Menu</value>
</property>
<property>
<name>pyJavaStream</name>
<value  attr="@Z:sTN:"></value>
</property>
<property>
<name>pyJavaGenerateAPIVersion</name>
<value  attr="@Z:sTN:">04-02</value>
</property>
<property>
<name>pxInstanceLockedBy</name>
<value  attr="@Z:sTY:"></value>
</property>
<property>
<name>pzStatus</name>
<value  attr="@Z:siN:">false</value>
</property>
<property>
<name>pyXMLSignature</name>
<value  attr="@Z:sIN:">&lt;methodSignature&gt;&lt;pyStepsPageAliases&gt;&lt;/pyStepsPageAliases&gt;&lt;/methodSignature&gt;</value>
</property>
<property>
<name>pyStatus</name>
<value  attr="@Z:sTN:"></value>
</property>
<property>
<name>pxUpdateOpName</name>
<value  attr="@Z:sTY:">Paul Evans</value>
</property>
<property>
<name>pyCorrType</name>
<value  attr="@Z:siN:"></value>
</property>
<property>
<name>pyRuleStarts</name>
<value  attr="@Z:sMI:"></value>
</property>
<property>
<name>pzOriginalInstanceKey</name>
<value  attr="@Z:s?N:">RULE-OBJ-XML @BASECLASS DEVELOPERMENUSRUN_PRUNIT!MENU #20061006T143554.937 GMT</value>
</property>
<property>
<name>pxInsName</name>
<value  attr="@Z:sIY:">@BASECLASS!DEVELOPERMENUSRUN_PRUNIT!MENU</value>
</property>
<property>
<name>pyDescription</name>
<value  attr="@Z:sTN:">Adds an additional menu item to run all the unit test activities.</value>
</property>
<property>
<name>pyRuleSetVersion</name>
<value  attr="@Z:sTN:">01-01-01</value>
</property>
<property>
<name>pzInsKey</name>
<value  attr="@Z:sIY255:">RULE-OBJ-XML @BASECLASS DEVELOPERMENUSRUN_PRUNIT!MENU #20061006T143554.937 GMT</value>
</property>
<property>
<name>pxOriginalCreateDateTime</name>
<value  attr="@Z:sMY:"></value>
</property>
<property>
<name>pyNamespace</name>
<value  attr="@Z:sIN:"></value>
</property>
<property>
<name>pxInstanceLockedKey</name>
<value  attr="@Z:sTY:"></value>
</property>
<property>
<name>pyWorkKey</name>
<value  attr="@Z:sIN:"></value>
</property>
<property>
<name>pxOriginalCreateSystemID</name>
<value  attr="@Z:sTY:"></value>
</property>
<property>
<name>pyCircumstanceDate</name>
<value  attr="@Z:sMN:"></value>
</property>
<property>
<name>pxUpdateSystemID</name>
<value  attr="@Z:sTY:">pega</value>
</property>
<property>
<name>pxCreateOpName</name>
<value  attr="@Z:sTY:">Paul Evans</value>
</property>
<property>
<name>pyCompact</name>
<value  attr="@Z:sSN:">false</value>
</property>
<property>
<name>pyUsage</name>
<value  attr="@Z:sTN:">UnitTest-Portal RuleSet - Portal-related rules to support the UnitTest rule set; an xUnit-style framework for unit testing
Copyright (C) 2006  Paul R. Evans

This library is free software; you can redistribute it and/or
modify it under the terms of the GNU Lesser General Public
License as published by the Free Software Foundation; either
version 2.1 of the License, or (at your option) any later version.

This library is distributed in the hope that it will be useful,
but WITHOUT ANY WARRANTY; without even the implied warranty of
MERCHANTABILITY or FITNESS FOR A PARTICULAR PURPOSE.  See the GNU
Lesser General Public License for more details.

You should have received a copy of the GNU Lesser General Public
License along with this library; if not, write to the Free Software
Foundation, Inc., 51 Franklin St, Fifth Floor, Boston, MA  02110-1301  USA</value>
</property>
<property>
<name>pyCircumstanceProp</name>
<value  attr="@Z:sTN32:"></value>
</property>
<property>
<name>pyHistoryObject</name>
<value  attr="@Z:sSN:">false</value>
</property>
<property>
<name>pyClassName</name>
<value  attr="@Z:siN:">@baseclass</value>
</property>
<property>
<name>pxMoveOriginalRuleSet</name>
<value  attr="@Z:sTY:">Pega-WB</value>
</property>
<property>
<name>pyValueChanged</name>
<value  attr="@Z:sTN:">true</value>
</property>
<property>
<name>pxMoveImportOperName</name>
<value  attr="@Z:sTY:">Paul Evans</value>
</property>
<property>
<name>pxMoveImportOperId</name>
<value  attr="@Z:sTY:">paul</value>
</property>
<property>
<name>pyStreamName</name>
<value  attr="@Z:sIN:">DeveloperMenusRun_PRUnit</value>
</property>
<property>
<name>pyJavaClassName</name>
<value  attr="@Z:sIN:">this_is_not_the_class_name8576061</value>
</property>
<property>
<name>pyLabel</name>
<value  attr="@Z:sTN64:">Adds additional menu item to run all the unit test activities</value>
</property>
<property>
<name>pxLimitedAccess</name>
<value  attr="@Z:stY:">Dev</value>
</property>
<property>
<name>pxServerReqURI</name>
<value  attr="@Z:sTY:">/prweb/PRServlet/QtN86F3PUE52-AhAdQIbQYREGzZbCxSu*/!Developer</value>
</property>
<property>
<name>pyRuleSet</name>
<value  attr="@Z:sIN:">UnitTest-Portal</value>
</property>
<property>
<name>pyRuleName</name>
<value  attr="@Z:sTY255:">DeveloperMenusRun_PRUnit Menu</value>
</property>
<property>
<name>pyRuleEnds</name>
<value  attr="@Z:sMI:"></value>
</property>
<property>
<name>pyRuleAvailable</name>
<value  attr="@Z:siN:">Yes</value>
</property>
<property>
<name>pyInterface</name>
<value  attr="@Z:siN64:"></value>
</property>
<property>
<name>pyCircumstanceVal</name>
<value  attr="@Z:sTN64:"></value>
</property>
<property>
<name>pxMoveOriginalRuleSetVersion</name>
<value  attr="@Z:sTY:">05-01-10</value>
</property>
<property>
<name>pxUpdateDateTime</name>
<value  attr="@Z:sMY:">20061006T144300.281 GMT</value>
</property>
<property>
<name>pxCreateDateTime</name>
<value  attr="@Z:sMY:">20061006T143554.937 GMT</value>
</property>
<property>
<name>pxMoveOriginalKey</name>
<value  attr="@Z:sTY:">RULE-OBJ-XML @BASECLASS DEVELOPERMENUSRUN_PRUNIT!MENU #20061006T143554.937 GMT</value>
</property>
<property>
<name>pxMoveFromSystem</name>
<value  attr="@Z:sTY:">pega</value>
</property>
<property>
<name>pxCreateSystemID</name>
<value  attr="@Z:sTY:">pega</value>
</property>
<property>
<name>pyPagesAndClasses</name>
<value  attr="@Z:L*NEmbed-PagesAndClasses:">
  <list>
<value  attr="@Z:S*NEmbed-PagesAndClasses:">
<page>
<property>
<name>pyPagesAndClassesClass</name>
<value  attr="@Z:sTN:">Code-Pega-List</value>
</property>
<property>
<name>pyPagesAndClassesPage</name>
<value  attr="@Z:sTN:">ProcessList</value>
</property>
<property>
<name>pxObjClass</name>
<value  attr="@Z:sIY:">Embed-PagesAndClasses</value>
</property>
<property>
<name>pyPagesAndClassesMode</name>
<value  attr="@Z:siN:"></value>
</property>
</page>
</value>
<value  attr="@Z:S*NEmbed-PagesAndClasses:">
<page>
<property>
<name>pyPagesAndClassesClass</name>
<value  attr="@Z:sTN:">$CLASS</value>
</property>
<property>
<name>pyPagesAndClassesPage</name>
<value  attr="@Z:sTN:">ProcessList.pxResults</value>
</property>
<property>
<name>pxObjClass</name>
<value  attr="@Z:sIY:">Embed-PagesAndClasses</value>
</property>
<property>
<name>pyPagesAndClassesMode</name>
<value  attr="@Z:siN:"></value>
</property>
</page>
</value>
<value  attr="@Z:S*NEmbed-PagesAndClasses:">
<page>
<property>
<name>pyPagesAndClassesClass</name>
<value  attr="@Z:sTN:">Code-Pega-Requestor</value>
</property>
<property>
<name>pyPagesAndClassesPage</name>
<value  attr="@Z:sTN:">pxRequestor</value>
</property>
<property>
<name>pxObjClass</name>
<value  attr="@Z:sIY:">Embed-PagesAndClasses</value>
</property>
<property>
<name>pyPagesAndClassesMode</name>
<value  attr="@Z:siN:"></value>
</property>
</page>
</value>
<value  attr="@Z:S*NEmbed-PagesAndClasses:">
<page>
<property>
<name>pyPagesAndClassesClass</name>
<value  attr="@Z:sTN:">System-User-MyRules</value>
</property>
<property>
<name>pyPagesAndClassesPage</name>
<value  attr="@Z:sTN:">myRulesData</value>
</property>
<property>
<name>pxObjClass</name>
<value  attr="@Z:sIY:">Embed-PagesAndClasses</value>
</property>
<property>
<name>pyPagesAndClassesMode</name>
<value  attr="@Z:siN:"></value>
</property>
</page>
</value>
<value  attr="@Z:S*NEmbed-PagesAndClasses:">
<page>
<property>
<name>pyPagesAndClassesClass</name>
<value  attr="@Z:sTN:">System-User-MyRules</value>
</property>
<property>
<name>pyPagesAndClassesPage</name>
<value  attr="@Z:sTN:">myRulesRuleReports</value>
</property>
<property>
<name>pxObjClass</name>
<value  attr="@Z:sIY:">Embed-PagesAndClasses</value>
</property>
<property>
<name>pyPagesAndClassesMode</name>
<value  attr="@Z:siN:"></value>
</property>
</page>
</value>
<value  attr="@Z:S*NEmbed-PagesAndClasses:">
<page>
<property>
<name>pyPagesAndClassesClass</name>
<value  attr="@Z:sTN:">System-User-MyRules</value>
</property>
<property>
<name>pyPagesAndClassesPage</name>
<value  attr="@Z:sTN:">myRulesPerformAnalysis</value>
</property>
<property>
<name>pxObjClass</name>
<value  attr="@Z:sIY:">Embed-PagesAndClasses</value>
</property>
<property>
<name>pyPagesAndClassesMode</name>
<value  attr="@Z:siN:"></value>
</property>
</page>
</value>
<value  attr="@Z:S*NEmbed-PagesAndClasses:">
<page>
<property>
<name>pyPagesAndClassesClass</name>
<value  attr="@Z:sTN:">System-User-MyRules</value>
</property>
<property>
<name>pyPagesAndClassesPage</name>
<value  attr="@Z:sTN:">myRulesWorkMonitoring</value>
</property>
<property>
<name>pxObjClass</name>
<value  attr="@Z:sIY:">Embed-PagesAndClasses</value>
</property>
<property>
<name>pyPagesAndClassesMode</name>
<value  attr="@Z:siN:"></value>
</property>
</page>
</value>
<value  attr="@Z:S*NEmbed-PagesAndClasses:">
<page>
<property>
<name>pyPagesAndClassesClass</name>
<value  attr="@Z:sTN:">System-User-MyRules</value>
</property>
<property>
<name>pyPagesAndClassesPage</name>
<value  attr="@Z:sTN:">myRulesWorkAnalysis</value>
</property>
<property>
<name>pxObjClass</name>
<value  attr="@Z:sIY:">Embed-PagesAndClasses</value>
</property>
<property>
<name>pyPagesAndClassesMode</name>
<value  attr="@Z:siN:"></value>
</property>
</page>
</value>
<value  attr="@Z:S*NEmbed-PagesAndClasses:">
<page>
<property>
<name>pyPagesAndClassesClass</name>
<value  attr="@Z:sTN:">System-User-MyRules</value>
</property>
<property>
<name>pyPagesAndClassesPage</name>
<value  attr="@Z:sTN:">myRulesAssignMonitor</value>
</property>
<property>
<name>pxObjClass</name>
<value  attr="@Z:sIY:">Embed-PagesAndClasses</value>
</property>
<property>
<name>pyPagesAndClassesMode</name>
<value  attr="@Z:siN:"></value>
</property>
</page>
</value>
  </list>
</value>
</property>
<property>
<name>pxAllChangeList</name>
<value  attr="@Z:lIY:">
  <list>
  </list>
</value>
</property>
<property>
<name>pyPageTable</name>
<value  attr="@Z:L*NEmbed-PagesAndClasses:">
  <list>
  </list>
</value>
</property>
</page>
