<?xml version="1.0"?>
<!DOCTYPE page [
  <!-- PegaCPAX.dtd 04-Aug-99 -->
  <!ELEMENT page (property)*>
  <!ATTLIST page
    name CDATA #IMPLIED
    handle CDATA #IMPLIED>
  <!ELEMENT property (name,value?)>
  <!ELEMENT name (#PCDATA)>
  <!ELEMENT value (#PCDATA|list|page)*>
  <!ATTLIST value attr CDATA #IMPLIED>
  <!ELEMENT list (value)*>
]>

<page>
<property>
<name>pxInstanceLockedRuleSetVersion</name>
<value  attr="@Z:sTY:"></value>
</property>
<property>
<name>pyJavaGenerateTime</name>
<value  attr="@Z:sMN:">20060206T200820.418 GMT</value>
</property>
<property>
<name>pxInsId</name>
<value  attr="@Z:sTY:">!EXECUTE</value>
</property>
<property>
<name>pxObjClass</name>
<value  attr="@Z:sIY:">Rule-Obj-Activity</value>
</property>
<property>
<name>pyInputMayStart</name>
<value  attr="@Z:sSN:">false</value>
</property>
<property>
<name>pyCircumstanceDateProp</name>
<value  attr="@Z:sIN32:"></value>
</property>
<property>
<name>pxMoveImportDateTime</name>
<value  attr="@Z:sMY:">20070705T205013.875 GMT</value>
</property>
<property>
<name>pxInstanceLockedRuleSet</name>
<value  attr="@Z:sTY:"></value>
</property>
<property>
<name>pxUpdateOperator</name>
<value  attr="@Z:sTY:">PaulEvans</value>
</property>
<property>
<name>pyMethodStatus</name>
<value  attr="@Z:stN10:"></value>
</property>
<property>
<name>pxInstanceLockedDateTime</name>
<value  attr="@Z:sMY:"></value>
</property>
<property>
<name>pxHostId</name>
<value  attr="@Z:sIY:">20d844f417bf85b37e64d90eccfd0101</value>
</property>
<property>
<name>pxCreateOperator</name>
<value  attr="@Z:sTY:">PaulEvans1s</value>
</property>
<property>
<name>pyJavaStream</name>
<value  attr="@Z:sTN:"></value>
</property>
<property>
<name>pyJavaGenerateAPIVersion</name>
<value  attr="@Z:sTN:">03-02</value>
</property>
<property>
<name>pxInstanceLockedBy</name>
<value  attr="@Z:sTY:"></value>
</property>
<property>
<name>pzStatus</name>
<value  attr="@Z:siN:">false</value>
</property>
<property>
<name>pyActivityType</name>
<value  attr="@Z:stN:">ACTIVITY</value>
</property>
<property>
<name>pyXMLSignature</name>
<value  attr="@Z:sTN20000:">&lt;methodSignature&gt;&lt;pyStepsCallParams&gt;&lt;/pyStepsCallParams&gt;&lt;pyStepsPageAliases&gt;&lt;/pyStepsPageAliases&gt;&lt;/methodSignature&gt;</value>
</property>
<property>
<name>pyStatus</name>
<value  attr="@Z:sTN:"></value>
</property>
<property>
<name>pxUpdateOpName</name>
<value  attr="@Z:sTY:">Paul Evans</value>
</property>
<property>
<name>pyRuleStarts</name>
<value  attr="@Z:sMI:"></value>
</property>
<property>
<name>pyAssociatedImage</name>
<value  attr="@Z:sTN:"></value>
</property>
<property>
<name>pzOriginalInstanceKey</name>
<value  attr="@Z:s?N:">RULE-OBJ-ACTIVITY UNITTEST-TESTACTIVITY EXECUTE #20051107T215816.911 GMT</value>
</property>
<property>
<name>pxInsName</name>
<value  attr="@Z:sIY:">UNITTEST-TESTACTIVITY!EXECUTE</value>
</property>
<property>
<name>pyDescription</name>
<value  attr="@Z:sTN:">Executes this test activity.</value>
</property>
<property>
<name>pyRuleSetVersion</name>
<value  attr="@Z:sTN:">01-01-01</value>
</property>
<property>
<name>pzInsKey</name>
<value  attr="@Z:sIY255:">RULE-OBJ-ACTIVITY UNITTEST-TESTACTIVITY EXECUTE #20051107T215816.911 GMT</value>
</property>
<property>
<name>pxSiblingCount</name>
<value  attr="@Z:sNY:"></value>
</property>
<property>
<name>pyActivityName</name>
<value  attr="@Z:sTN:">Execute</value>
</property>
<property>
<name>pzIndexCount</name>
<value  attr="@Z:sNY:">7</value>
</property>
<property>
<name>pxInstanceLockedKey</name>
<value  attr="@Z:sTY:"></value>
</property>
<property>
<name>pyOldActivityType</name>
<value  attr="@Z:sTN:">ACTIVITY</value>
</property>
<property>
<name>pyAuthenticatedOnly</name>
<value  attr="@Z:sSN:">false</value>
</property>
<property>
<name>pyWorkKey</name>
<value  attr="@Z:sIN:"></value>
</property>
<property>
<name>pyCircumstanceDate</name>
<value  attr="@Z:sMN:"></value>
</property>
<property>
<name>pxUpdateSystemID</name>
<value  attr="@Z:sTY:">wfe</value>
</property>
<property>
<name>pxCreateOpName</name>
<value  attr="@Z:sTY:">Paul Evans</value>
</property>
<property>
<name>pyJavaGenerateVersion</name>
<value  attr="@Z:sTN:">03-01-01</value>
</property>
<property>
<name>pyUsage</name>
<value  attr="@Z:sTN:">UnitTest RuleSet - An xUnit-style framework for unit testing
Copyright (C) 2006  Paul R. Evans

This library is free software; you can redistribute it and/or
modify it under the terms of the GNU Lesser General Public
License as published by the Free Software Foundation; either
version 2.1 of the License, or (at your option) any later version.

This library is distributed in the hope that it will be useful,
but WITHOUT ANY WARRANTY; without even the implied warranty of
MERCHANTABILITY or FITNESS FOR A PARTICULAR PURPOSE.  See the GNU
Lesser General Public License for more details.

You should have received a copy of the GNU Lesser General Public
License along with this library; if not, write to the Free Software
Foundation, Inc., 51 Franklin St, Fifth Floor, Boston, MA  02110-1301  USA</value>
</property>
<property>
<name>pyCircumstanceProp</name>
<value  attr="@Z:sTN32:"></value>
</property>
<property>
<name>pyTaskStatusXml</name>
<value  attr="@Z:sTN:">&lt;pagedata&gt;&lt;/pagedata&gt;</value>
</property>
<property>
<name>pyHistoryObject</name>
<value  attr="@Z:sSN:"></value>
</property>
<property>
<name>pyClassName</name>
<value  attr="@Z:siN:">UnitTest-TestActivity</value>
</property>
<property>
<name>pxMoveImportOperName</name>
<value  attr="@Z:sTY:">Paul Evans</value>
</property>
<property>
<name>pyJavaFUAVersion</name>
<value  attr="@Z:sTN:">03-02</value>
</property>
<property>
<name>pxMoveImportOperId</name>
<value  attr="@Z:sTY:">paul</value>
</property>
<property>
<name>pyJavaClassName</name>
<value  attr="@Z:sIN:">Rule_Obj_Activity_UnitTest_TestActivity_Execute_20060206T200719_928_GMT</value>
</property>
<property>
<name>pyLabel</name>
<value  attr="@Z:sTN64:">Executes this test activity</value>
</property>
<property>
<name>pxLimitedAccess</name>
<value  attr="@Z:stY:">Dev</value>
</property>
<property>
<name>pxServerReqURI</name>
<value  attr="@Z:sTY:">/pegarules/PRServlet</value>
</property>
<property>
<name>pyRuleSet</name>
<value  attr="@Z:sIN:">UnitTest</value>
</property>
<property>
<name>pyRuleName</name>
<value  attr="@Z:sTY255:">Execute</value>
</property>
<property>
<name>pyRuleEnds</name>
<value  attr="@Z:sMI:"></value>
</property>
<property>
<name>pyRuleAvailable</name>
<value  attr="@Z:siN:">Yes</value>
</property>
<property>
<name>pyInterface</name>
<value  attr="@Z:siN64:"></value>
</property>
<property>
<name>pyCircumstanceVal</name>
<value  attr="@Z:sTN64:"></value>
</property>
<property>
<name>pxUpdateDateTime</name>
<value  attr="@Z:sMY:">20060206T200820.529 GMT</value>
</property>
<property>
<name>pxCreateDateTime</name>
<value  attr="@Z:sMY:">20051107T215816.911 GMT</value>
</property>
<property>
<name>pxMoveOriginalKey</name>
<value  attr="@Z:sTY:">RULE-OBJ-ACTIVITY UNITTEST-TESTACTIVITY EXECUTE #20051107T215816.911 GMT</value>
</property>
<property>
<name>pxMoveFromSystem</name>
<value  attr="@Z:sTY:">pega</value>
</property>
<property>
<name>pxCreateSystemID</name>
<value  attr="@Z:sTY:">wfe</value>
</property>
<property>
<name>pyPagesAndClasses</name>
<value  attr="@Z:L*NEmbed-PagesAndClasses:">
  <list>
<value  attr="@Z:S*NEmbed-PagesAndClasses:">
<page>
<property>
<name>pyPagesAndClassesClass</name>
<value  attr="@Z:sTN:">UnitTest-TestRunMetadata</value>
</property>
<property>
<name>pyPagesAndClassesPage</name>
<value  attr="@Z:sTN:">TestRunMetadata</value>
</property>
<property>
<name>pxObjClass</name>
<value  attr="@Z:sIY:">Embed-PagesAndClasses</value>
</property>
<property>
<name>pyPagesAndClassesMode</name>
<value  attr="@Z:siN:"></value>
</property>
</page>
</value>
<value  attr="@Z:S*NEmbed-PagesAndClasses:">
<page>
<property>
<name>pyPagesAndClassesClass</name>
<value  attr="@Z:sTN:">Rule-Obj-Activity</value>
</property>
<property>
<name>pyPagesAndClassesPage</name>
<value  attr="@Z:sTN:">ActivityPg</value>
</property>
<property>
<name>pxObjClass</name>
<value  attr="@Z:sIY:">Embed-PagesAndClasses</value>
</property>
<property>
<name>pyPagesAndClassesMode</name>
<value  attr="@Z:siN:"></value>
</property>
</page>
</value>
  </list>
</value>
</property>
<property>
<name>pxNamedPageReferences</name>
<value  attr="@Z:L*YEmbed-Reference-NamedPage:">
  <list>
<value  attr="@Z:S*YEmbed-Reference-NamedPage:">
<page>
<property>
<name>pxPageName</name>
<value  attr="@Z:sIY:">TestRunMetadata</value>
</property>
<property>
<name>pxObjClass</name>
<value  attr="@Z:sIY:">Embed-Reference-NamedPage</value>
</property>
<property>
<name>pzIndexes</name>
<value  attr="@Z:gNY:">
<page>
<property>
<name>NamedPageReference</name>
<value  attr="@Z:sNY:">0</value>
</property>
</page>
</value>
</property>
</page>
</value>
<value  attr="@Z:S*YEmbed-Reference-NamedPage:">
<page>
<property>
<name>pxPageName</name>
<value  attr="@Z:sIY:">ActivityPg</value>
</property>
<property>
<name>pxObjClass</name>
<value  attr="@Z:sIY:">Embed-Reference-NamedPage</value>
</property>
<property>
<name>pzIndexes</name>
<value  attr="@Z:gNY:">
<page>
<property>
<name>NamedPageReference</name>
<value  attr="@Z:sNY:">1</value>
</property>
</page>
</value>
</property>
</page>
</value>
  </list>
</value>
</property>
<property>
<name>pyActivityPrivilegeList</name>
<value  attr="@Z:L*NEmbed-Rule-PrivilegeSecurity:">
  <list>
<value  attr="@Z:S*NEmbed-Rule-PrivilegeSecurity:">
<page>
<property>
<name>pyPrivilegeName</name>
<value  attr="@Z:sTN:"></value>
</property>
<property>
<name>pyPrivilegeClass</name>
<value  attr="@Z:sIN:">UnitTest-TestActivity</value>
</property>
<property>
<name>pxObjClass</name>
<value  attr="@Z:sIY:">Embed-Rule-PrivilegeSecurity</value>
</property>
</page>
</value>
  </list>
</value>
</property>
<property>
<name>pyParameters</name>
<value  attr="@Z:L*NEmbed-MethodParams:">
  <list>
<value  attr="@Z:S*NEmbed-MethodParams:">
<page>
<property>
<name>pyParametersParamDefaultValue</name>
<value  attr="@Z:sTN:"></value>
</property>
<property>
<name>pyParametersParamType</name>
<value  attr="@Z:sTN:"></value>
</property>
<property>
<name>pyParametersParamIntelliValidateAs</name>
<value  attr="@Z:sTN:"></value>
</property>
<property>
<name>pyParametersParamReq</name>
<value  attr="@Z:sTN:"></value>
</property>
<property>
<name>pyParametersParamIntelliRule</name>
<value  attr="@Z:sTN:"></value>
</property>
<property>
<name>pyParametersParamName</name>
<value  attr="@Z:sTN:"></value>
</property>
<property>
<name>pxObjClass</name>
<value  attr="@Z:sIY:">Embed-MethodParams</value>
</property>
<property>
<name>pyParametersParamIntelliBaseClass</name>
<value  attr="@Z:sTN:">PageClass</value>
</property>
<property>
<name>pyParametersParamDesc</name>
<value  attr="@Z:sTN:"></value>
</property>
<property>
<name>pyParametersParamInOut</name>
<value  attr="@Z:sTN:"></value>
</property>
</page>
</value>
  </list>
</value>
</property>
<property>
<name>pxAPIMethodReferences</name>
<value  attr="@Z:L*YEmbed-Reference-APIMethod:">
  <list>
  </list>
</value>
</property>
<property>
<name>pxRuleReferences</name>
<value  attr="@Z:L*YEmbed-Reference-Rule:">
  <list>
<value  attr="@Z:S*YEmbed-Reference-Rule:">
<page>
<property>
<name>pxRuleClassName</name>
<value  attr="@Z:sIY:">UnitTest-TestActivity</value>
</property>
<property>
<name>pxObjClass</name>
<value  attr="@Z:sIY:">Embed-Reference-Rule</value>
</property>
<property>
<name>pxRuleObjClass</name>
<value  attr="@Z:sIY:">Rule-Obj-Property</value>
</property>
<property>
<name>pxRuleFamilyName</name>
<value  attr="@Z:sTY:">DESCRIPTION</value>
</property>
<property>
<name>pzIndexes</name>
<value  attr="@Z:gNY:">
<page>
<property>
<name>RuleReference</name>
<value  attr="@Z:sNY:">2</value>
</property>
</page>
</value>
</property>
</page>
</value>
<value  attr="@Z:S*YEmbed-Reference-Rule:">
<page>
<property>
<name>pxRuleClassName</name>
<value  attr="@Z:sIY:">Rule-Obj-Activity</value>
</property>
<property>
<name>pxObjClass</name>
<value  attr="@Z:sIY:">Embed-Reference-Rule</value>
</property>
<property>
<name>pxRuleObjClass</name>
<value  attr="@Z:sIY:">Rule-Obj-Class</value>
</property>
<property>
<name>pxRuleFamilyName</name>
<value  attr="@Z:sTY:">RULE-OBJ-ACTIVITY</value>
</property>
<property>
<name>pzIndexes</name>
<value  attr="@Z:gNY:">
<page>
<property>
<name>RuleReference</name>
<value  attr="@Z:sNY:">3</value>
</property>
</page>
</value>
</property>
</page>
</value>
<value  attr="@Z:S*YEmbed-Reference-Rule:">
<page>
<property>
<name>pxRuleClassName</name>
<value  attr="@Z:sIY:">UnitTest-TestActivity</value>
</property>
<property>
<name>pxObjClass</name>
<value  attr="@Z:sIY:">Embed-Reference-Rule</value>
</property>
<property>
<name>pxRuleObjClass</name>
<value  attr="@Z:sIY:">Rule-Obj-Property</value>
</property>
<property>
<name>pxRuleFamilyName</name>
<value  attr="@Z:sTY:">INSTANCEKEY</value>
</property>
<property>
<name>pzIndexes</name>
<value  attr="@Z:gNY:">
<page>
<property>
<name>RuleReference</name>
<value  attr="@Z:sNY:">4</value>
</property>
</page>
</value>
</property>
</page>
</value>
<value  attr="@Z:S*YEmbed-Reference-Rule:">
<page>
<property>
<name>pxRuleClassName</name>
<value  attr="@Z:sIY:">UnitTest-TestActivity</value>
</property>
<property>
<name>pxObjClass</name>
<value  attr="@Z:sIY:">Embed-Reference-Rule</value>
</property>
<property>
<name>pxRuleObjClass</name>
<value  attr="@Z:sIY:">Rule-Obj-Class</value>
</property>
<property>
<name>pxRuleFamilyName</name>
<value  attr="@Z:sTY:">UNITTEST-TESTACTIVITY</value>
</property>
<property>
<name>pzIndexes</name>
<value  attr="@Z:gNY:">
<page>
<property>
<name>RuleReference</name>
<value  attr="@Z:sNY:">5</value>
</property>
</page>
</value>
</property>
</page>
</value>
<value  attr="@Z:S*YEmbed-Reference-Rule:">
<page>
<property>
<name>pxRuleClassName</name>
<value  attr="@Z:sIY:">Rule-Obj-Activity</value>
</property>
<property>
<name>pxObjClass</name>
<value  attr="@Z:sIY:">Embed-Reference-Rule</value>
</property>
<property>
<name>pxRuleObjClass</name>
<value  attr="@Z:sIY:">Rule-Obj-Property</value>
</property>
<property>
<name>pxRuleFamilyName</name>
<value  attr="@Z:sTY:">PYDESCRIPTION</value>
</property>
<property>
<name>pzIndexes</name>
<value  attr="@Z:gNY:">
<page>
<property>
<name>RuleReference</name>
<value  attr="@Z:sNY:">6</value>
</property>
</page>
</value>
</property>
</page>
</value>
  </list>
</value>
</property>
<property>
<name>pySteps</name>
<value  attr="@Z:L*NEmbed-ActivitySteps:">
  <list>
<value  attr="@Z:S*NEmbed-ActivitySteps:">
<page>
<property>
<name>pyStepsBlockName</name>
<value  attr="@Z:sTN:"></value>
</property>
<property>
<name>pyStepsDescription</name>
<value  attr="@Z:sTN:">Open the activity rule</value>
</property>
<property>
<name>pyStepsPreCondition</name>
<value  attr="@Z:sTN:"></value>
</property>
<property>
<name>pxObjClass</name>
<value  attr="@Z:sIY:">Embed-ActivitySteps</value>
</property>
<property>
<name>pyStepsTransition</name>
<value  attr="@Z:sTN:"></value>
</property>
<property>
<name>pyStepsActivityName</name>
<value  attr="@Z:sTN:">Obj-Open-By-Handle</value>
</property>
<property>
<name>pyPassCurrentParameterPage</name>
<value  attr="@Z:sSN:"></value>
</property>
<property>
<name>pyStepsObjectName</name>
<value  attr="@Z:sTN:">ActivityPg</value>
</property>
<property>
<name>pyOnException</name>
<value  attr="@Z:sTN:"></value>
</property>
<property>
<name>pyStepsJavaSource</name>
<value  attr="@Z:sTN:"></value>
</property>
<property>
<name>pyStepsRepeatDef</name>
<value  attr="@Z:S*NEmbed-ActivityRepeat:">
<page>
<property>
<name>pyStepsRepeatDefLimit</name>
<value  attr="@Z:sTN:"></value>
</property>
<property>
<name>pyStepsRepeatDefStop</name>
<value  attr="@Z:sTN:"></value>
</property>
<property>
<name>pxObjClass</name>
<value  attr="@Z:sIY:">Embed-ActivityRepeat</value>
</property>
<property>
<name>pyStepsRepeatDefHasRepeat</name>
<value  attr="@Z:sTN:"></value>
</property>
<property>
<name>pyStepsRepeatDefIteration</name>
<value  attr="@Z:sTN:"></value>
</property>
<property>
<name>pyForEachProperty</name>
<value  attr="@Z:sTN:"></value>
</property>
<property>
<name>pyStepsRepeatDefStart</name>
<value  attr="@Z:sTN:"></value>
</property>
<property>
<name>pyForEachValidClasses</name>
<value  attr="@Z:L*NEmbed-ActivityForEachClasses:">
  <list>
<value  attr="@Z:S*NEmbed-ActivityForEachClasses:">
<page>
<property>
<name>pyForEachClass</name>
<value  attr="@Z:sTN:"></value>
</property>
<property>
<name>pxObjClass</name>
<value  attr="@Z:sIY:">Embed-ActivityForEachClasses</value>
</property>
</page>
</value>
  </list>
</value>
</property>
</page>
</value>
</property>
<property>
<name>pyStepsPageAliases</name>
<value  attr="@Z:S*N:">
<page>
<property>
<name>pyTempPlaceHolder</name>
<value  attr="@Z:??N:"></value>
</property>
</page>
</value>
</property>
<property>
<name>pyStepsCallParams</name>
<value  attr="@Z:S*N:">
<page>
<property>
<name>ReleaseOnCommit</name>
<value  attr="@Z:??N:"></value>
</property>
<property>
<name>InstanceHandle</name>
<value  attr="@Z:s?N:">Primary.InstanceKey</value>
</property>
<property>
<name>Lock</name>
<value  attr="@Z:??N:"></value>
</property>
<property>
<name>pyTempPlaceHolder</name>
<value  attr="@Z:s?N:">TempPlaceHolder</value>
</property>
<property>
<name>LockInfoPage</name>
<value  attr="@Z:s?N:"></value>
</property>
</page>
</value>
</property>
<property>
<name>pyStepsTransParams</name>
<value  attr="@Z:L*NEmbed-ActivityTransitions:">
  <list>
<value  attr="@Z:S*NEmbed-ActivityTransitions:">
<page>
<property>
<name>pyStepsTransParamsWhenTrue</name>
<value  attr="@Z:sTN:"></value>
</property>
<property>
<name>pyStepsTransParamsWhenFalsePrms</name>
<value  attr="@Z:sTN:"></value>
</property>
<property>
<name>pyStepsTransParamsWhenTruePrms</name>
<value  attr="@Z:sTN:"></value>
</property>
<property>
<name>pxObjClass</name>
<value  attr="@Z:sIY:">Embed-ActivityTransitions</value>
</property>
<property>
<name>pyStepsTransParamsWhen</name>
<value  attr="@Z:sTN:"></value>
</property>
<property>
<name>pyStepsTransParamsWhenFalse</name>
<value  attr="@Z:sTN:"></value>
</property>
</page>
</value>
  </list>
</value>
</property>
<property>
<name>pyStepsPreCondParams</name>
<value  attr="@Z:L*NEmbed-ActivityPreConditions:">
  <list>
<value  attr="@Z:S*NEmbed-ActivityPreConditions:">
<page>
<property>
<name>pxObjClass</name>
<value  attr="@Z:sIY:">Embed-ActivityPreConditions</value>
</property>
<property>
<name>pyStepsPreCondParamsWhenTrue</name>
<value  attr="@Z:sTN:"></value>
</property>
<property>
<name>pyStepsPreCondParamsWhen</name>
<value  attr="@Z:sTN:"></value>
</property>
<property>
<name>pyStepsPreCondParamsWhenFalsePrms</name>
<value  attr="@Z:sTN:"></value>
</property>
<property>
<name>pyStepsPreCondParamsWhenFalse</name>
<value  attr="@Z:sTN:"></value>
</property>
<property>
<name>pyStepsPreCondParamsWhenTruePrms</name>
<value  attr="@Z:sTN:"></value>
</property>
</page>
</value>
  </list>
</value>
</property>
<property>
<name>pyParamArray</name>
<value  attr="@Z:L*N:">
  <list>
<value  attr="@Z:S*N:">
<page>
<property>
<name>pyTempPlaceHolder</name>
<value  attr="@Z:s?N:">TempPlaceHolder</value>
</property>
</page>
</value>
  </list>
</value>
</property>
</page>
</value>
<value  attr="@Z:S*NEmbed-ActivitySteps:">
<page>
<property>
<name>pyStepsBlockName</name>
<value  attr="@Z:sTN:"></value>
</property>
<property>
<name>pyStepsDescription</name>
<value  attr="@Z:sTN:">Set the Description field on the primary page</value>
</property>
<property>
<name>pyStepsPreCondition</name>
<value  attr="@Z:sTN:"></value>
</property>
<property>
<name>pxObjClass</name>
<value  attr="@Z:sIY:">Embed-ActivitySteps</value>
</property>
<property>
<name>pyStepsTransition</name>
<value  attr="@Z:sTN:"></value>
</property>
<property>
<name>pyStepsActivityName</name>
<value  attr="@Z:sTN:">Property-Set</value>
</property>
<property>
<name>pyPassCurrentParameterPage</name>
<value  attr="@Z:sSN:"></value>
</property>
<property>
<name>pyStepsObjectName</name>
<value  attr="@Z:sTN:"></value>
</property>
<property>
<name>pyOnException</name>
<value  attr="@Z:sTN:"></value>
</property>
<property>
<name>pyStepsJavaSource</name>
<value  attr="@Z:sTN:"></value>
</property>
<property>
<name>pyStepsRepeatDef</name>
<value  attr="@Z:S*NEmbed-ActivityRepeat:">
<page>
<property>
<name>pyStepsRepeatDefLimit</name>
<value  attr="@Z:sTN:"></value>
</property>
<property>
<name>pyStepsRepeatDefStop</name>
<value  attr="@Z:sTN:"></value>
</property>
<property>
<name>pxObjClass</name>
<value  attr="@Z:sIY:">Embed-ActivityRepeat</value>
</property>
<property>
<name>pyStepsRepeatDefHasRepeat</name>
<value  attr="@Z:sTN:"></value>
</property>
<property>
<name>pyStepsRepeatDefIteration</name>
<value  attr="@Z:sTN:"></value>
</property>
<property>
<name>pyForEachProperty</name>
<value  attr="@Z:sTN:"></value>
</property>
<property>
<name>pyStepsRepeatDefStart</name>
<value  attr="@Z:sTN:"></value>
</property>
<property>
<name>pyForEachValidClasses</name>
<value  attr="@Z:L*NEmbed-ActivityForEachClasses:">
  <list>
<value  attr="@Z:S*NEmbed-ActivityForEachClasses:">
<page>
<property>
<name>pyForEachClass</name>
<value  attr="@Z:sTN:"></value>
</property>
<property>
<name>pxObjClass</name>
<value  attr="@Z:sIY:">Embed-ActivityForEachClasses</value>
</property>
</page>
</value>
  </list>
</value>
</property>
</page>
</value>
</property>
<property>
<name>pyStepsPageAliases</name>
<value  attr="@Z:S*N:">
<page>
<property>
<name>pyTempPlaceHolder</name>
<value  attr="@Z:??N:"></value>
</property>
</page>
</value>
</property>
<property>
<name>pyStepsCallParams</name>
<value  attr="@Z:S*N:">
<page>
<property>
<name>pyTempPlaceHolder</name>
<value  attr="@Z:s?N:">TempPlaceHolder</value>
</property>
</page>
</value>
</property>
<property>
<name>pyStepsTransParams</name>
<value  attr="@Z:L*NEmbed-ActivityTransitions:">
  <list>
<value  attr="@Z:S*NEmbed-ActivityTransitions:">
<page>
<property>
<name>pyStepsTransParamsWhenTrue</name>
<value  attr="@Z:sTN:"></value>
</property>
<property>
<name>pyStepsTransParamsWhenFalsePrms</name>
<value  attr="@Z:sTN:"></value>
</property>
<property>
<name>pyStepsTransParamsWhenTruePrms</name>
<value  attr="@Z:sTN:"></value>
</property>
<property>
<name>pxObjClass</name>
<value  attr="@Z:sIY:">Embed-ActivityTransitions</value>
</property>
<property>
<name>pyStepsTransParamsWhen</name>
<value  attr="@Z:sTN:"></value>
</property>
<property>
<name>pyStepsTransParamsWhenFalse</name>
<value  attr="@Z:sTN:"></value>
</property>
</page>
</value>
  </list>
</value>
</property>
<property>
<name>pyStepsPreCondParams</name>
<value  attr="@Z:L*NEmbed-ActivityPreConditions:">
  <list>
<value  attr="@Z:S*NEmbed-ActivityPreConditions:">
<page>
<property>
<name>pxObjClass</name>
<value  attr="@Z:sIY:">Embed-ActivityPreConditions</value>
</property>
<property>
<name>pyStepsPreCondParamsWhenTrue</name>
<value  attr="@Z:sTN:"></value>
</property>
<property>
<name>pyStepsPreCondParamsWhen</name>
<value  attr="@Z:sTN:"></value>
</property>
<property>
<name>pyStepsPreCondParamsWhenFalsePrms</name>
<value  attr="@Z:sTN:"></value>
</property>
<property>
<name>pyStepsPreCondParamsWhenFalse</name>
<value  attr="@Z:sTN:"></value>
</property>
<property>
<name>pyStepsPreCondParamsWhenTruePrms</name>
<value  attr="@Z:sTN:"></value>
</property>
</page>
</value>
  </list>
</value>
</property>
<property>
<name>pyParamArray</name>
<value  attr="@Z:L*N:">
  <list>
<value  attr="@Z:S*N:">
<page>
<property>
<name>PropertiesValue</name>
<value  attr="@Z:s?N:">ActivityPg.pyDescription</value>
</property>
<property>
<name>PropertiesName</name>
<value  attr="@Z:s?N:">.Description</value>
</property>
<property>
<name>pyTempPlaceHolder</name>
<value  attr="@Z:s?N:">TempPlaceHolder</value>
</property>
</page>
</value>
  </list>
</value>
</property>
</page>
</value>
<value  attr="@Z:S*NEmbed-ActivitySteps:">
<page>
<property>
<name>pyStepsBlockName</name>
<value  attr="@Z:sTN:"></value>
</property>
<property>
<name>pyStepsDescription</name>
<value  attr="@Z:sTN:">Execute the activity</value>
</property>
<property>
<name>pyStepsPreCondition</name>
<value  attr="@Z:sTN:"></value>
</property>
<property>
<name>pxObjClass</name>
<value  attr="@Z:sIY:">Embed-ActivitySteps</value>
</property>
<property>
<name>pyStepsTransition</name>
<value  attr="@Z:sTN:"></value>
</property>
<property>
<name>pyStepsActivityName</name>
<value  attr="@Z:sTN:">Java</value>
</property>
<property>
<name>pyPassCurrentParameterPage</name>
<value  attr="@Z:sSN:">false</value>
</property>
<property>
<name>pyStepsObjectName</name>
<value  attr="@Z:sTN:"></value>
</property>
<property>
<name>pyOnException</name>
<value  attr="@Z:sTN:"></value>
</property>
<property>
<name>pyStepsJavaSource</name>
<value  attr="@Z:sTN:">// declare local variables...
ClipboardPage primaryPg;
String activityName;
String activityClass;
StringMap keys;
ClipboardProperty message;
ClipboardProperty success;
ClipboardPage TestRunMetadata;

// set the locals...
TestRunMetadata = tools.findPage("TestRunMetadata");
primaryPg = tools.getPrimaryPage();
activityName = primaryPg.getProperty("Name").getStringValue();
activityClass = primaryPg.getProperty("Class").getStringValue();
keys = new HashStringMap();

// setup the keys map...
keys.putString("pyActivityName", activityName);
keys.putString("pyClassName", activityClass);

success = primaryPg.getProperty("Success");

// execute the test activity...
try {
    tools.doActivity(keys, null, null);
    success.setValue(true);
    TestRunMetadata.putString("NumSuccesses", "" + (TestRunMetadata.getInteger("NumSuccesses") + 1));
} catch (Throwable e) {
    message = primaryPg.getProperty("Message");
    message.setValue(e.getMessage());
    success.setValue(false);
}</value>
</property>
<property>
<name>pyStepsRepeatDef</name>
<value  attr="@Z:S*NEmbed-ActivityRepeat:">
<page>
<property>
<name>pyStepsRepeatDefLimit</name>
<value  attr="@Z:sTN:"></value>
</property>
<property>
<name>pyStepsRepeatDefStop</name>
<value  attr="@Z:sTN:"></value>
</property>
<property>
<name>pxObjClass</name>
<value  attr="@Z:sIY:">Embed-ActivityRepeat</value>
</property>
<property>
<name>pyStepsRepeatDefHasRepeat</name>
<value  attr="@Z:sTN:"></value>
</property>
<property>
<name>pyStepsRepeatDefIteration</name>
<value  attr="@Z:sTN:"></value>
</property>
<property>
<name>pyForEachProperty</name>
<value  attr="@Z:sTN:"></value>
</property>
<property>
<name>pyStepsRepeatDefStart</name>
<value  attr="@Z:sTN:"></value>
</property>
<property>
<name>pyForEachValidClasses</name>
<value  attr="@Z:L*NEmbed-ActivityForEachClasses:">
  <list>
<value  attr="@Z:S*NEmbed-ActivityForEachClasses:">
<page>
<property>
<name>pyForEachClass</name>
<value  attr="@Z:sTN:"></value>
</property>
<property>
<name>pxObjClass</name>
<value  attr="@Z:sIY:">Embed-ActivityForEachClasses</value>
</property>
</page>
</value>
  </list>
</value>
</property>
</page>
</value>
</property>
<property>
<name>pyStepsPageAliases</name>
<value  attr="@Z:S*N:">
<page>
<property>
<name>pyTempPlaceHolder</name>
<value  attr="@Z:s?N:">TempPlaceHolder</value>
</property>
</page>
</value>
</property>
<property>
<name>pyStepsCallParams</name>
<value  attr="@Z:S*N:">
<page>
<property>
<name>pyTempPlaceHolder</name>
<value  attr="@Z:s?N:">TempPlaceHolder</value>
</property>
</page>
</value>
</property>
<property>
<name>pyStepsTransParams</name>
<value  attr="@Z:L*NEmbed-ActivityTransitions:">
  <list>
<value  attr="@Z:S*NEmbed-ActivityTransitions:">
<page>
<property>
<name>pyStepsTransParamsWhenTrue</name>
<value  attr="@Z:sTN:">2</value>
</property>
<property>
<name>pyStepsTransParamsWhenFalsePrms</name>
<value  attr="@Z:sTN:"></value>
</property>
<property>
<name>pyStepsTransParamsWhenTruePrms</name>
<value  attr="@Z:sTN:"></value>
</property>
<property>
<name>pxObjClass</name>
<value  attr="@Z:sIY:">Embed-ActivityTransitions</value>
</property>
<property>
<name>pyStepsTransParamsWhen</name>
<value  attr="@Z:sTN:"></value>
</property>
<property>
<name>pyStepsTransParamsWhenFalse</name>
<value  attr="@Z:sTN:">2</value>
</property>
</page>
</value>
  </list>
</value>
</property>
<property>
<name>pyStepsPreCondParams</name>
<value  attr="@Z:L*NEmbed-ActivityPreConditions:">
  <list>
<value  attr="@Z:S*NEmbed-ActivityPreConditions:">
<page>
<property>
<name>pxObjClass</name>
<value  attr="@Z:sIY:">Embed-ActivityPreConditions</value>
</property>
<property>
<name>pyStepsPreCondParamsWhenTrue</name>
<value  attr="@Z:sTN:">2</value>
</property>
<property>
<name>pyStepsPreCondParamsWhen</name>
<value  attr="@Z:sTN:"></value>
</property>
<property>
<name>pyStepsPreCondParamsWhenFalsePrms</name>
<value  attr="@Z:sTN:"></value>
</property>
<property>
<name>pyStepsPreCondParamsWhenFalse</name>
<value  attr="@Z:sTN:">2</value>
</property>
<property>
<name>pyStepsPreCondParamsWhenTruePrms</name>
<value  attr="@Z:sTN:"></value>
</property>
</page>
</value>
  </list>
</value>
</property>
<property>
<name>pyParamArray</name>
<value  attr="@Z:L*N:">
  <list>
<value  attr="@Z:S*N:">
<page>
<property>
<name>pyTempPlaceHolder</name>
<value  attr="@Z:s?N:">TempPlaceHolder</value>
</property>
</page>
</value>
  </list>
</value>
</property>
</page>
</value>
<value  attr="@Z:S*NEmbed-ActivitySteps:">
<page>
<property>
<name>pyStepsBlockName</name>
<value  attr="@Z:sTN:"></value>
</property>
<property>
<name>pyStepsDescription</name>
<value  attr="@Z:sTN:">Cleanup - remove ActivityPg page</value>
</property>
<property>
<name>pyStepsPreCondition</name>
<value  attr="@Z:sTN:"></value>
</property>
<property>
<name>pxObjClass</name>
<value  attr="@Z:sIY:">Embed-ActivitySteps</value>
</property>
<property>
<name>pyStepsTransition</name>
<value  attr="@Z:sTN:"></value>
</property>
<property>
<name>pyStepsActivityName</name>
<value  attr="@Z:sTN:">Page-Remove</value>
</property>
<property>
<name>pyPassCurrentParameterPage</name>
<value  attr="@Z:sSN:"></value>
</property>
<property>
<name>pyStepsObjectName</name>
<value  attr="@Z:sTN:"></value>
</property>
<property>
<name>pyOnException</name>
<value  attr="@Z:sTN:"></value>
</property>
<property>
<name>pyStepsJavaSource</name>
<value  attr="@Z:sTN:"></value>
</property>
<property>
<name>pyStepsRepeatDef</name>
<value  attr="@Z:S*NEmbed-ActivityRepeat:">
<page>
<property>
<name>pyStepsRepeatDefLimit</name>
<value  attr="@Z:sTN:"></value>
</property>
<property>
<name>pyStepsRepeatDefStop</name>
<value  attr="@Z:sTN:"></value>
</property>
<property>
<name>pxObjClass</name>
<value  attr="@Z:sIY:">Embed-ActivityRepeat</value>
</property>
<property>
<name>pyStepsRepeatDefHasRepeat</name>
<value  attr="@Z:sTN:"></value>
</property>
<property>
<name>pyStepsRepeatDefIteration</name>
<value  attr="@Z:sTN:"></value>
</property>
<property>
<name>pyForEachProperty</name>
<value  attr="@Z:sTN:"></value>
</property>
<property>
<name>pyStepsRepeatDefStart</name>
<value  attr="@Z:sTN:"></value>
</property>
<property>
<name>pyForEachValidClasses</name>
<value  attr="@Z:L*NEmbed-ActivityForEachClasses:">
  <list>
<value  attr="@Z:S*NEmbed-ActivityForEachClasses:">
<page>
<property>
<name>pyForEachClass</name>
<value  attr="@Z:sTN:"></value>
</property>
<property>
<name>pxObjClass</name>
<value  attr="@Z:sIY:">Embed-ActivityForEachClasses</value>
</property>
</page>
</value>
  </list>
</value>
</property>
</page>
</value>
</property>
<property>
<name>pyStepsPageAliases</name>
<value  attr="@Z:S*N:">
<page>
<property>
<name>pyTempPlaceHolder</name>
<value  attr="@Z:??N:"></value>
</property>
</page>
</value>
</property>
<property>
<name>pyStepsCallParams</name>
<value  attr="@Z:S*N:">
<page>
<property>
<name>pyTempPlaceHolder</name>
<value  attr="@Z:s?N:">TempPlaceHolder</value>
</property>
</page>
</value>
</property>
<property>
<name>pyStepsTransParams</name>
<value  attr="@Z:L*NEmbed-ActivityTransitions:">
  <list>
<value  attr="@Z:S*NEmbed-ActivityTransitions:">
<page>
<property>
<name>pyStepsTransParamsWhenTrue</name>
<value  attr="@Z:sTN:"></value>
</property>
<property>
<name>pyStepsTransParamsWhenFalsePrms</name>
<value  attr="@Z:sTN:"></value>
</property>
<property>
<name>pyStepsTransParamsWhenTruePrms</name>
<value  attr="@Z:sTN:"></value>
</property>
<property>
<name>pxObjClass</name>
<value  attr="@Z:sIY:">Embed-ActivityTransitions</value>
</property>
<property>
<name>pyStepsTransParamsWhen</name>
<value  attr="@Z:sTN:"></value>
</property>
<property>
<name>pyStepsTransParamsWhenFalse</name>
<value  attr="@Z:sTN:"></value>
</property>
</page>
</value>
  </list>
</value>
</property>
<property>
<name>pyStepsPreCondParams</name>
<value  attr="@Z:L*NEmbed-ActivityPreConditions:">
  <list>
<value  attr="@Z:S*NEmbed-ActivityPreConditions:">
<page>
<property>
<name>pxObjClass</name>
<value  attr="@Z:sIY:">Embed-ActivityPreConditions</value>
</property>
<property>
<name>pyStepsPreCondParamsWhenTrue</name>
<value  attr="@Z:sTN:"></value>
</property>
<property>
<name>pyStepsPreCondParamsWhen</name>
<value  attr="@Z:sTN:"></value>
</property>
<property>
<name>pyStepsPreCondParamsWhenFalsePrms</name>
<value  attr="@Z:sTN:"></value>
</property>
<property>
<name>pyStepsPreCondParamsWhenFalse</name>
<value  attr="@Z:sTN:"></value>
</property>
<property>
<name>pyStepsPreCondParamsWhenTruePrms</name>
<value  attr="@Z:sTN:"></value>
</property>
</page>
</value>
  </list>
</value>
</property>
<property>
<name>pyParamArray</name>
<value  attr="@Z:L*N:">
  <list>
<value  attr="@Z:S*N:">
<page>
<property>
<name>pyTempPlaceHolder</name>
<value  attr="@Z:s?N:">TempPlaceHolder</value>
</property>
<property>
<name>Page</name>
<value  attr="@Z:s?N:">ActivityPg</value>
</property>
</page>
</value>
  </list>
</value>
</property>
</page>
</value>
  </list>
</value>
</property>
<property>
<name>pyActivityRolesList</name>
<value  attr="@Z:L*NEmbed-Rule-ActivitySecurity:">
  <list>
<value  attr="@Z:S*NEmbed-Rule-ActivitySecurity:">
<page>
<property>
<name>pxObjClass</name>
<value  attr="@Z:sIY:">Embed-Rule-ActivitySecurity</value>
</property>
<property>
<name>pyActivityRole</name>
<value  attr="@Z:sTN:"></value>
</property>
</page>
</value>
  </list>
</value>
</property>
<property>
<name>pyLocalParameters</name>
<value  attr="@Z:L*NEmbed-MethodParams:">
  <list>
<value  attr="@Z:S*NEmbed-MethodParams:">
<page>
<property>
<name>pyParametersParamType</name>
<value  attr="@Z:sTN:"></value>
</property>
<property>
<name>pyParametersParamName</name>
<value  attr="@Z:sTN:"></value>
</property>
<property>
<name>pxObjClass</name>
<value  attr="@Z:sIY:">Embed-MethodParams</value>
</property>
<property>
<name>pyParametersParamDesc</name>
<value  attr="@Z:sTN:"></value>
</property>
</page>
</value>
  </list>
</value>
</property>
</page>
