<?xml version="1.0"?>
<!DOCTYPE page [
  <!-- PegaCPAX.dtd 04-Aug-99 -->
  <!ELEMENT page (property)*>
  <!ATTLIST page
    name CDATA #IMPLIED
    handle CDATA #IMPLIED>
  <!ELEMENT property (name,value?)>
  <!ELEMENT name (#PCDATA)>
  <!ELEMENT value (#PCDATA|list|page)*>
  <!ATTLIST value attr CDATA #IMPLIED>
  <!ELEMENT list (value)*>
]>

<page>
<property>
<name>pxOriginalCreateOperator</name>
<value  attr="@Z:sTY:"></value>
</property>
<property>
<name>pxInstanceLockedRuleSetVersion</name>
<value  attr="@Z:sTY:"></value>
</property>
<property>
<name>pyJavaGenerateTime</name>
<value  attr="@Z:sMN:">20070430T180036.187 GMT</value>
</property>
<property>
<name>pxInsId</name>
<value  attr="@Z:sTY:">!FINDSHOWPAGECALLS</value>
</property>
<property>
<name>pxObjClass</name>
<value  attr="@Z:sIY:">Rule-Obj-Activity</value>
</property>
<property>
<name>pxOriginalCreateOpName</name>
<value  attr="@Z:sTY:"></value>
</property>
<property>
<name>pyInputMayStart</name>
<value  attr="@Z:sSN:">true</value>
</property>
<property>
<name>pyCircumstanceDateProp</name>
<value  attr="@Z:sIN32:"></value>
</property>
<property>
<name>pyLabelOld</name>
<value  attr="@Z:sTN:">Finds activities in rule base containing a "Show-*" step</value>
</property>
<property>
<name>pxMoveImportDateTime</name>
<value  attr="@Z:sMY:">20070705T205013.875 GMT</value>
</property>
<property>
<name>pxInstanceLockedRuleSet</name>
<value  attr="@Z:sTY:"></value>
</property>
<property>
<name>pxUpdateOperator</name>
<value  attr="@Z:sTY:">paul</value>
</property>
<property>
<name>pyMethodStatus</name>
<value  attr="@Z:stN10:"></value>
</property>
<property>
<name>pxInstanceLockedDateTime</name>
<value  attr="@Z:sMY:"></value>
</property>
<property>
<name>pxHostId</name>
<value  attr="@Z:sIY:">20d844f417bf85b37e64d90eccfd0101</value>
</property>
<property>
<name>pxCreateOperator</name>
<value  attr="@Z:sTY:">David.Read@arbella.com</value>
</property>
<property>
<name>pyJavaStream</name>
<value  attr="@Z:sTN:"></value>
</property>
<property>
<name>pyJavaGenerateAPIVersion</name>
<value  attr="@Z:sTN:">03-02</value>
</property>
<property>
<name>pxInstanceLockedBy</name>
<value  attr="@Z:sTY:"></value>
</property>
<property>
<name>pzStatus</name>
<value  attr="@Z:siN:">false</value>
</property>
<property>
<name>pyActivityType</name>
<value  attr="@Z:stN:">ACTIVITY</value>
</property>
<property>
<name>pyXMLSignature</name>
<value  attr="@Z:sTN20000:">&lt;methodSignature&gt;&lt;pyStepsCallParams&gt;&lt;StartingClassPattern DESCRIPTION= "Beginning of class name pattern to search" TYPE= "STRING" REQUIRED= "-1" INOUT= "IN" SIZE="" SMARTPROMPT="N" SMARTPROMPTRULE="RULEKEY" SMARTPROMPTRULECLASS="" SMARTPROMPTBASECLASS="PageClass" SMARTPROMPTDATANODE="" DEFAULTVALUE="" /&gt;&lt;/pyStepsCallParams&gt;&lt;pyStepsPageAliases&gt;&lt;/pyStepsPageAliases&gt;&lt;/methodSignature&gt;</value>
</property>
<property>
<name>pyStatus</name>
<value  attr="@Z:sTN:"></value>
</property>
<property>
<name>pxUpdateOpName</name>
<value  attr="@Z:sTY:">Paul Evans</value>
</property>
<property>
<name>pyRuleStarts</name>
<value  attr="@Z:sMI:"></value>
</property>
<property>
<name>pyAssociatedImage</name>
<value  attr="@Z:sTN:"></value>
</property>
<property>
<name>pzOriginalInstanceKey</name>
<value  attr="@Z:s?N:">RULE-OBJ-ACTIVITY UNITTEST-UTILITIES FINDSHOWPAGECALLS #20070413T143307.083 GMT</value>
</property>
<property>
<name>pxInsName</name>
<value  attr="@Z:sIY:">UNITTEST-UTILITIES!FINDSHOWPAGECALLS</value>
</property>
<property>
<name>pyDescription</name>
<value  attr="@Z:sTN:">Finds all activities in the rule base containing a "Show-*" step.  Receives as a parameter the pattern of the beginning-class to search.  This utility is useful in helping determine those activities that my interrupt the running of all the unit tests in batch-mode because they execute a show-page, show-html, show-harness, etc.</value>
</property>
<property>
<name>pzInsKey</name>
<value  attr="@Z:sIY255:">RULE-OBJ-ACTIVITY UNITTEST-UTILITIES FINDSHOWPAGECALLS #20070413T143307.083 GMT</value>
</property>
<property>
<name>pyRuleSetVersion</name>
<value  attr="@Z:sTN:">01-01-03</value>
</property>
<property>
<name>pxSiblingCount</name>
<value  attr="@Z:sNY:">1</value>
</property>
<property>
<name>pxOriginalCreateDateTime</name>
<value  attr="@Z:sMY:"></value>
</property>
<property>
<name>pyActivityName</name>
<value  attr="@Z:sTN:">FindShowPageCalls</value>
</property>
<property>
<name>pzIndexCount</name>
<value  attr="@Z:sNY:">7</value>
</property>
<property>
<name>pxInstanceLockedKey</name>
<value  attr="@Z:sTY:"></value>
</property>
<property>
<name>pyOldActivityType</name>
<value  attr="@Z:sTN:">ACTIVITY</value>
</property>
<property>
<name>pyAuthenticatedOnly</name>
<value  attr="@Z:sSN:">false</value>
</property>
<property>
<name>pyWorkKey</name>
<value  attr="@Z:sIN:"></value>
</property>
<property>
<name>pxOriginalCreateSystemID</name>
<value  attr="@Z:sTY:"></value>
</property>
<property>
<name>pyCircumstanceDate</name>
<value  attr="@Z:sMN:"></value>
</property>
<property>
<name>pxUpdateSystemID</name>
<value  attr="@Z:sTY:">pega</value>
</property>
<property>
<name>pxCreateOpName</name>
<value  attr="@Z:sTY:">David Read</value>
</property>
<property>
<name>pyJavaGenerateVersion</name>
<value  attr="@Z:sTN:">03-01-01</value>
</property>
<property>
<name>pyUsage</name>
<value  attr="@Z:sTN:">UnitTest RuleSet - An xUnit-style framework for unit testing
Copyright (C) 2006  Paul R. Evans

This library is free software; you can redistribute it and/or
modify it under the terms of the GNU Lesser General Public
License as published by the Free Software Foundation; either
version 2.1 of the License, or (at your option) any later version.

This library is distributed in the hope that it will be useful,
but WITHOUT ANY WARRANTY; without even the implied warranty of
MERCHANTABILITY or FITNESS FOR A PARTICULAR PURPOSE.  See the GNU
Lesser General Public License for more details.

You should have received a copy of the GNU Lesser General Public
License along with this library; if not, write to the Free Software
Foundation, Inc., 51 Franklin St, Fifth Floor, Boston, MA  02110-1301  USA</value>
</property>
<property>
<name>pyCircumstanceProp</name>
<value  attr="@Z:sTN32:"></value>
</property>
<property>
<name>pyTaskStatusXml</name>
<value  attr="@Z:sTN:">&lt;pagedata&gt;&lt;/pagedata&gt;</value>
</property>
<property>
<name>pyHistoryObject</name>
<value  attr="@Z:sSN:">false</value>
</property>
<property>
<name>pyClassName</name>
<value  attr="@Z:siN:">UnitTest-Utilities</value>
</property>
<property>
<name>pyValueChanged</name>
<value  attr="@Z:sTN:">false</value>
</property>
<property>
<name>pxMoveImportOperName</name>
<value  attr="@Z:sTY:">Paul Evans</value>
</property>
<property>
<name>pyJavaFUAVersion</name>
<value  attr="@Z:sTN:">03-02</value>
</property>
<property>
<name>pxMoveImportOperId</name>
<value  attr="@Z:sTY:">paul</value>
</property>
<property>
<name>pyJavaClassName</name>
<value  attr="@Z:sIN:">Rule_Obj_Activity_UnitTest_Utilities_FindShowPageCalls_20070430T180027_421_GMT</value>
</property>
<property>
<name>pyLabel</name>
<value  attr="@Z:sTN64:">Finds activities in rule base containing a "Show-*" step</value>
</property>
<property>
<name>pxLimitedAccess</name>
<value  attr="@Z:stY:">Dev</value>
</property>
<property>
<name>pxServerReqURI</name>
<value  attr="@Z:sTY:">/prweb/PRServlet/QtN86F3PUE52-AhAdQIbQYREGzZbCxSu*/!Developer</value>
</property>
<property>
<name>pyRuleName</name>
<value  attr="@Z:sTY255:">FindShowPageCalls</value>
</property>
<property>
<name>pyRuleSet</name>
<value  attr="@Z:sIN:">UnitTest</value>
</property>
<property>
<name>pyRuleEnds</name>
<value  attr="@Z:sMI:"></value>
</property>
<property>
<name>pyRuleAvailable</name>
<value  attr="@Z:siN:">Yes</value>
</property>
<property>
<name>pyInterface</name>
<value  attr="@Z:siN64:"></value>
</property>
<property>
<name>pyCircumstanceVal</name>
<value  attr="@Z:sTN64:"></value>
</property>
<property>
<name>pxCreateDateTime</name>
<value  attr="@Z:sMY:">20070413T143307.083 GMT</value>
</property>
<property>
<name>pxUpdateDateTime</name>
<value  attr="@Z:sMY:">20070430T180036.265 GMT</value>
</property>
<property>
<name>pxMoveOriginalKey</name>
<value  attr="@Z:sTY:">RULE-OBJ-ACTIVITY UNITTEST-UTILITIES FINDSHOWPAGECALLS #20070413T143307.083 GMT</value>
</property>
<property>
<name>pxMoveFromSystem</name>
<value  attr="@Z:sTY:">pega</value>
</property>
<property>
<name>pxCreateSystemID</name>
<value  attr="@Z:sTY:">pega</value>
</property>
<property>
<name>pyPagesAndClasses</name>
<value  attr="@Z:L*NEmbed-PagesAndClasses:">
  <list>
<value  attr="@Z:S*NEmbed-PagesAndClasses:">
<page>
<property>
<name>pyPagesAndClassesClass</name>
<value  attr="@Z:sTN:">Code-Pega-List</value>
</property>
<property>
<name>pyPagesAndClassesPage</name>
<value  attr="@Z:sTN:">Activities</value>
</property>
<property>
<name>pxObjClass</name>
<value  attr="@Z:sIY:">Embed-PagesAndClasses</value>
</property>
<property>
<name>pyPagesAndClassesMode</name>
<value  attr="@Z:siN:"></value>
</property>
</page>
</value>
<value  attr="@Z:S*NEmbed-PagesAndClasses:">
<page>
<property>
<name>pyPagesAndClassesClass</name>
<value  attr="@Z:sTN:">UnitTest-Utilities</value>
</property>
<property>
<name>pyPagesAndClassesPage</name>
<value  attr="@Z:sTN:">ActivitiesWithShowpage</value>
</property>
<property>
<name>pxObjClass</name>
<value  attr="@Z:sIY:">Embed-PagesAndClasses</value>
</property>
<property>
<name>pyPagesAndClassesMode</name>
<value  attr="@Z:siN:"></value>
</property>
</page>
</value>
  </list>
</value>
</property>
<property>
<name>pxNamedPageReferences</name>
<value  attr="@Z:L*YEmbed-Reference-NamedPage:">
  <list>
<value  attr="@Z:S*YEmbed-Reference-NamedPage:">
<page>
<property>
<name>pxPageName</name>
<value  attr="@Z:sIY:">ActivitiesWithShowpage</value>
</property>
<property>
<name>pxObjClass</name>
<value  attr="@Z:sIY:">Embed-Reference-NamedPage</value>
</property>
<property>
<name>pzIndexes</name>
<value  attr="@Z:gNY:">
<page>
<property>
<name>NamedPageReference</name>
<value  attr="@Z:sNY:">0</value>
</property>
</page>
</value>
</property>
</page>
</value>
<value  attr="@Z:S*YEmbed-Reference-NamedPage:">
<page>
<property>
<name>pxPageName</name>
<value  attr="@Z:sIY:">Activities</value>
</property>
<property>
<name>pxObjClass</name>
<value  attr="@Z:sIY:">Embed-Reference-NamedPage</value>
</property>
<property>
<name>pzIndexes</name>
<value  attr="@Z:gNY:">
<page>
<property>
<name>NamedPageReference</name>
<value  attr="@Z:sNY:">1</value>
</property>
</page>
</value>
</property>
</page>
</value>
  </list>
</value>
</property>
<property>
<name>pyActivityPrivilegeList</name>
<value  attr="@Z:L*NEmbed-Rule-PrivilegeSecurity:">
  <list>
<value  attr="@Z:S*NEmbed-Rule-PrivilegeSecurity:">
<page>
<property>
<name>pyPrivilegeName</name>
<value  attr="@Z:sTN:"></value>
</property>
<property>
<name>pyPrivilegeClass</name>
<value  attr="@Z:sIN:">UnitTest-TestActivity</value>
</property>
<property>
<name>pxObjClass</name>
<value  attr="@Z:sIY:">Embed-Rule-PrivilegeSecurity</value>
</property>
</page>
</value>
  </list>
</value>
</property>
<property>
<name>pyParameters</name>
<value  attr="@Z:L*NEmbed-MethodParams:">
  <list>
<value  attr="@Z:S*NEmbed-MethodParams:">
<page>
<property>
<name>pyParametersParamDefaultValue</name>
<value  attr="@Z:sTN:"></value>
</property>
<property>
<name>pyParametersParamType</name>
<value  attr="@Z:sTN:">STRING</value>
</property>
<property>
<name>pyParametersParamIntelliValidateAs</name>
<value  attr="@Z:sTN:"></value>
</property>
<property>
<name>pyParametersParamReq</name>
<value  attr="@Z:sTN:">Y</value>
</property>
<property>
<name>pyParametersParamIntelliRule</name>
<value  attr="@Z:sTN:"></value>
</property>
<property>
<name>pyParametersParamName</name>
<value  attr="@Z:sTN:">StartingClassPattern</value>
</property>
<property>
<name>pxObjClass</name>
<value  attr="@Z:sIY:">Embed-MethodParams</value>
</property>
<property>
<name>pyParametersParamIntelliBaseClass</name>
<value  attr="@Z:sTN:">PageClass</value>
</property>
<property>
<name>pyParametersParamDesc</name>
<value  attr="@Z:sTN:">Beginning of class name pattern to search</value>
</property>
<property>
<name>pyParametersParamInOut</name>
<value  attr="@Z:sTN:">IN</value>
</property>
</page>
</value>
  </list>
</value>
</property>
<property>
<name>pxAPIMethodReferences</name>
<value  attr="@Z:L*YEmbed-Reference-APIMethod:">
  <list>
  </list>
</value>
</property>
<property>
<name>pxRuleReferences</name>
<value  attr="@Z:L*YEmbed-Reference-Rule:">
  <list>
<value  attr="@Z:S*YEmbed-Reference-Rule:">
<page>
<property>
<name>pxRuleClassName</name>
<value  attr="@Z:sIY:">-</value>
</property>
<property>
<name>pxObjClass</name>
<value  attr="@Z:sIY:">Embed-Reference-Rule</value>
</property>
<property>
<name>pxRuleObjClass</name>
<value  attr="@Z:sIY:">Rule-Obj-Class</value>
</property>
<property>
<name>pxRuleFamilyName</name>
<value  attr="@Z:sTY:">-</value>
</property>
<property>
<name>pzIndexes</name>
<value  attr="@Z:gNY:">
<page>
<property>
<name>RuleReference</name>
<value  attr="@Z:sNY:">2</value>
</property>
</page>
</value>
</property>
</page>
</value>
<value  attr="@Z:S*YEmbed-Reference-Rule:">
<page>
<property>
<name>pxRuleClassName</name>
<value  attr="@Z:sIY:">UnitTest-Utilities</value>
</property>
<property>
<name>pxObjClass</name>
<value  attr="@Z:sIY:">Embed-Reference-Rule</value>
</property>
<property>
<name>pxRuleObjClass</name>
<value  attr="@Z:sIY:">Rule-Obj-Class</value>
</property>
<property>
<name>pxRuleFamilyName</name>
<value  attr="@Z:sTY:">UNITTEST-UTILITIES</value>
</property>
<property>
<name>pzIndexes</name>
<value  attr="@Z:gNY:">
<page>
<property>
<name>RuleReference</name>
<value  attr="@Z:sNY:">3</value>
</property>
</page>
</value>
</property>
</page>
</value>
<value  attr="@Z:S*YEmbed-Reference-Rule:">
<page>
<property>
<name>pxRuleClassName</name>
<value  attr="@Z:sIY:">Rule-Obj-Activity</value>
</property>
<property>
<name>pxObjClass</name>
<value  attr="@Z:sIY:">Embed-Reference-Rule</value>
</property>
<property>
<name>pxRuleObjClass</name>
<value  attr="@Z:sIY:">Rule-Obj-Class</value>
</property>
<property>
<name>pxRuleFamilyName</name>
<value  attr="@Z:sTY:">RULE-OBJ-ACTIVITY</value>
</property>
<property>
<name>pzIndexes</name>
<value  attr="@Z:gNY:">
<page>
<property>
<name>RuleReference</name>
<value  attr="@Z:sNY:">4</value>
</property>
</page>
</value>
</property>
</page>
</value>
<value  attr="@Z:S*YEmbed-Reference-Rule:">
<page>
<property>
<name>pxRuleClassName</name>
<value  attr="@Z:sIY:">Code-Pega-List</value>
</property>
<property>
<name>pxObjClass</name>
<value  attr="@Z:sIY:">Embed-Reference-Rule</value>
</property>
<property>
<name>pxRuleObjClass</name>
<value  attr="@Z:sIY:">Rule-Obj-Property</value>
</property>
<property>
<name>pxRuleFamilyName</name>
<value  attr="@Z:sTY:">PXRESULTS</value>
</property>
<property>
<name>pzIndexes</name>
<value  attr="@Z:gNY:">
<page>
<property>
<name>RuleReference</name>
<value  attr="@Z:sNY:">5</value>
</property>
</page>
</value>
</property>
</page>
</value>
<value  attr="@Z:S*YEmbed-Reference-Rule:">
<page>
<property>
<name>pxRuleClassName</name>
<value  attr="@Z:sIY:">Code-Pega-List</value>
</property>
<property>
<name>pxObjClass</name>
<value  attr="@Z:sIY:">Embed-Reference-Rule</value>
</property>
<property>
<name>pxRuleObjClass</name>
<value  attr="@Z:sIY:">Rule-Obj-Class</value>
</property>
<property>
<name>pxRuleFamilyName</name>
<value  attr="@Z:sTY:">CODE-PEGA-LIST</value>
</property>
<property>
<name>pzIndexes</name>
<value  attr="@Z:gNY:">
<page>
<property>
<name>RuleReference</name>
<value  attr="@Z:sNY:">6</value>
</property>
</page>
</value>
</property>
</page>
</value>
  </list>
</value>
</property>
<property>
<name>pySteps</name>
<value  attr="@Z:L*NEmbed-ActivitySteps:">
  <list>
<value  attr="@Z:S*NEmbed-ActivitySteps:">
<page>
<property>
<name>pyStepsBlockName</name>
<value  attr="@Z:sTN:"></value>
</property>
<property>
<name>pyStepsDescription</name>
<value  attr="@Z:sTN:">Create page to store results</value>
</property>
<property>
<name>pyStepsPreCondition</name>
<value  attr="@Z:sTN:"></value>
</property>
<property>
<name>pxObjClass</name>
<value  attr="@Z:sIY:">Embed-ActivitySteps</value>
</property>
<property>
<name>pyStepsTransition</name>
<value  attr="@Z:sTN:"></value>
</property>
<property>
<name>pyStepsActivityName</name>
<value  attr="@Z:sTN:">Page-New</value>
</property>
<property>
<name>pyPassCurrentParameterPage</name>
<value  attr="@Z:sSN:"></value>
</property>
<property>
<name>pyStepsObjectName</name>
<value  attr="@Z:sTN:">ActivitiesWithShowPage</value>
</property>
<property>
<name>pyOnException</name>
<value  attr="@Z:sTN:"></value>
</property>
<property>
<name>pyStepsJavaSource</name>
<value  attr="@Z:sTN:"></value>
</property>
<property>
<name>pyStepsRepeatDef</name>
<value  attr="@Z:S*NEmbed-ActivityRepeat:">
<page>
<property>
<name>pyStepsRepeatDefLimit</name>
<value  attr="@Z:sTN:"></value>
</property>
<property>
<name>pyStepsRepeatDefStop</name>
<value  attr="@Z:sTN:"></value>
</property>
<property>
<name>pxObjClass</name>
<value  attr="@Z:sIY:">Embed-ActivityRepeat</value>
</property>
<property>
<name>pyStepsRepeatDefHasRepeat</name>
<value  attr="@Z:sTN:"></value>
</property>
<property>
<name>pyStepsRepeatDefIteration</name>
<value  attr="@Z:sTN:"></value>
</property>
<property>
<name>pyForEachProperty</name>
<value  attr="@Z:sTN:"></value>
</property>
<property>
<name>pyStepsRepeatDefStart</name>
<value  attr="@Z:sTN:"></value>
</property>
<property>
<name>pyForEachValidClasses</name>
<value  attr="@Z:L*NEmbed-ActivityForEachClasses:">
  <list>
<value  attr="@Z:S*NEmbed-ActivityForEachClasses:">
<page>
<property>
<name>pyForEachClass</name>
<value  attr="@Z:sTN:"></value>
</property>
<property>
<name>pxObjClass</name>
<value  attr="@Z:sIY:">Embed-ActivityForEachClasses</value>
</property>
</page>
</value>
  </list>
</value>
</property>
</page>
</value>
</property>
<property>
<name>pyStepsPageAliases</name>
<value  attr="@Z:S*N:">
<page>
<property>
<name>pyTempPlaceHolder</name>
<value  attr="@Z:??N:"></value>
</property>
</page>
</value>
</property>
<property>
<name>pyStepsCallParams</name>
<value  attr="@Z:S*N:">
<page>
<property>
<name>Model</name>
<value  attr="@Z:s?N:"></value>
</property>
<property>
<name>PageList</name>
<value  attr="@Z:s?N:"></value>
</property>
<property>
<name>pyTempPlaceHolder</name>
<value  attr="@Z:s?N:">TempPlaceHolder</value>
</property>
<property>
<name>NewClass</name>
<value  attr="@Z:s?N:"></value>
</property>
</page>
</value>
</property>
<property>
<name>pyStepsTransParams</name>
<value  attr="@Z:L*NEmbed-ActivityTransitions:">
  <list>
<value  attr="@Z:S*NEmbed-ActivityTransitions:">
<page>
<property>
<name>pyStepsTransParamsWhenTrue</name>
<value  attr="@Z:sTN:"></value>
</property>
<property>
<name>pyStepsTransParamsWhenFalsePrms</name>
<value  attr="@Z:sTN:"></value>
</property>
<property>
<name>pyStepsTransParamsWhenTruePrms</name>
<value  attr="@Z:sTN:"></value>
</property>
<property>
<name>pxObjClass</name>
<value  attr="@Z:sIY:">Embed-ActivityTransitions</value>
</property>
<property>
<name>pyStepsTransParamsWhen</name>
<value  attr="@Z:sTN:"></value>
</property>
<property>
<name>pyStepsTransParamsWhenFalse</name>
<value  attr="@Z:sTN:"></value>
</property>
</page>
</value>
  </list>
</value>
</property>
<property>
<name>pyStepsPreCondParams</name>
<value  attr="@Z:L*NEmbed-ActivityPreConditions:">
  <list>
<value  attr="@Z:S*NEmbed-ActivityPreConditions:">
<page>
<property>
<name>pxObjClass</name>
<value  attr="@Z:sIY:">Embed-ActivityPreConditions</value>
</property>
<property>
<name>pyStepsPreCondParamsWhenTrue</name>
<value  attr="@Z:sTN:"></value>
</property>
<property>
<name>pyStepsPreCondParamsWhen</name>
<value  attr="@Z:sTN:"></value>
</property>
<property>
<name>pyStepsPreCondParamsWhenFalsePrms</name>
<value  attr="@Z:sTN:"></value>
</property>
<property>
<name>pyStepsPreCondParamsWhenFalse</name>
<value  attr="@Z:sTN:"></value>
</property>
<property>
<name>pyStepsPreCondParamsWhenTruePrms</name>
<value  attr="@Z:sTN:"></value>
</property>
</page>
</value>
  </list>
</value>
</property>
<property>
<name>pyParamArray</name>
<value  attr="@Z:L*N:">
  <list>
<value  attr="@Z:S*N:">
<page>
<property>
<name>pyTempPlaceHolder</name>
<value  attr="@Z:s?N:">TempPlaceHolder</value>
</property>
</page>
</value>
  </list>
</value>
</property>
</page>
</value>
<value  attr="@Z:S*NEmbed-ActivitySteps:">
<page>
<property>
<name>pyStepsBlockName</name>
<value  attr="@Z:sTN:"></value>
</property>
<property>
<name>pyStepsDescription</name>
<value  attr="@Z:sTN:">Retrieve the activities</value>
</property>
<property>
<name>pyStepsPreCondition</name>
<value  attr="@Z:sTN:"></value>
</property>
<property>
<name>pxObjClass</name>
<value  attr="@Z:sIY:">Embed-ActivitySteps</value>
</property>
<property>
<name>pyStepsTransition</name>
<value  attr="@Z:sTN:"></value>
</property>
<property>
<name>pyStepsActivityName</name>
<value  attr="@Z:sTN:">Obj-List</value>
</property>
<property>
<name>pyPassCurrentParameterPage</name>
<value  attr="@Z:sSN:"></value>
</property>
<property>
<name>pyStepsObjectName</name>
<value  attr="@Z:sTN:"></value>
</property>
<property>
<name>pyOnException</name>
<value  attr="@Z:sTN:"></value>
</property>
<property>
<name>pyStepsJavaSource</name>
<value  attr="@Z:sTN:"></value>
</property>
<property>
<name>pyStepsRepeatDef</name>
<value  attr="@Z:S*NEmbed-ActivityRepeat:">
<page>
<property>
<name>pyStepsRepeatDefLimit</name>
<value  attr="@Z:sTN:"></value>
</property>
<property>
<name>pyStepsRepeatDefStop</name>
<value  attr="@Z:sTN:"></value>
</property>
<property>
<name>pxObjClass</name>
<value  attr="@Z:sIY:">Embed-ActivityRepeat</value>
</property>
<property>
<name>pyStepsRepeatDefHasRepeat</name>
<value  attr="@Z:sTN:"></value>
</property>
<property>
<name>pyStepsRepeatDefIteration</name>
<value  attr="@Z:sTN:"></value>
</property>
<property>
<name>pyForEachProperty</name>
<value  attr="@Z:sTN:"></value>
</property>
<property>
<name>pyStepsRepeatDefStart</name>
<value  attr="@Z:sTN:"></value>
</property>
<property>
<name>pyForEachValidClasses</name>
<value  attr="@Z:L*NEmbed-ActivityForEachClasses:">
  <list>
<value  attr="@Z:S*NEmbed-ActivityForEachClasses:">
<page>
<property>
<name>pyForEachClass</name>
<value  attr="@Z:sTN:"></value>
</property>
<property>
<name>pxObjClass</name>
<value  attr="@Z:sIY:">Embed-ActivityForEachClasses</value>
</property>
</page>
</value>
  </list>
</value>
</property>
</page>
</value>
</property>
<property>
<name>pyStepsPageAliases</name>
<value  attr="@Z:S*N:">
<page>
<property>
<name>pyTempPlaceHolder</name>
<value  attr="@Z:??N:"></value>
</property>
</page>
</value>
</property>
<property>
<name>pyStepsCallParams</name>
<value  attr="@Z:S*N:">
<page>
<property>
<name>ObjClass</name>
<value  attr="@Z:s?N:">Rule-Obj-Activity</value>
</property>
<property>
<name>PageName</name>
<value  attr="@Z:s?N:">Activities</value>
</property>
<property>
<name>RuleObjList</name>
<value  attr="@Z:s?N:"></value>
</property>
<property>
<name>pyTempPlaceHolder</name>
<value  attr="@Z:s?N:">TempPlaceHolder</value>
</property>
<property>
<name>LightweightResults</name>
<value  attr="@Z:s?N:"></value>
</property>
<property>
<name>MaxRecords</name>
<value  attr="@Z:s?N:"></value>
</property>
</page>
</value>
</property>
<property>
<name>pyStepsTransParams</name>
<value  attr="@Z:L*NEmbed-ActivityTransitions:">
  <list>
<value  attr="@Z:S*NEmbed-ActivityTransitions:">
<page>
<property>
<name>pyStepsTransParamsWhenTrue</name>
<value  attr="@Z:sTN:"></value>
</property>
<property>
<name>pyStepsTransParamsWhenFalsePrms</name>
<value  attr="@Z:sTN:"></value>
</property>
<property>
<name>pyStepsTransParamsWhenTruePrms</name>
<value  attr="@Z:sTN:"></value>
</property>
<property>
<name>pxObjClass</name>
<value  attr="@Z:sIY:">Embed-ActivityTransitions</value>
</property>
<property>
<name>pyStepsTransParamsWhen</name>
<value  attr="@Z:sTN:"></value>
</property>
<property>
<name>pyStepsTransParamsWhenFalse</name>
<value  attr="@Z:sTN:"></value>
</property>
</page>
</value>
  </list>
</value>
</property>
<property>
<name>pyStepsPreCondParams</name>
<value  attr="@Z:L*NEmbed-ActivityPreConditions:">
  <list>
<value  attr="@Z:S*NEmbed-ActivityPreConditions:">
<page>
<property>
<name>pxObjClass</name>
<value  attr="@Z:sIY:">Embed-ActivityPreConditions</value>
</property>
<property>
<name>pyStepsPreCondParamsWhenTrue</name>
<value  attr="@Z:sTN:"></value>
</property>
<property>
<name>pyStepsPreCondParamsWhen</name>
<value  attr="@Z:sTN:"></value>
</property>
<property>
<name>pyStepsPreCondParamsWhenFalsePrms</name>
<value  attr="@Z:sTN:"></value>
</property>
<property>
<name>pyStepsPreCondParamsWhenFalse</name>
<value  attr="@Z:sTN:"></value>
</property>
<property>
<name>pyStepsPreCondParamsWhenTruePrms</name>
<value  attr="@Z:sTN:"></value>
</property>
</page>
</value>
  </list>
</value>
</property>
<property>
<name>pyParamArray</name>
<value  attr="@Z:L*N:">
  <list>
<value  attr="@Z:S*N:">
<page>
<property>
<name>SelectionProperty</name>
<value  attr="@Z:s?N:">.pyClassName</value>
</property>
<property>
<name>SelectFrom</name>
<value  attr="@Z:s?N:"></value>
</property>
<property>
<name>pyTempPlaceHolder</name>
<value  attr="@Z:s?N:">TempPlaceHolder</value>
</property>
<property>
<name>Like</name>
<value  attr="@Z:s?N:">Param.StartingClassPattern + "%"</value>
</property>
<property>
<name>SelectTo</name>
<value  attr="@Z:s?N:"></value>
</property>
</page>
</value>
  </list>
</value>
</property>
</page>
</value>
<value  attr="@Z:S*NEmbed-ActivitySteps:">
<page>
<property>
<name>pyStepsBlockName</name>
<value  attr="@Z:sTN:"></value>
</property>
<property>
<name>pyStepsDescription</name>
<value  attr="@Z:sTN:">Check each activity for Show-Page method use</value>
</property>
<property>
<name>pyStepsPreCondition</name>
<value  attr="@Z:sTN:"></value>
</property>
<property>
<name>pxObjClass</name>
<value  attr="@Z:sIY:">Embed-ActivitySteps</value>
</property>
<property>
<name>pyStepsTransition</name>
<value  attr="@Z:sTN:"></value>
</property>
<property>
<name>pyStepsActivityName</name>
<value  attr="@Z:sTN:">Call CheckForShowPage</value>
</property>
<property>
<name>pyPassCurrentParameterPage</name>
<value  attr="@Z:sSN:"></value>
</property>
<property>
<name>pyStepsObjectName</name>
<value  attr="@Z:sTN:">Activities.pxResults</value>
</property>
<property>
<name>pyOnException</name>
<value  attr="@Z:sTN:"></value>
</property>
<property>
<name>pyStepsJavaSource</name>
<value  attr="@Z:sTN:"></value>
</property>
<property>
<name>pyStepsRepeatDef</name>
<value  attr="@Z:S*NEmbed-ActivityRepeat:">
<page>
<property>
<name>pyStepsRepeatDefLimit</name>
<value  attr="@Z:sTN:">@SizeOfPageList(Activities.pxResults)</value>
</property>
<property>
<name>pyStepsRepeatDefStop</name>
<value  attr="@Z:sTN:"></value>
</property>
<property>
<name>pxObjClass</name>
<value  attr="@Z:sIY:">Embed-ActivityRepeat</value>
</property>
<property>
<name>pyStepsRepeatDefHasRepeat</name>
<value  attr="@Z:sTN:">EMBEDDED</value>
</property>
<property>
<name>pyStepsRepeatDefIteration</name>
<value  attr="@Z:sTN:">1</value>
</property>
<property>
<name>pyForEachProperty</name>
<value  attr="@Z:sTN:"></value>
</property>
<property>
<name>pyStepsRepeatDefStart</name>
<value  attr="@Z:sTN:">1</value>
</property>
<property>
<name>pyForEachValidClasses</name>
<value  attr="@Z:L*NEmbed-ActivityForEachClasses:">
  <list>
<value  attr="@Z:S*NEmbed-ActivityForEachClasses:">
<page>
<property>
<name>pyForEachClass</name>
<value  attr="@Z:sTN:">Rule-Obj-Activity</value>
</property>
<property>
<name>pxObjClass</name>
<value  attr="@Z:sIY:">Embed-ActivityForEachClasses</value>
</property>
</page>
</value>
  </list>
</value>
</property>
</page>
</value>
</property>
<property>
<name>pyStepsPageAliases</name>
<value  attr="@Z:S*N:">
<page>
<property>
<name>pyTempPlaceHolder</name>
<value  attr="@Z:??N:"></value>
</property>
</page>
</value>
</property>
<property>
<name>pyStepsCallParams</name>
<value  attr="@Z:S*N:">
<page>
<property>
<name>pyTempPlaceHolder</name>
<value  attr="@Z:s?N:">TempPlaceHolder</value>
</property>
</page>
</value>
</property>
<property>
<name>pyStepsTransParams</name>
<value  attr="@Z:L*NEmbed-ActivityTransitions:">
  <list>
<value  attr="@Z:S*NEmbed-ActivityTransitions:">
<page>
<property>
<name>pyStepsTransParamsWhenTrue</name>
<value  attr="@Z:sTN:"></value>
</property>
<property>
<name>pyStepsTransParamsWhenFalsePrms</name>
<value  attr="@Z:sTN:"></value>
</property>
<property>
<name>pyStepsTransParamsWhenTruePrms</name>
<value  attr="@Z:sTN:"></value>
</property>
<property>
<name>pxObjClass</name>
<value  attr="@Z:sIY:">Embed-ActivityTransitions</value>
</property>
<property>
<name>pyStepsTransParamsWhen</name>
<value  attr="@Z:sTN:"></value>
</property>
<property>
<name>pyStepsTransParamsWhenFalse</name>
<value  attr="@Z:sTN:"></value>
</property>
</page>
</value>
  </list>
</value>
</property>
<property>
<name>pyStepsPreCondParams</name>
<value  attr="@Z:L*NEmbed-ActivityPreConditions:">
  <list>
<value  attr="@Z:S*NEmbed-ActivityPreConditions:">
<page>
<property>
<name>pxObjClass</name>
<value  attr="@Z:sIY:">Embed-ActivityPreConditions</value>
</property>
<property>
<name>pyStepsPreCondParamsWhenTrue</name>
<value  attr="@Z:sTN:"></value>
</property>
<property>
<name>pyStepsPreCondParamsWhen</name>
<value  attr="@Z:sTN:"></value>
</property>
<property>
<name>pyStepsPreCondParamsWhenFalsePrms</name>
<value  attr="@Z:sTN:"></value>
</property>
<property>
<name>pyStepsPreCondParamsWhenFalse</name>
<value  attr="@Z:sTN:"></value>
</property>
<property>
<name>pyStepsPreCondParamsWhenTruePrms</name>
<value  attr="@Z:sTN:"></value>
</property>
</page>
</value>
  </list>
</value>
</property>
<property>
<name>pyParamArray</name>
<value  attr="@Z:L*N:">
  <list>
<value  attr="@Z:S*N:">
<page>
<property>
<name>pyTempPlaceHolder</name>
<value  attr="@Z:??N:"></value>
</property>
</page>
</value>
  </list>
</value>
</property>
</page>
</value>
<value  attr="@Z:S*NEmbed-ActivitySteps:">
<page>
<property>
<name>pyStepsBlockName</name>
<value  attr="@Z:sTN:"></value>
</property>
<property>
<name>pyStepsDescription</name>
<value  attr="@Z:sTN:">Display resulting list of activities with Show-Page method calls</value>
</property>
<property>
<name>pyStepsPreCondition</name>
<value  attr="@Z:sTN:"></value>
</property>
<property>
<name>pxObjClass</name>
<value  attr="@Z:sIY:">Embed-ActivitySteps</value>
</property>
<property>
<name>pyStepsTransition</name>
<value  attr="@Z:sTN:"></value>
</property>
<property>
<name>pyStepsActivityName</name>
<value  attr="@Z:sTN:">Show-Page</value>
</property>
<property>
<name>pyPassCurrentParameterPage</name>
<value  attr="@Z:sSN:"></value>
</property>
<property>
<name>pyStepsObjectName</name>
<value  attr="@Z:sTN:">ActivitiesWithShowPage</value>
</property>
<property>
<name>pyOnException</name>
<value  attr="@Z:sTN:"></value>
</property>
<property>
<name>pyStepsJavaSource</name>
<value  attr="@Z:sTN:"></value>
</property>
<property>
<name>pyStepsRepeatDef</name>
<value  attr="@Z:S*NEmbed-ActivityRepeat:">
<page>
<property>
<name>pyStepsRepeatDefLimit</name>
<value  attr="@Z:sTN:"></value>
</property>
<property>
<name>pyStepsRepeatDefStop</name>
<value  attr="@Z:sTN:"></value>
</property>
<property>
<name>pxObjClass</name>
<value  attr="@Z:sIY:">Embed-ActivityRepeat</value>
</property>
<property>
<name>pyStepsRepeatDefHasRepeat</name>
<value  attr="@Z:sTN:"></value>
</property>
<property>
<name>pyStepsRepeatDefIteration</name>
<value  attr="@Z:sTN:"></value>
</property>
<property>
<name>pyForEachProperty</name>
<value  attr="@Z:sTN:"></value>
</property>
<property>
<name>pyStepsRepeatDefStart</name>
<value  attr="@Z:sTN:"></value>
</property>
<property>
<name>pyForEachValidClasses</name>
<value  attr="@Z:L*NEmbed-ActivityForEachClasses:">
  <list>
<value  attr="@Z:S*NEmbed-ActivityForEachClasses:">
<page>
<property>
<name>pyForEachClass</name>
<value  attr="@Z:sTN:"></value>
</property>
<property>
<name>pxObjClass</name>
<value  attr="@Z:sIY:">Embed-ActivityForEachClasses</value>
</property>
</page>
</value>
  </list>
</value>
</property>
</page>
</value>
</property>
<property>
<name>pyStepsPageAliases</name>
<value  attr="@Z:S*N:">
<page>
<property>
<name>pyTempPlaceHolder</name>
<value  attr="@Z:??N:"></value>
</property>
</page>
</value>
</property>
<property>
<name>pyStepsCallParams</name>
<value  attr="@Z:S*N:">
<page>
<property>
<name>pyTempPlaceHolder</name>
<value  attr="@Z:??N:"></value>
</property>
</page>
</value>
</property>
<property>
<name>pyStepsTransParams</name>
<value  attr="@Z:L*NEmbed-ActivityTransitions:">
  <list>
<value  attr="@Z:S*NEmbed-ActivityTransitions:">
<page>
<property>
<name>pyStepsTransParamsWhenTrue</name>
<value  attr="@Z:sTN:"></value>
</property>
<property>
<name>pyStepsTransParamsWhenFalsePrms</name>
<value  attr="@Z:sTN:"></value>
</property>
<property>
<name>pyStepsTransParamsWhenTruePrms</name>
<value  attr="@Z:sTN:"></value>
</property>
<property>
<name>pxObjClass</name>
<value  attr="@Z:sIY:">Embed-ActivityTransitions</value>
</property>
<property>
<name>pyStepsTransParamsWhen</name>
<value  attr="@Z:sTN:"></value>
</property>
<property>
<name>pyStepsTransParamsWhenFalse</name>
<value  attr="@Z:sTN:"></value>
</property>
</page>
</value>
  </list>
</value>
</property>
<property>
<name>pyStepsPreCondParams</name>
<value  attr="@Z:L*NEmbed-ActivityPreConditions:">
  <list>
<value  attr="@Z:S*NEmbed-ActivityPreConditions:">
<page>
<property>
<name>pxObjClass</name>
<value  attr="@Z:sIY:">Embed-ActivityPreConditions</value>
</property>
<property>
<name>pyStepsPreCondParamsWhenTrue</name>
<value  attr="@Z:sTN:"></value>
</property>
<property>
<name>pyStepsPreCondParamsWhen</name>
<value  attr="@Z:sTN:"></value>
</property>
<property>
<name>pyStepsPreCondParamsWhenFalsePrms</name>
<value  attr="@Z:sTN:"></value>
</property>
<property>
<name>pyStepsPreCondParamsWhenFalse</name>
<value  attr="@Z:sTN:"></value>
</property>
<property>
<name>pyStepsPreCondParamsWhenTruePrms</name>
<value  attr="@Z:sTN:"></value>
</property>
</page>
</value>
  </list>
</value>
</property>
<property>
<name>pyParamArray</name>
<value  attr="@Z:L*N:">
  <list>
<value  attr="@Z:S*N:">
<page>
<property>
<name>pyTempPlaceHolder</name>
<value  attr="@Z:??N:"></value>
</property>
</page>
</value>
  </list>
</value>
</property>
</page>
</value>
<value  attr="@Z:S*NEmbed-ActivitySteps:">
<page>
<property>
<name>pyStepsBlockName</name>
<value  attr="@Z:sTN:"></value>
</property>
<property>
<name>pyStepsDescription</name>
<value  attr="@Z:sTN:">Cleanup</value>
</property>
<property>
<name>pyStepsPreCondition</name>
<value  attr="@Z:sTN:"></value>
</property>
<property>
<name>pxObjClass</name>
<value  attr="@Z:sIY:">Embed-ActivitySteps</value>
</property>
<property>
<name>pyStepsTransition</name>
<value  attr="@Z:sTN:"></value>
</property>
<property>
<name>pyStepsActivityName</name>
<value  attr="@Z:sTN:">Page-Remove</value>
</property>
<property>
<name>pyPassCurrentParameterPage</name>
<value  attr="@Z:sSN:"></value>
</property>
<property>
<name>pyStepsObjectName</name>
<value  attr="@Z:sTN:"></value>
</property>
<property>
<name>pyOnException</name>
<value  attr="@Z:sTN:"></value>
</property>
<property>
<name>pyStepsJavaSource</name>
<value  attr="@Z:sTN:"></value>
</property>
<property>
<name>pyStepsRepeatDef</name>
<value  attr="@Z:S*NEmbed-ActivityRepeat:">
<page>
<property>
<name>pyStepsRepeatDefLimit</name>
<value  attr="@Z:sTN:"></value>
</property>
<property>
<name>pyStepsRepeatDefStop</name>
<value  attr="@Z:sTN:"></value>
</property>
<property>
<name>pxObjClass</name>
<value  attr="@Z:sIY:">Embed-ActivityRepeat</value>
</property>
<property>
<name>pyStepsRepeatDefHasRepeat</name>
<value  attr="@Z:sTN:"></value>
</property>
<property>
<name>pyStepsRepeatDefIteration</name>
<value  attr="@Z:sTN:"></value>
</property>
<property>
<name>pyForEachProperty</name>
<value  attr="@Z:sTN:"></value>
</property>
<property>
<name>pyStepsRepeatDefStart</name>
<value  attr="@Z:sTN:"></value>
</property>
<property>
<name>pyForEachValidClasses</name>
<value  attr="@Z:L*NEmbed-ActivityForEachClasses:">
  <list>
<value  attr="@Z:S*NEmbed-ActivityForEachClasses:">
<page>
<property>
<name>pyForEachClass</name>
<value  attr="@Z:sTN:"></value>
</property>
<property>
<name>pxObjClass</name>
<value  attr="@Z:sIY:">Embed-ActivityForEachClasses</value>
</property>
</page>
</value>
  </list>
</value>
</property>
</page>
</value>
</property>
<property>
<name>pyStepsPageAliases</name>
<value  attr="@Z:S*N:">
<page>
<property>
<name>pyTempPlaceHolder</name>
<value  attr="@Z:??N:"></value>
</property>
</page>
</value>
</property>
<property>
<name>pyStepsCallParams</name>
<value  attr="@Z:S*N:">
<page>
<property>
<name>pyTempPlaceHolder</name>
<value  attr="@Z:s?N:">TempPlaceHolder</value>
</property>
</page>
</value>
</property>
<property>
<name>pyStepsTransParams</name>
<value  attr="@Z:L*NEmbed-ActivityTransitions:">
  <list>
<value  attr="@Z:S*NEmbed-ActivityTransitions:">
<page>
<property>
<name>pyStepsTransParamsWhenTrue</name>
<value  attr="@Z:sTN:"></value>
</property>
<property>
<name>pyStepsTransParamsWhenFalsePrms</name>
<value  attr="@Z:sTN:"></value>
</property>
<property>
<name>pyStepsTransParamsWhenTruePrms</name>
<value  attr="@Z:sTN:"></value>
</property>
<property>
<name>pxObjClass</name>
<value  attr="@Z:sIY:">Embed-ActivityTransitions</value>
</property>
<property>
<name>pyStepsTransParamsWhen</name>
<value  attr="@Z:sTN:"></value>
</property>
<property>
<name>pyStepsTransParamsWhenFalse</name>
<value  attr="@Z:sTN:"></value>
</property>
</page>
</value>
  </list>
</value>
</property>
<property>
<name>pyStepsPreCondParams</name>
<value  attr="@Z:L*NEmbed-ActivityPreConditions:">
  <list>
<value  attr="@Z:S*NEmbed-ActivityPreConditions:">
<page>
<property>
<name>pxObjClass</name>
<value  attr="@Z:sIY:">Embed-ActivityPreConditions</value>
</property>
<property>
<name>pyStepsPreCondParamsWhenTrue</name>
<value  attr="@Z:sTN:"></value>
</property>
<property>
<name>pyStepsPreCondParamsWhen</name>
<value  attr="@Z:sTN:"></value>
</property>
<property>
<name>pyStepsPreCondParamsWhenFalsePrms</name>
<value  attr="@Z:sTN:"></value>
</property>
<property>
<name>pyStepsPreCondParamsWhenFalse</name>
<value  attr="@Z:sTN:"></value>
</property>
<property>
<name>pyStepsPreCondParamsWhenTruePrms</name>
<value  attr="@Z:sTN:"></value>
</property>
</page>
</value>
  </list>
</value>
</property>
<property>
<name>pyParamArray</name>
<value  attr="@Z:L*N:">
  <list>
<value  attr="@Z:S*N:">
<page>
<property>
<name>pyTempPlaceHolder</name>
<value  attr="@Z:s?N:">TempPlaceHolder</value>
</property>
<property>
<name>Page</name>
<value  attr="@Z:s?N:">ActivitiesWithShowPage</value>
</property>
</page>
</value>
<value  attr="@Z:S*N:">
<page>
<property>
<name>pyTempPlaceHolder</name>
<value  attr="@Z:s?N:">TempPlaceHolder</value>
</property>
<property>
<name>Page</name>
<value  attr="@Z:s?N:">Activities</value>
</property>
</page>
</value>
  </list>
</value>
</property>
</page>
</value>
  </list>
</value>
</property>
<property>
<name>pyActivityRolesList</name>
<value  attr="@Z:L*NEmbed-Rule-ActivitySecurity:">
  <list>
<value  attr="@Z:S*NEmbed-Rule-ActivitySecurity:">
<page>
<property>
<name>pxObjClass</name>
<value  attr="@Z:sIY:">Embed-Rule-ActivitySecurity</value>
</property>
<property>
<name>pyActivityRole</name>
<value  attr="@Z:sTN:"></value>
</property>
</page>
</value>
  </list>
</value>
</property>
<property>
<name>pxWarnings</name>
<value  attr="@Z:L!YEmbed-Warning:">
  <list>
  </list>
</value>
</property>
<property>
<name>pyLocalParameters</name>
<value  attr="@Z:L*NEmbed-MethodParams:">
  <list>
<value  attr="@Z:S*NEmbed-MethodParams:">
<page>
<property>
<name>pyParametersParamType</name>
<value  attr="@Z:sTN:"></value>
</property>
<property>
<name>pyParametersParamName</name>
<value  attr="@Z:sTN:"></value>
</property>
<property>
<name>pxObjClass</name>
<value  attr="@Z:sIY:">Embed-MethodParams</value>
</property>
<property>
<name>pyParametersParamDesc</name>
<value  attr="@Z:sTN:"></value>
</property>
</page>
</value>
  </list>
</value>
</property>
</page>
