<?xml version="1.0"?>
<!DOCTYPE page [
  <!-- PegaCPAX.dtd 04-Aug-99 -->
  <!ELEMENT page (property)*>
  <!ATTLIST page
    name CDATA #IMPLIED
    handle CDATA #IMPLIED>
  <!ELEMENT property (name,value?)>
  <!ELEMENT name (#PCDATA)>
  <!ELEMENT value (#PCDATA|list|page)*>
  <!ATTLIST value attr CDATA #IMPLIED>
  <!ELEMENT list (value)*>
]>

<page>
<property>
<name>pxOriginalCreateOperator</name>
<value  attr="@Z:sTY:"></value>
</property>
<property>
<name>pxInstanceLockedRuleSetVersion</name>
<value  attr="@Z:sTY:"></value>
</property>
<property>
<name>pyJavaGenerateTime</name>
<value  attr="@Z:sMN:">20070430T175909.125 GMT</value>
</property>
<property>
<name>pxInsId</name>
<value  attr="@Z:sTY:">!CHECKFORSHOWPAGE</value>
</property>
<property>
<name>pxObjClass</name>
<value  attr="@Z:sIY:">Rule-Obj-Activity</value>
</property>
<property>
<name>pxOriginalCreateOpName</name>
<value  attr="@Z:sTY:"></value>
</property>
<property>
<name>pyInputMayStart</name>
<value  attr="@Z:sSN:">false</value>
</property>
<property>
<name>pyCircumstanceDateProp</name>
<value  attr="@Z:sIN32:"></value>
</property>
<property>
<name>pyLabelOld</name>
<value  attr="@Z:sTN:">Checks to see if this activity contains a Show-Page step</value>
</property>
<property>
<name>pxMoveImportDateTime</name>
<value  attr="@Z:sMY:">20070705T205013.875 GMT</value>
</property>
<property>
<name>pxInstanceLockedRuleSet</name>
<value  attr="@Z:sTY:"></value>
</property>
<property>
<name>pxUpdateOperator</name>
<value  attr="@Z:sTY:">paul</value>
</property>
<property>
<name>pyMethodStatus</name>
<value  attr="@Z:stN10:"></value>
</property>
<property>
<name>pxInstanceLockedDateTime</name>
<value  attr="@Z:sMY:"></value>
</property>
<property>
<name>pxHostId</name>
<value  attr="@Z:sIY:">20d844f417bf85b37e64d90eccfd0101</value>
</property>
<property>
<name>pxCreateOperator</name>
<value  attr="@Z:sTY:">paul</value>
</property>
<property>
<name>pyJavaStream</name>
<value  attr="@Z:sTN:"></value>
</property>
<property>
<name>pyJavaGenerateAPIVersion</name>
<value  attr="@Z:sTN:">03-02</value>
</property>
<property>
<name>pxInstanceLockedBy</name>
<value  attr="@Z:sTY:"></value>
</property>
<property>
<name>pzStatus</name>
<value  attr="@Z:siN:">false</value>
</property>
<property>
<name>pyActivityType</name>
<value  attr="@Z:stN:">ACTIVITY</value>
</property>
<property>
<name>pyXMLSignature</name>
<value  attr="@Z:sTN20000:">&lt;methodSignature&gt;&lt;pyStepsCallParams&gt;&lt;/pyStepsCallParams&gt;&lt;pyStepsPageAliases&gt;&lt;/pyStepsPageAliases&gt;&lt;/methodSignature&gt;</value>
</property>
<property>
<name>pyStatus</name>
<value  attr="@Z:sTN:"></value>
</property>
<property>
<name>pxUpdateOpName</name>
<value  attr="@Z:sTY:">Paul Evans</value>
</property>
<property>
<name>pyRuleStarts</name>
<value  attr="@Z:sMI:"></value>
</property>
<property>
<name>pyAssociatedImage</name>
<value  attr="@Z:sTN:"></value>
</property>
<property>
<name>pzOriginalInstanceKey</name>
<value  attr="@Z:s?N:">RULE-OBJ-ACTIVITY RULE-OBJ-ACTIVITY CHECKFORSHOWPAGE #20070430T175004.562 GMT</value>
</property>
<property>
<name>pxInsName</name>
<value  attr="@Z:sIY:">RULE-OBJ-ACTIVITY!CHECKFORSHOWPAGE</value>
</property>
<property>
<name>pyDescription</name>
<value  attr="@Z:sTN:">Called by FindShowPageCalls.  This activity scans the activity instance for any uncommented Show-Page method calls.  If found, the pzInsKey of the activity instance is placed added to the set of activity keys having Show-Page methods.</value>
</property>
<property>
<name>pzInsKey</name>
<value  attr="@Z:sIY255:">RULE-OBJ-ACTIVITY RULE-OBJ-ACTIVITY CHECKFORSHOWPAGE #20070430T175004.562 GMT</value>
</property>
<property>
<name>pyRuleSetVersion</name>
<value  attr="@Z:sTN:">01-01-03</value>
</property>
<property>
<name>pxSiblingCount</name>
<value  attr="@Z:sNY:">1</value>
</property>
<property>
<name>pxOriginalCreateDateTime</name>
<value  attr="@Z:sMY:"></value>
</property>
<property>
<name>pyActivityName</name>
<value  attr="@Z:sTN:">CheckForShowPage</value>
</property>
<property>
<name>pzIndexCount</name>
<value  attr="@Z:sNY:">9</value>
</property>
<property>
<name>pxInstanceLockedKey</name>
<value  attr="@Z:sTY:"></value>
</property>
<property>
<name>pyOldActivityType</name>
<value  attr="@Z:sTN:">ACTIVITY</value>
</property>
<property>
<name>pyAuthenticatedOnly</name>
<value  attr="@Z:sSN:">false</value>
</property>
<property>
<name>pyWorkKey</name>
<value  attr="@Z:sIN:"></value>
</property>
<property>
<name>pxOriginalCreateSystemID</name>
<value  attr="@Z:sTY:"></value>
</property>
<property>
<name>pyCircumstanceDate</name>
<value  attr="@Z:sMN:"></value>
</property>
<property>
<name>pxUpdateSystemID</name>
<value  attr="@Z:sTY:">pega</value>
</property>
<property>
<name>pxCreateOpName</name>
<value  attr="@Z:sTY:">Paul Evans</value>
</property>
<property>
<name>pyJavaGenerateVersion</name>
<value  attr="@Z:sTN:">03-01-01</value>
</property>
<property>
<name>pyUsage</name>
<value  attr="@Z:sTN:">Primary page of this activity should be an instance of Rule-Obj-Activity.  The activity is scanned for Show-Page calls.</value>
</property>
<property>
<name>pyCircumstanceProp</name>
<value  attr="@Z:sTN32:"></value>
</property>
<property>
<name>pyTaskStatusXml</name>
<value  attr="@Z:sTN:">&lt;pagedata&gt;&lt;/pagedata&gt;</value>
</property>
<property>
<name>pyHistoryObject</name>
<value  attr="@Z:sSN:">false</value>
</property>
<property>
<name>pyClassName</name>
<value  attr="@Z:siN:">Rule-Obj-Activity</value>
</property>
<property>
<name>pyValueChanged</name>
<value  attr="@Z:sTN:">false</value>
</property>
<property>
<name>pxMoveImportOperName</name>
<value  attr="@Z:sTY:">Paul Evans</value>
</property>
<property>
<name>pyJavaFUAVersion</name>
<value  attr="@Z:sTN:">03-02</value>
</property>
<property>
<name>pxMoveImportOperId</name>
<value  attr="@Z:sTY:">paul</value>
</property>
<property>
<name>pyJavaClassName</name>
<value  attr="@Z:sIN:">Rule_Obj_Activity_Rule_Obj_Activity_CheckForShowPage_20070430T175503_171_GMT</value>
</property>
<property>
<name>pyLabel</name>
<value  attr="@Z:sTN64:">Checks to see if this activity contains a Show-Page step</value>
</property>
<property>
<name>pxLimitedAccess</name>
<value  attr="@Z:stY:">Dev</value>
</property>
<property>
<name>pxServerReqURI</name>
<value  attr="@Z:sTY:">/prweb/PRServlet/QtN86F3PUE52-AhAdQIbQYREGzZbCxSu*/!Developer</value>
</property>
<property>
<name>pyRuleName</name>
<value  attr="@Z:sTY255:">CheckForShowPage</value>
</property>
<property>
<name>pyRuleSet</name>
<value  attr="@Z:sIN:">UnitTest</value>
</property>
<property>
<name>pyRuleEnds</name>
<value  attr="@Z:sMI:"></value>
</property>
<property>
<name>pyRuleAvailable</name>
<value  attr="@Z:siN:">Yes</value>
</property>
<property>
<name>pyInterface</name>
<value  attr="@Z:siN64:"></value>
</property>
<property>
<name>pyCircumstanceVal</name>
<value  attr="@Z:sTN64:"></value>
</property>
<property>
<name>pxCreateDateTime</name>
<value  attr="@Z:sMY:">20070430T175004.562 GMT</value>
</property>
<property>
<name>pxUpdateDateTime</name>
<value  attr="@Z:sMY:">20070430T175909.203 GMT</value>
</property>
<property>
<name>pxMoveOriginalKey</name>
<value  attr="@Z:sTY:">RULE-OBJ-ACTIVITY RULE-OBJ-ACTIVITY CHECKFORSHOWPAGE #20070430T175004.562 GMT</value>
</property>
<property>
<name>pxMoveFromSystem</name>
<value  attr="@Z:sTY:">pega</value>
</property>
<property>
<name>pxCreateSystemID</name>
<value  attr="@Z:sTY:">pega</value>
</property>
<property>
<name>pyPagesAndClasses</name>
<value  attr="@Z:L*NEmbed-PagesAndClasses:">
  <list>
<value  attr="@Z:S*NEmbed-PagesAndClasses:">
<page>
<property>
<name>pyPagesAndClassesClass</name>
<value  attr="@Z:sTN:">UnitTest-Utilities</value>
</property>
<property>
<name>pyPagesAndClassesPage</name>
<value  attr="@Z:sTN:">ActivitiesWithShowPage</value>
</property>
<property>
<name>pxObjClass</name>
<value  attr="@Z:sIY:">Embed-PagesAndClasses</value>
</property>
<property>
<name>pyPagesAndClassesMode</name>
<value  attr="@Z:siN:"></value>
</property>
</page>
</value>
  </list>
</value>
</property>
<property>
<name>pxNamedPageReferences</name>
<value  attr="@Z:L*YEmbed-Reference-NamedPage:">
  <list>
<value  attr="@Z:S*YEmbed-Reference-NamedPage:">
<page>
<property>
<name>pxPageName</name>
<value  attr="@Z:sIY:">ActivitiesWithShowPage</value>
</property>
<property>
<name>pxObjClass</name>
<value  attr="@Z:sIY:">Embed-Reference-NamedPage</value>
</property>
<property>
<name>pzIndexes</name>
<value  attr="@Z:gNY:">
<page>
<property>
<name>NamedPageReference</name>
<value  attr="@Z:sNY:">0</value>
</property>
</page>
</value>
</property>
</page>
</value>
  </list>
</value>
</property>
<property>
<name>pyActivityPrivilegeList</name>
<value  attr="@Z:L*NEmbed-Rule-PrivilegeSecurity:">
  <list>
<value  attr="@Z:S*NEmbed-Rule-PrivilegeSecurity:">
<page>
<property>
<name>pyPrivilegeName</name>
<value  attr="@Z:sTN:"></value>
</property>
<property>
<name>pyPrivilegeClass</name>
<value  attr="@Z:sIN:">UnitTest-Utilities</value>
</property>
<property>
<name>pxObjClass</name>
<value  attr="@Z:sIY:">Embed-Rule-PrivilegeSecurity</value>
</property>
</page>
</value>
  </list>
</value>
</property>
<property>
<name>pyParameters</name>
<value  attr="@Z:L*NEmbed-MethodParams:">
  <list>
<value  attr="@Z:S*NEmbed-MethodParams:">
<page>
<property>
<name>pyParametersParamDefaultValue</name>
<value  attr="@Z:sTN:"></value>
</property>
<property>
<name>pyParametersParamType</name>
<value  attr="@Z:sTN:"></value>
</property>
<property>
<name>pyParametersParamIntelliValidateAs</name>
<value  attr="@Z:sTN:"></value>
</property>
<property>
<name>pyParametersParamReq</name>
<value  attr="@Z:sTN:"></value>
</property>
<property>
<name>pyParametersParamIntelliRule</name>
<value  attr="@Z:sTN:"></value>
</property>
<property>
<name>pyParametersParamName</name>
<value  attr="@Z:sTN:"></value>
</property>
<property>
<name>pxObjClass</name>
<value  attr="@Z:sIY:">Embed-MethodParams</value>
</property>
<property>
<name>pyParametersParamIntelliBaseClass</name>
<value  attr="@Z:sTN:"></value>
</property>
<property>
<name>pyParametersParamDesc</name>
<value  attr="@Z:sTN:"></value>
</property>
<property>
<name>pyParametersParamInOut</name>
<value  attr="@Z:sTN:"></value>
</property>
</page>
</value>
  </list>
</value>
</property>
<property>
<name>pxAPIMethodReferences</name>
<value  attr="@Z:L*YEmbed-Reference-APIMethod:">
  <list>
  </list>
</value>
</property>
<property>
<name>pxRuleReferences</name>
<value  attr="@Z:L*YEmbed-Reference-Rule:">
  <list>
<value  attr="@Z:S*YEmbed-Reference-Rule:">
<page>
<property>
<name>pxRuleClassName</name>
<value  attr="@Z:sIY:">Embed-ActivitySteps</value>
</property>
<property>
<name>pxObjClass</name>
<value  attr="@Z:sIY:">Embed-Reference-Rule</value>
</property>
<property>
<name>pxRuleObjClass</name>
<value  attr="@Z:sIY:">Rule-Obj-When</value>
</property>
<property>
<name>pxRuleFamilyName</name>
<value  attr="@Z:sTY:">ISSHOWSTEP</value>
</property>
<property>
<name>pzIndexes</name>
<value  attr="@Z:gNY:">
<page>
<property>
<name>RuleReference</name>
<value  attr="@Z:sNY:">1</value>
</property>
</page>
</value>
</property>
</page>
</value>
<value  attr="@Z:S*YEmbed-Reference-Rule:">
<page>
<property>
<name>pxRuleClassName</name>
<value  attr="@Z:sIY:">Rule-Obj-Activity</value>
</property>
<property>
<name>pxObjClass</name>
<value  attr="@Z:sIY:">Embed-Reference-Rule</value>
</property>
<property>
<name>pxRuleObjClass</name>
<value  attr="@Z:sIY:">Rule-Obj-Property</value>
</property>
<property>
<name>pxRuleFamilyName</name>
<value  attr="@Z:sTY:">PYSTEPS</value>
</property>
<property>
<name>pzIndexes</name>
<value  attr="@Z:gNY:">
<page>
<property>
<name>RuleReference</name>
<value  attr="@Z:sNY:">2</value>
</property>
</page>
</value>
</property>
</page>
</value>
<value  attr="@Z:S*YEmbed-Reference-Rule:">
<page>
<property>
<name>pxRuleClassName</name>
<value  attr="@Z:sIY:">Embed-ActivitySteps</value>
</property>
<property>
<name>pxObjClass</name>
<value  attr="@Z:sIY:">Embed-Reference-Rule</value>
</property>
<property>
<name>pxRuleObjClass</name>
<value  attr="@Z:sIY:">Rule-Obj-Class</value>
</property>
<property>
<name>pxRuleFamilyName</name>
<value  attr="@Z:sTY:">EMBED-ACTIVITYSTEPS</value>
</property>
<property>
<name>pzIndexes</name>
<value  attr="@Z:gNY:">
<page>
<property>
<name>RuleReference</name>
<value  attr="@Z:sNY:">3</value>
</property>
</page>
</value>
</property>
</page>
</value>
<value  attr="@Z:S*YEmbed-Reference-Rule:">
<page>
<property>
<name>pxRuleClassName</name>
<value  attr="@Z:sIY:">Rule-Obj-Activity</value>
</property>
<property>
<name>pxObjClass</name>
<value  attr="@Z:sIY:">Embed-Reference-Rule</value>
</property>
<property>
<name>pxRuleObjClass</name>
<value  attr="@Z:sIY:">Rule-Obj-Property</value>
</property>
<property>
<name>pxRuleFamilyName</name>
<value  attr="@Z:sTY:">PZINSKEY</value>
</property>
<property>
<name>pzIndexes</name>
<value  attr="@Z:gNY:">
<page>
<property>
<name>RuleReference</name>
<value  attr="@Z:sNY:">4</value>
</property>
</page>
</value>
</property>
</page>
</value>
<value  attr="@Z:S*YEmbed-Reference-Rule:">
<page>
<property>
<name>pxRuleClassName</name>
<value  attr="@Z:sIY:">Embed-ActivitySteps</value>
</property>
<property>
<name>pxObjClass</name>
<value  attr="@Z:sIY:">Embed-Reference-Rule</value>
</property>
<property>
<name>pxRuleObjClass</name>
<value  attr="@Z:sIY:">Rule-Obj-When</value>
</property>
<property>
<name>pxRuleFamilyName</name>
<value  attr="@Z:sTY:">ISACTIVESTEP</value>
</property>
<property>
<name>pzIndexes</name>
<value  attr="@Z:gNY:">
<page>
<property>
<name>RuleReference</name>
<value  attr="@Z:sNY:">5</value>
</property>
</page>
</value>
</property>
</page>
</value>
<value  attr="@Z:S*YEmbed-Reference-Rule:">
<page>
<property>
<name>pxRuleClassName</name>
<value  attr="@Z:sIY:">UnitTest-Utilities</value>
</property>
<property>
<name>pxObjClass</name>
<value  attr="@Z:sIY:">Embed-Reference-Rule</value>
</property>
<property>
<name>pxRuleObjClass</name>
<value  attr="@Z:sIY:">Rule-Obj-Class</value>
</property>
<property>
<name>pxRuleFamilyName</name>
<value  attr="@Z:sTY:">UNITTEST-UTILITIES</value>
</property>
<property>
<name>pzIndexes</name>
<value  attr="@Z:gNY:">
<page>
<property>
<name>RuleReference</name>
<value  attr="@Z:sNY:">6</value>
</property>
</page>
</value>
</property>
</page>
</value>
<value  attr="@Z:S*YEmbed-Reference-Rule:">
<page>
<property>
<name>pxRuleClassName</name>
<value  attr="@Z:sIY:">Rule-Obj-Activity</value>
</property>
<property>
<name>pxObjClass</name>
<value  attr="@Z:sIY:">Embed-Reference-Rule</value>
</property>
<property>
<name>pxRuleObjClass</name>
<value  attr="@Z:sIY:">Rule-Obj-Class</value>
</property>
<property>
<name>pxRuleFamilyName</name>
<value  attr="@Z:sTY:">RULE-OBJ-ACTIVITY</value>
</property>
<property>
<name>pzIndexes</name>
<value  attr="@Z:gNY:">
<page>
<property>
<name>RuleReference</name>
<value  attr="@Z:sNY:">7</value>
</property>
</page>
</value>
</property>
</page>
</value>
<value  attr="@Z:S*YEmbed-Reference-Rule:">
<page>
<property>
<name>pxRuleClassName</name>
<value  attr="@Z:sIY:">UnitTest-Utilities</value>
</property>
<property>
<name>pxObjClass</name>
<value  attr="@Z:sIY:">Embed-Reference-Rule</value>
</property>
<property>
<name>pxRuleObjClass</name>
<value  attr="@Z:sIY:">Rule-Obj-Property</value>
</property>
<property>
<name>pxRuleFamilyName</name>
<value  attr="@Z:sTY:">ACTIVITYKEYS</value>
</property>
<property>
<name>pzIndexes</name>
<value  attr="@Z:gNY:">
<page>
<property>
<name>RuleReference</name>
<value  attr="@Z:sNY:">8</value>
</property>
</page>
</value>
</property>
</page>
</value>
  </list>
</value>
</property>
<property>
<name>pySteps</name>
<value  attr="@Z:L*NEmbed-ActivitySteps:">
  <list>
<value  attr="@Z:S*NEmbed-ActivitySteps:">
<page>
<property>
<name>pyStepsBlockName</name>
<value  attr="@Z:sTN:"></value>
</property>
<property>
<name>pyStepsDescription</name>
<value  attr="@Z:sTN:">Assume the activity does not contain a Show-Page method call</value>
</property>
<property>
<name>pyStepsPreCondition</name>
<value  attr="@Z:sTN:"></value>
</property>
<property>
<name>pxObjClass</name>
<value  attr="@Z:sIY:">Embed-ActivitySteps</value>
</property>
<property>
<name>pyStepsTransition</name>
<value  attr="@Z:sTN:"></value>
</property>
<property>
<name>pyStepsActivityName</name>
<value  attr="@Z:sTN:">Property-Set</value>
</property>
<property>
<name>pyPassCurrentParameterPage</name>
<value  attr="@Z:sSN:"></value>
</property>
<property>
<name>pyStepsObjectName</name>
<value  attr="@Z:sTN:"></value>
</property>
<property>
<name>pyOnException</name>
<value  attr="@Z:sTN:"></value>
</property>
<property>
<name>pyStepsJavaSource</name>
<value  attr="@Z:sTN:"></value>
</property>
<property>
<name>pyStepsRepeatDef</name>
<value  attr="@Z:S*NEmbed-ActivityRepeat:">
<page>
<property>
<name>pyStepsRepeatDefLimit</name>
<value  attr="@Z:sTN:"></value>
</property>
<property>
<name>pyStepsRepeatDefStop</name>
<value  attr="@Z:sTN:"></value>
</property>
<property>
<name>pxObjClass</name>
<value  attr="@Z:sIY:">Embed-ActivityRepeat</value>
</property>
<property>
<name>pyStepsRepeatDefHasRepeat</name>
<value  attr="@Z:sTN:"></value>
</property>
<property>
<name>pyStepsRepeatDefIteration</name>
<value  attr="@Z:sTN:"></value>
</property>
<property>
<name>pyForEachProperty</name>
<value  attr="@Z:sTN:"></value>
</property>
<property>
<name>pyStepsRepeatDefStart</name>
<value  attr="@Z:sTN:"></value>
</property>
<property>
<name>pyForEachValidClasses</name>
<value  attr="@Z:L*NEmbed-ActivityForEachClasses:">
  <list>
<value  attr="@Z:S*NEmbed-ActivityForEachClasses:">
<page>
<property>
<name>pyForEachClass</name>
<value  attr="@Z:sTN:"></value>
</property>
<property>
<name>pxObjClass</name>
<value  attr="@Z:sIY:">Embed-ActivityForEachClasses</value>
</property>
</page>
</value>
  </list>
</value>
</property>
</page>
</value>
</property>
<property>
<name>pyStepsPageAliases</name>
<value  attr="@Z:S*N:">
<page>
<property>
<name>pyTempPlaceHolder</name>
<value  attr="@Z:??N:"></value>
</property>
</page>
</value>
</property>
<property>
<name>pyStepsCallParams</name>
<value  attr="@Z:S*N:">
<page>
<property>
<name>pyTempPlaceHolder</name>
<value  attr="@Z:s?N:">TempPlaceHolder</value>
</property>
</page>
</value>
</property>
<property>
<name>pyStepsTransParams</name>
<value  attr="@Z:L*NEmbed-ActivityTransitions:">
  <list>
<value  attr="@Z:S*NEmbed-ActivityTransitions:">
<page>
<property>
<name>pyStepsTransParamsWhenTrue</name>
<value  attr="@Z:sTN:"></value>
</property>
<property>
<name>pyStepsTransParamsWhenFalsePrms</name>
<value  attr="@Z:sTN:"></value>
</property>
<property>
<name>pyStepsTransParamsWhenTruePrms</name>
<value  attr="@Z:sTN:"></value>
</property>
<property>
<name>pxObjClass</name>
<value  attr="@Z:sIY:">Embed-ActivityTransitions</value>
</property>
<property>
<name>pyStepsTransParamsWhen</name>
<value  attr="@Z:sTN:"></value>
</property>
<property>
<name>pyStepsTransParamsWhenFalse</name>
<value  attr="@Z:sTN:"></value>
</property>
</page>
</value>
  </list>
</value>
</property>
<property>
<name>pyStepsPreCondParams</name>
<value  attr="@Z:L*NEmbed-ActivityPreConditions:">
  <list>
<value  attr="@Z:S*NEmbed-ActivityPreConditions:">
<page>
<property>
<name>pxObjClass</name>
<value  attr="@Z:sIY:">Embed-ActivityPreConditions</value>
</property>
<property>
<name>pyStepsPreCondParamsWhenTrue</name>
<value  attr="@Z:sTN:"></value>
</property>
<property>
<name>pyStepsPreCondParamsWhen</name>
<value  attr="@Z:sTN:"></value>
</property>
<property>
<name>pyStepsPreCondParamsWhenFalsePrms</name>
<value  attr="@Z:sTN:"></value>
</property>
<property>
<name>pyStepsPreCondParamsWhenFalse</name>
<value  attr="@Z:sTN:"></value>
</property>
<property>
<name>pyStepsPreCondParamsWhenTruePrms</name>
<value  attr="@Z:sTN:"></value>
</property>
</page>
</value>
  </list>
</value>
</property>
<property>
<name>pyParamArray</name>
<value  attr="@Z:L*N:">
  <list>
<value  attr="@Z:S*N:">
<page>
<property>
<name>PropertiesValue</name>
<value  attr="@Z:s?N:">false</value>
</property>
<property>
<name>PropertiesName</name>
<value  attr="@Z:s?N:">Local.hasShowPage</value>
</property>
<property>
<name>pyTempPlaceHolder</name>
<value  attr="@Z:s?N:">TempPlaceHolder</value>
</property>
</page>
</value>
  </list>
</value>
</property>
</page>
</value>
<value  attr="@Z:S*NEmbed-ActivitySteps:">
<page>
<property>
<name>pyStepsBlockName</name>
<value  attr="@Z:sTN:"></value>
</property>
<property>
<name>pyStepsDescription</name>
<value  attr="@Z:sTN:">Check each step in the activity for a Show-Page, if found - set Loca.hasShowPage to true</value>
</property>
<property>
<name>pyStepsPreCondition</name>
<value  attr="@Z:sTN:">-1</value>
</property>
<property>
<name>pxObjClass</name>
<value  attr="@Z:sIY:">Embed-ActivitySteps</value>
</property>
<property>
<name>pyStepsTransition</name>
<value  attr="@Z:sTN:"></value>
</property>
<property>
<name>pyStepsActivityName</name>
<value  attr="@Z:sTN:">Property-Set</value>
</property>
<property>
<name>pyPassCurrentParameterPage</name>
<value  attr="@Z:sSN:"></value>
</property>
<property>
<name>pyStepsObjectName</name>
<value  attr="@Z:sTN:">.pySteps</value>
</property>
<property>
<name>pyOnException</name>
<value  attr="@Z:sTN:"></value>
</property>
<property>
<name>pyStepsJavaSource</name>
<value  attr="@Z:sTN:"></value>
</property>
<property>
<name>pyStepsRepeatDef</name>
<value  attr="@Z:S*NEmbed-ActivityRepeat:">
<page>
<property>
<name>pyStepsRepeatDefLimit</name>
<value  attr="@Z:sTN:"></value>
</property>
<property>
<name>pyStepsRepeatDefStop</name>
<value  attr="@Z:sTN:"></value>
</property>
<property>
<name>pxObjClass</name>
<value  attr="@Z:sIY:">Embed-ActivityRepeat</value>
</property>
<property>
<name>pyStepsRepeatDefHasRepeat</name>
<value  attr="@Z:sTN:">EMBEDDED</value>
</property>
<property>
<name>pyStepsRepeatDefIteration</name>
<value  attr="@Z:sTN:"></value>
</property>
<property>
<name>pyForEachProperty</name>
<value  attr="@Z:sTN:"></value>
</property>
<property>
<name>pyStepsRepeatDefStart</name>
<value  attr="@Z:sTN:"></value>
</property>
<property>
<name>pyForEachValidClasses</name>
<value  attr="@Z:L*NEmbed-ActivityForEachClasses:">
  <list>
<value  attr="@Z:S*NEmbed-ActivityForEachClasses:">
<page>
<property>
<name>pyForEachClass</name>
<value  attr="@Z:sTN:">Embed-ActivitySteps</value>
</property>
<property>
<name>pxObjClass</name>
<value  attr="@Z:sIY:">Embed-ActivityForEachClasses</value>
</property>
</page>
</value>
  </list>
</value>
</property>
</page>
</value>
</property>
<property>
<name>pyStepsPageAliases</name>
<value  attr="@Z:S*N:">
<page>
<property>
<name>pyTempPlaceHolder</name>
<value  attr="@Z:??N:"></value>
</property>
</page>
</value>
</property>
<property>
<name>pyStepsCallParams</name>
<value  attr="@Z:S*N:">
<page>
<property>
<name>pyTempPlaceHolder</name>
<value  attr="@Z:s?N:">TempPlaceHolder</value>
</property>
</page>
</value>
</property>
<property>
<name>pyStepsTransParams</name>
<value  attr="@Z:L*NEmbed-ActivityTransitions:">
  <list>
<value  attr="@Z:S*NEmbed-ActivityTransitions:">
<page>
<property>
<name>pyStepsTransParamsWhenTrue</name>
<value  attr="@Z:sTN:"></value>
</property>
<property>
<name>pyStepsTransParamsWhenFalsePrms</name>
<value  attr="@Z:sTN:"></value>
</property>
<property>
<name>pyStepsTransParamsWhenTruePrms</name>
<value  attr="@Z:sTN:"></value>
</property>
<property>
<name>pxObjClass</name>
<value  attr="@Z:sIY:">Embed-ActivityTransitions</value>
</property>
<property>
<name>pyStepsTransParamsWhen</name>
<value  attr="@Z:sTN:"></value>
</property>
<property>
<name>pyStepsTransParamsWhenFalse</name>
<value  attr="@Z:sTN:"></value>
</property>
</page>
</value>
  </list>
</value>
</property>
<property>
<name>pyStepsPreCondParams</name>
<value  attr="@Z:L*NEmbed-ActivityPreConditions:">
  <list>
<value  attr="@Z:S*NEmbed-ActivityPreConditions:">
<page>
<property>
<name>pxObjClass</name>
<value  attr="@Z:sIY:">Embed-ActivityPreConditions</value>
</property>
<property>
<name>pyStepsPreCondParamsWhenTrue</name>
<value  attr="@Z:sTN:">2</value>
</property>
<property>
<name>pyStepsPreCondParamsWhen</name>
<value  attr="@Z:sTN:">IsActiveStep</value>
</property>
<property>
<name>pyStepsPreCondParamsWhenFalsePrms</name>
<value  attr="@Z:sTN:"></value>
</property>
<property>
<name>pyStepsPreCondParamsWhenFalse</name>
<value  attr="@Z:sTN:">4</value>
</property>
<property>
<name>pyStepsPreCondParamsWhenTruePrms</name>
<value  attr="@Z:sTN:"></value>
</property>
</page>
</value>
<value  attr="@Z:S*NEmbed-ActivityPreConditions:">
<page>
<property>
<name>pxObjClass</name>
<value  attr="@Z:sIY:">Embed-ActivityPreConditions</value>
</property>
<property>
<name>pyStepsPreCondParamsWhenTrue</name>
<value  attr="@Z:sTN:">2</value>
</property>
<property>
<name>pyStepsPreCondParamsWhen</name>
<value  attr="@Z:sTN:">IsShowStep</value>
</property>
<property>
<name>pyStepsPreCondParamsWhenFalsePrms</name>
<value  attr="@Z:sTN:"></value>
</property>
<property>
<name>pyStepsPreCondParamsWhenFalse</name>
<value  attr="@Z:sTN:">4</value>
</property>
<property>
<name>pyStepsPreCondParamsWhenTruePrms</name>
<value  attr="@Z:sTN:"></value>
</property>
</page>
</value>
  </list>
</value>
</property>
<property>
<name>pyParamArray</name>
<value  attr="@Z:L*N:">
  <list>
<value  attr="@Z:S*N:">
<page>
<property>
<name>PropertiesValue</name>
<value  attr="@Z:s?N:">true</value>
</property>
<property>
<name>PropertiesName</name>
<value  attr="@Z:s?N:">Local.hasShowPage</value>
</property>
<property>
<name>pyTempPlaceHolder</name>
<value  attr="@Z:s?N:">TempPlaceHolder</value>
</property>
</page>
</value>
  </list>
</value>
</property>
</page>
</value>
<value  attr="@Z:S*NEmbed-ActivitySteps:">
<page>
<property>
<name>pyStepsBlockName</name>
<value  attr="@Z:sTN:"></value>
</property>
<property>
<name>pyStepsDescription</name>
<value  attr="@Z:sTN:">If Show-Page was found, append the pzInsKey to the collection of activities having a Show-Page call</value>
</property>
<property>
<name>pyStepsPreCondition</name>
<value  attr="@Z:sTN:">-1</value>
</property>
<property>
<name>pxObjClass</name>
<value  attr="@Z:sIY:">Embed-ActivitySteps</value>
</property>
<property>
<name>pyStepsTransition</name>
<value  attr="@Z:sTN:"></value>
</property>
<property>
<name>pyStepsActivityName</name>
<value  attr="@Z:sTN:">Property-Set</value>
</property>
<property>
<name>pyPassCurrentParameterPage</name>
<value  attr="@Z:sSN:"></value>
</property>
<property>
<name>pyStepsObjectName</name>
<value  attr="@Z:sTN:">ActivitiesWithShowPage</value>
</property>
<property>
<name>pyOnException</name>
<value  attr="@Z:sTN:"></value>
</property>
<property>
<name>pyStepsJavaSource</name>
<value  attr="@Z:sTN:"></value>
</property>
<property>
<name>pyStepsRepeatDef</name>
<value  attr="@Z:S*NEmbed-ActivityRepeat:">
<page>
<property>
<name>pyStepsRepeatDefLimit</name>
<value  attr="@Z:sTN:"></value>
</property>
<property>
<name>pyStepsRepeatDefStop</name>
<value  attr="@Z:sTN:"></value>
</property>
<property>
<name>pxObjClass</name>
<value  attr="@Z:sIY:">Embed-ActivityRepeat</value>
</property>
<property>
<name>pyStepsRepeatDefHasRepeat</name>
<value  attr="@Z:sTN:"></value>
</property>
<property>
<name>pyStepsRepeatDefIteration</name>
<value  attr="@Z:sTN:"></value>
</property>
<property>
<name>pyForEachProperty</name>
<value  attr="@Z:sTN:"></value>
</property>
<property>
<name>pyStepsRepeatDefStart</name>
<value  attr="@Z:sTN:"></value>
</property>
<property>
<name>pyForEachValidClasses</name>
<value  attr="@Z:L*NEmbed-ActivityForEachClasses:">
  <list>
<value  attr="@Z:S*NEmbed-ActivityForEachClasses:">
<page>
<property>
<name>pyForEachClass</name>
<value  attr="@Z:sTN:"></value>
</property>
<property>
<name>pxObjClass</name>
<value  attr="@Z:sIY:">Embed-ActivityForEachClasses</value>
</property>
</page>
</value>
  </list>
</value>
</property>
</page>
</value>
</property>
<property>
<name>pyStepsPageAliases</name>
<value  attr="@Z:S*N:">
<page>
<property>
<name>pyTempPlaceHolder</name>
<value  attr="@Z:??N:"></value>
</property>
</page>
</value>
</property>
<property>
<name>pyStepsCallParams</name>
<value  attr="@Z:S*N:">
<page>
<property>
<name>pyTempPlaceHolder</name>
<value  attr="@Z:s?N:">TempPlaceHolder</value>
</property>
</page>
</value>
</property>
<property>
<name>pyStepsTransParams</name>
<value  attr="@Z:L*NEmbed-ActivityTransitions:">
  <list>
<value  attr="@Z:S*NEmbed-ActivityTransitions:">
<page>
<property>
<name>pyStepsTransParamsWhenTrue</name>
<value  attr="@Z:sTN:"></value>
</property>
<property>
<name>pyStepsTransParamsWhenFalsePrms</name>
<value  attr="@Z:sTN:"></value>
</property>
<property>
<name>pyStepsTransParamsWhenTruePrms</name>
<value  attr="@Z:sTN:"></value>
</property>
<property>
<name>pxObjClass</name>
<value  attr="@Z:sIY:">Embed-ActivityTransitions</value>
</property>
<property>
<name>pyStepsTransParamsWhen</name>
<value  attr="@Z:sTN:"></value>
</property>
<property>
<name>pyStepsTransParamsWhenFalse</name>
<value  attr="@Z:sTN:"></value>
</property>
</page>
</value>
  </list>
</value>
</property>
<property>
<name>pyStepsPreCondParams</name>
<value  attr="@Z:L*NEmbed-ActivityPreConditions:">
  <list>
<value  attr="@Z:S*NEmbed-ActivityPreConditions:">
<page>
<property>
<name>pxObjClass</name>
<value  attr="@Z:sIY:">Embed-ActivityPreConditions</value>
</property>
<property>
<name>pyStepsPreCondParamsWhenTrue</name>
<value  attr="@Z:sTN:">2</value>
</property>
<property>
<name>pyStepsPreCondParamsWhen</name>
<value  attr="@Z:sTN:">Local.hasShowPage</value>
</property>
<property>
<name>pyStepsPreCondParamsWhenFalsePrms</name>
<value  attr="@Z:sTN:"></value>
</property>
<property>
<name>pyStepsPreCondParamsWhenFalse</name>
<value  attr="@Z:sTN:">3</value>
</property>
<property>
<name>pyStepsPreCondParamsWhenTruePrms</name>
<value  attr="@Z:sTN:"></value>
</property>
</page>
</value>
  </list>
</value>
</property>
<property>
<name>pyParamArray</name>
<value  attr="@Z:L*N:">
  <list>
<value  attr="@Z:S*N:">
<page>
<property>
<name>PropertiesValue</name>
<value  attr="@Z:s?N:">Primary.pzInsKey</value>
</property>
<property>
<name>PropertiesName</name>
<value  attr="@Z:s?N:">.ActivityKeys(&lt;APPEND&gt;)</value>
</property>
<property>
<name>pyTempPlaceHolder</name>
<value  attr="@Z:s?N:">TempPlaceHolder</value>
</property>
</page>
</value>
  </list>
</value>
</property>
</page>
</value>
  </list>
</value>
</property>
<property>
<name>pyActivityRolesList</name>
<value  attr="@Z:L*NEmbed-Rule-ActivitySecurity:">
  <list>
<value  attr="@Z:S*NEmbed-Rule-ActivitySecurity:">
<page>
<property>
<name>pxObjClass</name>
<value  attr="@Z:sIY:">Embed-Rule-ActivitySecurity</value>
</property>
<property>
<name>pyActivityRole</name>
<value  attr="@Z:sTN:"></value>
</property>
</page>
</value>
  </list>
</value>
</property>
<property>
<name>pxWarnings</name>
<value  attr="@Z:L!YEmbed-Warning:">
  <list>
  </list>
</value>
</property>
<property>
<name>pyLocalParameters</name>
<value  attr="@Z:L*NEmbed-MethodParams:">
  <list>
<value  attr="@Z:S*NEmbed-MethodParams:">
<page>
<property>
<name>pyParametersParamType</name>
<value  attr="@Z:sTN:">boolean</value>
</property>
<property>
<name>pyParametersParamName</name>
<value  attr="@Z:sTN:">hasShowPage</value>
</property>
<property>
<name>pxObjClass</name>
<value  attr="@Z:sIY:">Embed-MethodParams</value>
</property>
<property>
<name>pyParametersParamDesc</name>
<value  attr="@Z:sTN:">True if a Show-Page method call is found</value>
</property>
</page>
</value>
  </list>
</value>
</property>
</page>
