<?xml version="1.0"?>
<!DOCTYPE page [
  <!-- PegaCPAX.dtd 04-Aug-99 -->
  <!ELEMENT page (property)*>
  <!ATTLIST page
    name CDATA #IMPLIED
    handle CDATA #IMPLIED>
  <!ELEMENT property (name,value?)>
  <!ELEMENT name (#PCDATA)>
  <!ELEMENT value (#PCDATA|list|page)*>
  <!ATTLIST value attr CDATA #IMPLIED>
  <!ELEMENT list (value)*>
]>

<page>
<property>
<name>pxOriginalCreateOperator</name>
<value  attr="@Z:sTY:"></value>
</property>
<property>
<name>pxInstanceLockedRuleSetVersion</name>
<value  attr="@Z:sTY:"></value>
</property>
<property>
<name>pyDesktopType</name>
<value  attr="@Z:sTN:">Developer</value>
</property>
<property>
<name>pxInsId</name>
<value  attr="@Z:sTY:">SYSADMINDDWIZARD</value>
</property>
<property>
<name>pxObjClass</name>
<value  attr="@Z:sIY:">Rule-Portal</value>
</property>
<property>
<name>pyStartPage</name>
<value  attr="@Z:sTN:">Dashboard</value>
</property>
<property>
<name>pxOriginalCreateOpName</name>
<value  attr="@Z:sTY:"></value>
</property>
<property>
<name>pyCircumstanceDateProp</name>
<value  attr="@Z:sIN32:"></value>
</property>
<property>
<name>pyLabelOld</name>
<value  attr="@Z:sTN:">Sys Admin</value>
</property>
<property>
<name>pxMoveImportDateTime</name>
<value  attr="@Z:sMY:">20070705T204533.062 GMT</value>
</property>
<property>
<name>pxInstanceLockedRuleSet</name>
<value  attr="@Z:sTY:"></value>
</property>
<property>
<name>pyRefreshInterval</name>
<value  attr="@Z:sNN:">180</value>
</property>
<property>
<name>pxUpdateOperator</name>
<value  attr="@Z:sTY:">paul</value>
</property>
<property>
<name>pyMethodStatus</name>
<value  attr="@Z:stN10:"></value>
</property>
<property>
<name>pxInstanceLockedDateTime</name>
<value  attr="@Z:sMY:"></value>
</property>
<property>
<name>pxHostId</name>
<value  attr="@Z:sIY:">20d844f417bf85b37e64d90eccfd0101</value>
</property>
<property>
<name>pxCreateOperator</name>
<value  attr="@Z:sTY:">paul</value>
</property>
<property>
<name>pySkinType</name>
<value  attr="@Z:sTN:"></value>
</property>
<property>
<name>pyJavaStream</name>
<value  attr="@Z:sTN:"></value>
</property>
<property>
<name>pxInstanceLockedBy</name>
<value  attr="@Z:sTY:"></value>
</property>
<property>
<name>pzStatus</name>
<value  attr="@Z:siN:">false</value>
</property>
<property>
<name>pyStatus</name>
<value  attr="@Z:sTN:"></value>
</property>
<property>
<name>pxUpdateOpName</name>
<value  attr="@Z:sTY:">Paul Evans</value>
</property>
<property>
<name>pyNarrowPaneHTML</name>
<value  attr="@Z:sTN:"></value>
</property>
<property>
<name>pyLocalized</name>
<value  attr="@Z:sSN:">false</value>
</property>
<property>
<name>pyRuleStarts</name>
<value  attr="@Z:sMI:"></value>
</property>
<property>
<name>pzOriginalInstanceKey</name>
<value  attr="@Z:s?N:">RULE-PORTAL SYSADMINDDWIZARD #20051011T041306.878 GMT</value>
</property>
<property>
<name>pxInsName</name>
<value  attr="@Z:sIY:">SYSADMINDDWIZARD</value>
</property>
<property>
<name>pyDescription</name>
<value  attr="@Z:sTN:">Added "RunUnitTests" gadget to "Rules" and "Dashboard" portal views.</value>
</property>
<property>
<name>pzInsKey</name>
<value  attr="@Z:sIY255:">RULE-PORTAL SYSADMINDDWIZARD #20061213T025146.906 GMT</value>
</property>
<property>
<name>pyRuleSetVersion</name>
<value  attr="@Z:sTN:">01-01-01</value>
</property>
<property>
<name>pxSiblingCount</name>
<value  attr="@Z:sNY:">6</value>
</property>
<property>
<name>pxOriginalCreateDateTime</name>
<value  attr="@Z:sMY:"></value>
</property>
<property>
<name>pyNamespace</name>
<value  attr="@Z:sIN:"></value>
</property>
<property>
<name>pyLayoutType</name>
<value  attr="@Z:sTN:">classic</value>
</property>
<property>
<name>pxInstanceLockedKey</name>
<value  attr="@Z:sTY:"></value>
</property>
<property>
<name>pyOwner</name>
<value  attr="@Z:sTN:">SysAdminDDWizard</value>
</property>
<property>
<name>pxOriginalCreateSystemID</name>
<value  attr="@Z:sTY:"></value>
</property>
<property>
<name>pyCircumstanceDate</name>
<value  attr="@Z:sMN:"></value>
</property>
<property>
<name>pxUpdateSystemID</name>
<value  attr="@Z:sTY:">wfe</value>
</property>
<property>
<name>pxCreateOpName</name>
<value  attr="@Z:sTY:">Paul Evans</value>
</property>
<property>
<name>pxOriginalInstanceKey</name>
<value  attr="@Z:sIY:">RULE-PORTAL SYSADMINDD #20040108T165812.916 GMT</value>
</property>
<property>
<name>pyLoadOCX</name>
<value  attr="@Z:sSN:"></value>
</property>
<property>
<name>pyUsage</name>
<value  attr="@Z:sTN:">UnitTest RuleSet - An xUnit-style framework for unit testing
Copyright (C) 2006  Paul R. Evans

This library is free software; you can redistribute it and/or
modify it under the terms of the GNU Lesser General Public
License as published by the Free Software Foundation; either
version 2.1 of the License, or (at your option) any later version.

This library is distributed in the hope that it will be useful,
but WITHOUT ANY WARRANTY; without even the implied warranty of
MERCHANTABILITY or FITNESS FOR A PARTICULAR PURPOSE.  See the GNU
Lesser General Public License for more details.

You should have received a copy of the GNU Lesser General Public
License along with this library; if not, write to the Free Software
Foundation, Inc., 51 Franklin St, Fifth Floor, Boston, MA  02110-1301  USA</value>
</property>
<property>
<name>pyCircumstanceProp</name>
<value  attr="@Z:sTN32:"></value>
</property>
<property>
<name>pyWarnDirty</name>
<value  attr="@Z:sSN:">true</value>
</property>
<property>
<name>pyWidePaneHTML</name>
<value  attr="@Z:sTN:"></value>
</property>
<property>
<name>pyHistoryObject</name>
<value  attr="@Z:sSN:">false</value>
</property>
<property>
<name>pyClassName</name>
<value  attr="@Z:siN:"></value>
</property>
<property>
<name>pxMoveOriginalRuleSet</name>
<value  attr="@Z:sTY:">Pega-ProCom</value>
</property>
<property>
<name>pyValueChanged</name>
<value  attr="@Z:sTN:">true</value>
</property>
<property>
<name>pxMoveImportOperName</name>
<value  attr="@Z:sTY:">Paul Evans</value>
</property>
<property>
<name>pxMoveImportOperId</name>
<value  attr="@Z:sTY:">paul</value>
</property>
<property>
<name>pyWarnExitApp</name>
<value  attr="@Z:sSN:">false</value>
</property>
<property>
<name>pyLabel</name>
<value  attr="@Z:sTN64:">Sys Admin</value>
</property>
<property>
<name>pxLimitedAccess</name>
<value  attr="@Z:stY:">Dev</value>
</property>
<property>
<name>pxServerReqURI</name>
<value  attr="@Z:sTY:">/prweb/PRServlet</value>
</property>
<property>
<name>pyRuleSet</name>
<value  attr="@Z:sIN:">UnitTest-Portal</value>
</property>
<property>
<name>pyRuleName</name>
<value  attr="@Z:sTY255:">SysAdminDDWizard</value>
</property>
<property>
<name>pyRuleEnds</name>
<value  attr="@Z:sMI:"></value>
</property>
<property>
<name>pyRuleAvailable</name>
<value  attr="@Z:siN:">Yes</value>
</property>
<property>
<name>pyInterface</name>
<value  attr="@Z:siN64:"></value>
</property>
<property>
<name>pyCircumstanceVal</name>
<value  attr="@Z:sTN64:"></value>
</property>
<property>
<name>pxMoveOriginalRuleSetVersion</name>
<value  attr="@Z:sTY:">04-02-25</value>
</property>
<property>
<name>pxCreateDateTime</name>
<value  attr="@Z:sMY:">20061213T025146.906 GMT</value>
</property>
<property>
<name>pxUpdateDateTime</name>
<value  attr="@Z:sMY:">20061213T025146.906 GMT</value>
</property>
<property>
<name>pxMoveOriginalKey</name>
<value  attr="@Z:sTY:">RULE-PORTAL SYSADMINDDWIZARD #20061213T025146.906 GMT</value>
</property>
<property>
<name>pxMoveFromSystem</name>
<value  attr="@Z:sTY:">pega</value>
</property>
<property>
<name>pxCreateSystemID</name>
<value  attr="@Z:sTY:">wfe</value>
</property>
<property>
<name>pyPagesAndClasses</name>
<value  attr="@Z:L*NEmbed-PagesAndClasses:">
  <list>
<value  attr="@Z:S*NEmbed-PagesAndClasses:">
<page>
<property>
<name>pyPagesAndClassesClass</name>
<value  attr="@Z:sTN:"></value>
</property>
<property>
<name>pyPagesAndClassesPage</name>
<value  attr="@Z:sTN:"></value>
</property>
<property>
<name>pxObjClass</name>
<value  attr="@Z:sIY:">Embed-PagesAndClasses</value>
</property>
</page>
</value>
  </list>
</value>
</property>
<property>
<name>pxNamedPageReferences</name>
<value  attr="@Z:L*YEmbed-Reference-NamedPage:">
  <list>
  </list>
</value>
</property>
<property>
<name>pxAPIMethodReferences</name>
<value  attr="@Z:L*YEmbed-Reference-APIMethod:">
  <list>
  </list>
</value>
</property>
<property>
<name>pyHeading</name>
<value  attr="@Z:S*NEmbed-Pega-PortalFormat:">
<page>
<property>
<name>pyLogoTitle</name>
<value  attr="@Z:sTN:">Click for Home view</value>
</property>
<property>
<name>pyHelpUrl</name>
<value  attr="@Z:sTN:">procomhelpmain.htm</value>
</property>
<property>
<name>pxObjClass</name>
<value  attr="@Z:sIY:">Embed-Pega-PortalFormat</value>
</property>
<property>
<name>pyShowAppSelector</name>
<value  attr="@Z:sSN:">true</value>
</property>
<property>
<name>pyIncludeLogoff</name>
<value  attr="@Z:sSN:">true</value>
</property>
<property>
<name>pyIncludeLaunch</name>
<value  attr="@Z:sSN:">true</value>
</property>
<property>
<name>pyLogo</name>
<value  attr="@Z:sTN:">logo.gif</value>
</property>
</page>
</value>
</property>
<property>
<name>pyPortalPages</name>
<value  attr="@Z:L*NEmbed-Pega-PortalPage:">
  <list>
<value  attr="@Z:S*NEmbed-Pega-PortalPage:">
<page>
<property>
<name>pyTitle</name>
<value  attr="@Z:sTN:">Dashboard</value>
</property>
<property>
<name>pyRefreshOnApplicationChange</name>
<value  attr="@Z:sSN:">false</value>
</property>
<property>
<name>pxObjClass</name>
<value  attr="@Z:sIY:">Embed-Pega-PortalPage</value>
</property>
<property>
<name>pyCaption</name>
<value  attr="@Z:sTN:">Dashboard</value>
</property>
<property>
<name>pyColumn</name>
<value  attr="@Z:L*NEmbed-Pega-PortalColumn:">
  <list>
<value  attr="@Z:S*NEmbed-Pega-PortalColumn:">
<page>
<property>
<name>pxObjClass</name>
<value  attr="@Z:sIY:">Embed-Pega-PortalColumn</value>
</property>
<property>
<name>pyType</name>
<value  attr="@Z:sTN:">NARROW</value>
</property>
<property>
<name>pyUseGadgets</name>
<value  attr="@Z:L*NEmbed-Pega-PortalGadget:">
  <list>
<value  attr="@Z:S*NEmbed-Pega-PortalGadget:">
<page>
<property>
<name>pyGadgetName</name>
<value  attr="@Z:sTN:">myNewsDD</value>
</property>
<property>
<name>pyGadgetImage</name>
<value  attr="@Z:sTN:"></value>
</property>
<property>
<name>pyInitialOpenState</name>
<value  attr="@Z:sSN:">false</value>
</property>
<property>
<name>pyGadgetCaption</name>
<value  attr="@Z:sTN:">News</value>
</property>
<property>
<name>pxObjClass</name>
<value  attr="@Z:sIY:">Embed-Pega-PortalGadget</value>
</property>
<property>
<name>pyUseAdvanced</name>
<value  attr="@Z:sSN:">false</value>
</property>
</page>
</value>
<value  attr="@Z:S*NEmbed-Pega-PortalGadget:">
<page>
<property>
<name>pyGadgetName</name>
<value  attr="@Z:sTN:">Profile</value>
</property>
<property>
<name>pyGadgetImage</name>
<value  attr="@Z:sTN:"></value>
</property>
<property>
<name>pyInitialOpenState</name>
<value  attr="@Z:sSN:">false</value>
</property>
<property>
<name>pyGadgetCaption</name>
<value  attr="@Z:sTN:">Profile</value>
</property>
<property>
<name>pxObjClass</name>
<value  attr="@Z:sIY:">Embed-Pega-PortalGadget</value>
</property>
<property>
<name>pyUseAdvanced</name>
<value  attr="@Z:sSN:">false</value>
</property>
</page>
</value>
<value  attr="@Z:S*NEmbed-Pega-PortalGadget:">
<page>
<property>
<name>pyGadgetName</name>
<value  attr="@Z:sTN:">RunUnitTests</value>
</property>
<property>
<name>pyGadgetImage</name>
<value  attr="@Z:sTN:"></value>
</property>
<property>
<name>pyInitialOpenState</name>
<value  attr="@Z:sSN:"></value>
</property>
<property>
<name>pyGadgetCaption</name>
<value  attr="@Z:sTN:">Run Unit Tests</value>
</property>
<property>
<name>pxObjClass</name>
<value  attr="@Z:sIY:">Embed-Pega-PortalGadget</value>
</property>
<property>
<name>pyUseAdvanced</name>
<value  attr="@Z:sSN:">false</value>
</property>
</page>
</value>
  </list>
</value>
</property>
</page>
</value>
<value  attr="@Z:S*NEmbed-Pega-PortalColumn:">
<page>
<property>
<name>pxObjClass</name>
<value  attr="@Z:sIY:">Embed-Pega-PortalColumn</value>
</property>
<property>
<name>pyType</name>
<value  attr="@Z:sTN:">WIDE</value>
</property>
<property>
<name>pyUseGadgets</name>
<value  attr="@Z:L*NEmbed-Pega-PortalGadget:">
  <list>
<value  attr="@Z:S*NEmbed-Pega-PortalGadget:">
<page>
<property>
<name>pyGadgetName</name>
<value  attr="@Z:sTN:">WizardStart</value>
</property>
<property>
<name>pyGadgetImage</name>
<value  attr="@Z:sTN:"></value>
</property>
<property>
<name>pyDeferLoad</name>
<value  attr="@Z:sSN:">false</value>
</property>
<property>
<name>pyInitialOpenState</name>
<value  attr="@Z:sSN:">true</value>
</property>
<property>
<name>pyGadgetCaption</name>
<value  attr="@Z:sTN:">Start Here</value>
</property>
<property>
<name>pxObjClass</name>
<value  attr="@Z:sIY:">Embed-Pega-PortalGadget</value>
</property>
<property>
<name>pyUseAdvanced</name>
<value  attr="@Z:sSN:">false</value>
</property>
</page>
</value>
  </list>
</value>
</property>
</page>
</value>
  </list>
</value>
</property>
</page>
</value>
<value  attr="@Z:S*NEmbed-Pega-PortalPage:">
<page>
<property>
<name>pyTitle</name>
<value  attr="@Z:sTN:">Process Work</value>
</property>
<property>
<name>pyRefreshOnApplicationChange</name>
<value  attr="@Z:sSN:">false</value>
</property>
<property>
<name>pxObjClass</name>
<value  attr="@Z:sIY:">Embed-Pega-PortalPage</value>
</property>
<property>
<name>pyCaption</name>
<value  attr="@Z:sTN:">Work</value>
</property>
<property>
<name>pyColumn</name>
<value  attr="@Z:L*NEmbed-Pega-PortalColumn:">
  <list>
<value  attr="@Z:S*NEmbed-Pega-PortalColumn:">
<page>
<property>
<name>pxObjClass</name>
<value  attr="@Z:sIY:">Embed-Pega-PortalColumn</value>
</property>
<property>
<name>pyType</name>
<value  attr="@Z:sTN:">NARROW</value>
</property>
<property>
<name>pyUseGadgets</name>
<value  attr="@Z:L*NEmbed-Pega-PortalGadget:">
  <list>
<value  attr="@Z:S*NEmbed-Pega-PortalGadget:">
<page>
<property>
<name>pyGadgetName</name>
<value  attr="@Z:sTN:">NewWorkTask</value>
</property>
<property>
<name>pyGadgetImage</name>
<value  attr="@Z:sTN:"></value>
</property>
<property>
<name>pyInitialOpenState</name>
<value  attr="@Z:sSN:">false</value>
</property>
<property>
<name>pyGadgetCaption</name>
<value  attr="@Z:sTN:">New</value>
</property>
<property>
<name>pxObjClass</name>
<value  attr="@Z:sIY:">Embed-Pega-PortalGadget</value>
</property>
<property>
<name>pyUseAdvanced</name>
<value  attr="@Z:sSN:">false</value>
</property>
</page>
</value>
<value  attr="@Z:S*NEmbed-Pega-PortalGadget:">
<page>
<property>
<name>pyGadgetName</name>
<value  attr="@Z:sTN:">findWorkByIDQueryNext</value>
</property>
<property>
<name>pyGadgetImage</name>
<value  attr="@Z:sTN:"></value>
</property>
<property>
<name>pyInitialOpenState</name>
<value  attr="@Z:sSN:">false</value>
</property>
<property>
<name>pyGadgetCaption</name>
<value  attr="@Z:sTN:">Find</value>
</property>
<property>
<name>pxObjClass</name>
<value  attr="@Z:sIY:">Embed-Pega-PortalGadget</value>
</property>
<property>
<name>pyUseAdvanced</name>
<value  attr="@Z:sSN:">false</value>
</property>
</page>
</value>
<value  attr="@Z:S*NEmbed-Pega-PortalGadget:">
<page>
<property>
<name>pyGadgetName</name>
<value  attr="@Z:sTN:">Recent</value>
</property>
<property>
<name>pyGadgetImage</name>
<value  attr="@Z:sTN:"></value>
</property>
<property>
<name>pyInitialOpenState</name>
<value  attr="@Z:sSN:">false</value>
</property>
<property>
<name>pyGadgetCaption</name>
<value  attr="@Z:sTN:">Recent</value>
</property>
<property>
<name>pxObjClass</name>
<value  attr="@Z:sIY:">Embed-Pega-PortalGadget</value>
</property>
<property>
<name>pyUseAdvanced</name>
<value  attr="@Z:sSN:">false</value>
</property>
</page>
</value>
  </list>
</value>
</property>
</page>
</value>
<value  attr="@Z:S*NEmbed-Pega-PortalColumn:">
<page>
<property>
<name>pxObjClass</name>
<value  attr="@Z:sIY:">Embed-Pega-PortalColumn</value>
</property>
<property>
<name>pyType</name>
<value  attr="@Z:sTN:">WIDE</value>
</property>
<property>
<name>pyUseGadgets</name>
<value  attr="@Z:L*NEmbed-Pega-PortalGadget:">
  <list>
<value  attr="@Z:S*NEmbed-Pega-PortalGadget:">
<page>
<property>
<name>pyGadgetName</name>
<value  attr="@Z:sTN:">Worklist</value>
</property>
<property>
<name>pyGadgetImage</name>
<value  attr="@Z:sTN:"></value>
</property>
<property>
<name>pyDeferLoad</name>
<value  attr="@Z:sSN:">false</value>
</property>
<property>
<name>pyInitialOpenState</name>
<value  attr="@Z:sSN:">true</value>
</property>
<property>
<name>pyGadgetCaption</name>
<value  attr="@Z:sTN:">My Work in Progress</value>
</property>
<property>
<name>pxObjClass</name>
<value  attr="@Z:sIY:">Embed-Pega-PortalGadget</value>
</property>
<property>
<name>pyUseAdvanced</name>
<value  attr="@Z:sSN:">true</value>
</property>
</page>
</value>
<value  attr="@Z:S*NEmbed-Pega-PortalGadget:">
<page>
<property>
<name>pyGadgetName</name>
<value  attr="@Z:sTN:">myGroupDD</value>
</property>
<property>
<name>pyGadgetImage</name>
<value  attr="@Z:sTN:"></value>
</property>
<property>
<name>pyDeferLoad</name>
<value  attr="@Z:sSN:">false</value>
</property>
<property>
<name>pyInitialOpenState</name>
<value  attr="@Z:sSN:">true</value>
</property>
<property>
<name>pyGadgetCaption</name>
<value  attr="@Z:sTN:">My Group</value>
</property>
<property>
<name>pxObjClass</name>
<value  attr="@Z:sIY:">Embed-Pega-PortalGadget</value>
</property>
<property>
<name>pyUseAdvanced</name>
<value  attr="@Z:sSN:">false</value>
</property>
</page>
</value>
<value  attr="@Z:S*NEmbed-Pega-PortalGadget:">
<page>
<property>
<name>pyGadgetName</name>
<value  attr="@Z:sTN:">MyProcessActionsDD</value>
</property>
<property>
<name>pyGadgetImage</name>
<value  attr="@Z:sTN:"></value>
</property>
<property>
<name>pyDeferLoad</name>
<value  attr="@Z:sSN:">false</value>
</property>
<property>
<name>pyInitialOpenState</name>
<value  attr="@Z:sSN:">true</value>
</property>
<property>
<name>pyGadgetCaption</name>
<value  attr="@Z:sTN:">My Process Actions</value>
</property>
<property>
<name>pxObjClass</name>
<value  attr="@Z:sIY:">Embed-Pega-PortalGadget</value>
</property>
<property>
<name>pyUseAdvanced</name>
<value  attr="@Z:sSN:">false</value>
</property>
</page>
</value>
<value  attr="@Z:S*NEmbed-Pega-PortalGadget:">
<page>
<property>
<name>pyGadgetName</name>
<value  attr="@Z:sTN:">SearchWorkItems</value>
</property>
<property>
<name>pyGadgetImage</name>
<value  attr="@Z:sTN:"></value>
</property>
<property>
<name>pyDeferLoad</name>
<value  attr="@Z:sSN:">false</value>
</property>
<property>
<name>pyInitialOpenState</name>
<value  attr="@Z:sSN:">true</value>
</property>
<property>
<name>pyGadgetCaption</name>
<value  attr="@Z:sTN:">Search for Work</value>
</property>
<property>
<name>pxObjClass</name>
<value  attr="@Z:sIY:">Embed-Pega-PortalGadget</value>
</property>
<property>
<name>pyUseAdvanced</name>
<value  attr="@Z:sSN:">true</value>
</property>
</page>
</value>
  </list>
</value>
</property>
</page>
</value>
  </list>
</value>
</property>
</page>
</value>
<value  attr="@Z:S*NEmbed-Pega-PortalPage:">
<page>
<property>
<name>pyTitle</name>
<value  attr="@Z:sTN:">Monitor Activity</value>
</property>
<property>
<name>pyRefreshOnApplicationChange</name>
<value  attr="@Z:sSN:">false</value>
</property>
<property>
<name>pxObjClass</name>
<value  attr="@Z:sIY:">Embed-Pega-PortalPage</value>
</property>
<property>
<name>pyCaption</name>
<value  attr="@Z:sTN:">Reports</value>
</property>
<property>
<name>pyColumn</name>
<value  attr="@Z:L*NEmbed-Pega-PortalColumn:">
  <list>
<value  attr="@Z:S*NEmbed-Pega-PortalColumn:">
<page>
<property>
<name>pxObjClass</name>
<value  attr="@Z:sIY:">Embed-Pega-PortalColumn</value>
</property>
<property>
<name>pyType</name>
<value  attr="@Z:sTN:">NARROW</value>
</property>
<property>
<name>pyUseGadgets</name>
<value  attr="@Z:L*NEmbed-Pega-PortalGadget:">
  <list>
<value  attr="@Z:S*NEmbed-Pega-PortalGadget:">
<page>
<property>
<name>pyGadgetName</name>
<value  attr="@Z:sTN:">getReportsByName</value>
</property>
<property>
<name>pyGadgetImage</name>
<value  attr="@Z:sTN:"></value>
</property>
<property>
<name>pyInitialOpenState</name>
<value  attr="@Z:sSN:">false</value>
</property>
<property>
<name>pyGadgetCaption</name>
<value  attr="@Z:sTN:">Find Reports By Name</value>
</property>
<property>
<name>pxObjClass</name>
<value  attr="@Z:sIY:">Embed-Pega-PortalGadget</value>
</property>
<property>
<name>pyUseAdvanced</name>
<value  attr="@Z:sSN:">false</value>
</property>
</page>
</value>
<value  attr="@Z:S*NEmbed-Pega-PortalGadget:">
<page>
<property>
<name>pyGadgetName</name>
<value  attr="@Z:sTN:">getReportsByCategory</value>
</property>
<property>
<name>pyGadgetImage</name>
<value  attr="@Z:sTN:"></value>
</property>
<property>
<name>pyInitialOpenState</name>
<value  attr="@Z:sSN:">false</value>
</property>
<property>
<name>pyGadgetCaption</name>
<value  attr="@Z:sTN:">Find By Category</value>
</property>
<property>
<name>pxObjClass</name>
<value  attr="@Z:sIY:">Embed-Pega-PortalGadget</value>
</property>
<property>
<name>pyUseAdvanced</name>
<value  attr="@Z:sSN:">false</value>
</property>
</page>
</value>
<value  attr="@Z:S*NEmbed-Pega-PortalGadget:">
<page>
<property>
<name>pyGadgetName</name>
<value  attr="@Z:sTN:">getOlap</value>
</property>
<property>
<name>pyGadgetImage</name>
<value  attr="@Z:sTN:"></value>
</property>
<property>
<name>pyInitialOpenState</name>
<value  attr="@Z:sSN:">false</value>
</property>
<property>
<name>pyGadgetCaption</name>
<value  attr="@Z:sTN:">OLAP Cubes</value>
</property>
<property>
<name>pxObjClass</name>
<value  attr="@Z:sIY:">Embed-Pega-PortalGadget</value>
</property>
<property>
<name>pyUseAdvanced</name>
<value  attr="@Z:sSN:">false</value>
</property>
</page>
</value>
<value  attr="@Z:S*NEmbed-Pega-PortalGadget:">
<page>
<property>
<name>pyGadgetName</name>
<value  attr="@Z:sTN:">NewReport</value>
</property>
<property>
<name>pyGadgetImage</name>
<value  attr="@Z:sTN:"></value>
</property>
<property>
<name>pyInitialOpenState</name>
<value  attr="@Z:sSN:">false</value>
</property>
<property>
<name>pyGadgetCaption</name>
<value  attr="@Z:sTN:">Create Report</value>
</property>
<property>
<name>pxObjClass</name>
<value  attr="@Z:sIY:">Embed-Pega-PortalGadget</value>
</property>
<property>
<name>pyUseAdvanced</name>
<value  attr="@Z:sSN:">false</value>
</property>
</page>
</value>
  </list>
</value>
</property>
</page>
</value>
<value  attr="@Z:S*NEmbed-Pega-PortalColumn:">
<page>
<property>
<name>pxObjClass</name>
<value  attr="@Z:sIY:">Embed-Pega-PortalColumn</value>
</property>
<property>
<name>pyType</name>
<value  attr="@Z:sTN:">WIDE</value>
</property>
<property>
<name>pyUseGadgets</name>
<value  attr="@Z:L*NEmbed-Pega-PortalGadget:">
  <list>
<value  attr="@Z:S*NEmbed-Pega-PortalGadget:">
<page>
<property>
<name>pyGadgetName</name>
<value  attr="@Z:sTN:">AssignmentMonitoringReports</value>
</property>
<property>
<name>pyGadgetImage</name>
<value  attr="@Z:sTN:"></value>
</property>
<property>
<name>pyDeferLoad</name>
<value  attr="@Z:sSN:">false</value>
</property>
<property>
<name>pyInitialOpenState</name>
<value  attr="@Z:sSN:">true</value>
</property>
<property>
<name>pyGadgetCaption</name>
<value  attr="@Z:sTN:">Monitor Process Assignments</value>
</property>
<property>
<name>pxObjClass</name>
<value  attr="@Z:sIY:">Embed-Pega-PortalGadget</value>
</property>
<property>
<name>pyUseAdvanced</name>
<value  attr="@Z:sSN:">true</value>
</property>
</page>
</value>
<value  attr="@Z:S*NEmbed-Pega-PortalGadget:">
<page>
<property>
<name>pyGadgetName</name>
<value  attr="@Z:sTN:">WorkMonitoringReports</value>
</property>
<property>
<name>pyGadgetImage</name>
<value  attr="@Z:sTN:"></value>
</property>
<property>
<name>pyDeferLoad</name>
<value  attr="@Z:sSN:">false</value>
</property>
<property>
<name>pyInitialOpenState</name>
<value  attr="@Z:sSN:">true</value>
</property>
<property>
<name>pyGadgetCaption</name>
<value  attr="@Z:sTN:">Monitor Processes</value>
</property>
<property>
<name>pxObjClass</name>
<value  attr="@Z:sIY:">Embed-Pega-PortalGadget</value>
</property>
<property>
<name>pyUseAdvanced</name>
<value  attr="@Z:sSN:">true</value>
</property>
</page>
</value>
<value  attr="@Z:S*NEmbed-Pega-PortalGadget:">
<page>
<property>
<name>pyGadgetName</name>
<value  attr="@Z:sTN:">WorkAnalysisReports</value>
</property>
<property>
<name>pyGadgetImage</name>
<value  attr="@Z:sTN:"></value>
</property>
<property>
<name>pyDeferLoad</name>
<value  attr="@Z:sSN:">false</value>
</property>
<property>
<name>pyInitialOpenState</name>
<value  attr="@Z:sSN:">true</value>
</property>
<property>
<name>pyGadgetCaption</name>
<value  attr="@Z:sTN:">Analyze Process Quality</value>
</property>
<property>
<name>pxObjClass</name>
<value  attr="@Z:sIY:">Embed-Pega-PortalGadget</value>
</property>
<property>
<name>pyUseAdvanced</name>
<value  attr="@Z:sSN:">true</value>
</property>
</page>
</value>
<value  attr="@Z:S*NEmbed-Pega-PortalGadget:">
<page>
<property>
<name>pyGadgetName</name>
<value  attr="@Z:sTN:">PerformanceAnalysis</value>
</property>
<property>
<name>pyGadgetImage</name>
<value  attr="@Z:sTN:"></value>
</property>
<property>
<name>pyDeferLoad</name>
<value  attr="@Z:sSN:">false</value>
</property>
<property>
<name>pyInitialOpenState</name>
<value  attr="@Z:sSN:">true</value>
</property>
<property>
<name>pyGadgetCaption</name>
<value  attr="@Z:sTN:">Analyze Process Performance</value>
</property>
<property>
<name>pxObjClass</name>
<value  attr="@Z:sIY:">Embed-Pega-PortalGadget</value>
</property>
<property>
<name>pyUseAdvanced</name>
<value  attr="@Z:sSN:">false</value>
</property>
</page>
</value>
  </list>
</value>
</property>
</page>
</value>
  </list>
</value>
</property>
</page>
</value>
<value  attr="@Z:S*NEmbed-Pega-PortalPage:">
<page>
<property>
<name>pyTitle</name>
<value  attr="@Z:sTN:">Manage Rules</value>
</property>
<property>
<name>pyRefreshOnApplicationChange</name>
<value  attr="@Z:sSN:">false</value>
</property>
<property>
<name>pxObjClass</name>
<value  attr="@Z:sIY:">Embed-Pega-PortalPage</value>
</property>
<property>
<name>pyCaption</name>
<value  attr="@Z:sTN:">Rules</value>
</property>
<property>
<name>pyColumn</name>
<value  attr="@Z:L*NEmbed-Pega-PortalColumn:">
  <list>
<value  attr="@Z:S*NEmbed-Pega-PortalColumn:">
<page>
<property>
<name>pxObjClass</name>
<value  attr="@Z:sIY:">Embed-Pega-PortalColumn</value>
</property>
<property>
<name>pyType</name>
<value  attr="@Z:sTN:">NARROW</value>
</property>
<property>
<name>pyUseGadgets</name>
<value  attr="@Z:L*NEmbed-Pega-PortalGadget:">
  <list>
<value  attr="@Z:S*NEmbed-Pega-PortalGadget:">
<page>
<property>
<name>pyGadgetName</name>
<value  attr="@Z:sTN:">RunUnitTests</value>
</property>
<property>
<name>pyGadgetImage</name>
<value  attr="@Z:sTN:"></value>
</property>
<property>
<name>pyInitialOpenState</name>
<value  attr="@Z:sSN:">false</value>
</property>
<property>
<name>pyGadgetCaption</name>
<value  attr="@Z:sTN:">Run Unit Tests</value>
</property>
<property>
<name>pxObjClass</name>
<value  attr="@Z:sIY:">Embed-Pega-PortalGadget</value>
</property>
<property>
<name>pyUseAdvanced</name>
<value  attr="@Z:sSN:">false</value>
</property>
</page>
</value>
<value  attr="@Z:S*NEmbed-Pega-PortalGadget:">
<page>
<property>
<name>pyGadgetName</name>
<value  attr="@Z:sTN:">ManageRules</value>
</property>
<property>
<name>pyGadgetImage</name>
<value  attr="@Z:sTN:"></value>
</property>
<property>
<name>pyInitialOpenState</name>
<value  attr="@Z:sSN:">false</value>
</property>
<property>
<name>pyGadgetCaption</name>
<value  attr="@Z:sTN:">Manage Rules</value>
</property>
<property>
<name>pxObjClass</name>
<value  attr="@Z:sIY:">Embed-Pega-PortalGadget</value>
</property>
<property>
<name>pyUseAdvanced</name>
<value  attr="@Z:sSN:">false</value>
</property>
</page>
</value>
  </list>
</value>
</property>
</page>
</value>
<value  attr="@Z:S*NEmbed-Pega-PortalColumn:">
<page>
<property>
<name>pxObjClass</name>
<value  attr="@Z:sIY:">Embed-Pega-PortalColumn</value>
</property>
<property>
<name>pyType</name>
<value  attr="@Z:sTN:">WIDE</value>
</property>
<property>
<name>pyUseGadgets</name>
<value  attr="@Z:L*NEmbed-Pega-PortalGadget:">
  <list>
<value  attr="@Z:S*NEmbed-Pega-PortalGadget:">
<page>
<property>
<name>pyGadgetName</name>
<value  attr="@Z:sTN:">ApplicationOverview</value>
</property>
<property>
<name>pyGadgetImage</name>
<value  attr="@Z:sTN:"></value>
</property>
<property>
<name>pyDeferLoad</name>
<value  attr="@Z:sSN:">false</value>
</property>
<property>
<name>pyInitialOpenState</name>
<value  attr="@Z:sSN:">true</value>
</property>
<property>
<name>pyGadgetCaption</name>
<value  attr="@Z:sTN:">="Application Overview for "+pxRequestor.pxCurrentWorkPool</value>
</property>
<property>
<name>pxObjClass</name>
<value  attr="@Z:sIY:">Embed-Pega-PortalGadget</value>
</property>
<property>
<name>pyUseAdvanced</name>
<value  attr="@Z:sSN:">false</value>
</property>
</page>
</value>
<value  attr="@Z:S*NEmbed-Pega-PortalGadget:">
<page>
<property>
<name>pyGadgetName</name>
<value  attr="@Z:sTN:">FlowExplorer</value>
</property>
<property>
<name>pyGadgetImage</name>
<value  attr="@Z:sTN:"></value>
</property>
<property>
<name>pyDeferLoad</name>
<value  attr="@Z:sSN:">false</value>
</property>
<property>
<name>pyInitialOpenState</name>
<value  attr="@Z:sSN:">true</value>
</property>
<property>
<name>pyGadgetCaption</name>
<value  attr="@Z:sTN:">="Flow Explorer for " +pxRequestor.pxCurrentWorkPool</value>
</property>
<property>
<name>pxObjClass</name>
<value  attr="@Z:sIY:">Embed-Pega-PortalGadget</value>
</property>
<property>
<name>pyUseAdvanced</name>
<value  attr="@Z:sSN:">true</value>
</property>
</page>
</value>
<value  attr="@Z:S*NEmbed-Pega-PortalGadget:">
<page>
<property>
<name>pyGadgetName</name>
<value  attr="@Z:sTN:">StartingServices</value>
</property>
<property>
<name>pyGadgetImage</name>
<value  attr="@Z:sTN:"></value>
</property>
<property>
<name>pyDeferLoad</name>
<value  attr="@Z:sSN:">false</value>
</property>
<property>
<name>pyInitialOpenState</name>
<value  attr="@Z:sSN:">true</value>
</property>
<property>
<name>pyGadgetCaption</name>
<value  attr="@Z:sTN:">Services</value>
</property>
<property>
<name>pxObjClass</name>
<value  attr="@Z:sIY:">Embed-Pega-PortalGadget</value>
</property>
<property>
<name>pyUseAdvanced</name>
<value  attr="@Z:sSN:">true</value>
</property>
</page>
</value>
<value  attr="@Z:S*NEmbed-Pega-PortalGadget:">
<page>
<property>
<name>pyGadgetName</name>
<value  attr="@Z:sTN:">DeclareNetwork</value>
</property>
<property>
<name>pyGadgetImage</name>
<value  attr="@Z:sTN:"></value>
</property>
<property>
<name>pyDeferLoad</name>
<value  attr="@Z:sSN:">false</value>
</property>
<property>
<name>pyInitialOpenState</name>
<value  attr="@Z:sSN:">true</value>
</property>
<property>
<name>pyGadgetCaption</name>
<value  attr="@Z:sTN:">Dependency Network Analysis</value>
</property>
<property>
<name>pxObjClass</name>
<value  attr="@Z:sIY:">Embed-Pega-PortalGadget</value>
</property>
<property>
<name>pyUseAdvanced</name>
<value  attr="@Z:sSN:">true</value>
</property>
</page>
</value>
<value  attr="@Z:S*NEmbed-Pega-PortalGadget:">
<page>
<property>
<name>pyGadgetName</name>
<value  attr="@Z:sTN:">RuleReports</value>
</property>
<property>
<name>pyGadgetImage</name>
<value  attr="@Z:sTN:"></value>
</property>
<property>
<name>pyDeferLoad</name>
<value  attr="@Z:sSN:">false</value>
</property>
<property>
<name>pyInitialOpenState</name>
<value  attr="@Z:sSN:">true</value>
</property>
<property>
<name>pyGadgetCaption</name>
<value  attr="@Z:sTN:">Rule Reports</value>
</property>
<property>
<name>pxObjClass</name>
<value  attr="@Z:sIY:">Embed-Pega-PortalGadget</value>
</property>
<property>
<name>pyUseAdvanced</name>
<value  attr="@Z:sSN:">true</value>
</property>
</page>
</value>
  </list>
</value>
</property>
</page>
</value>
  </list>
</value>
</property>
</page>
</value>
<value  attr="@Z:S*NEmbed-Pega-PortalPage:">
<page>
<property>
<name>pyTitle</name>
<value  attr="@Z:sTN:">Administer</value>
</property>
<property>
<name>pyRefreshOnApplicationChange</name>
<value  attr="@Z:sSN:">false</value>
</property>
<property>
<name>pxObjClass</name>
<value  attr="@Z:sIY:">Embed-Pega-PortalPage</value>
</property>
<property>
<name>pyCaption</name>
<value  attr="@Z:sTN:">Administer</value>
</property>
<property>
<name>pyColumn</name>
<value  attr="@Z:L*NEmbed-Pega-PortalColumn:">
  <list>
<value  attr="@Z:S*NEmbed-Pega-PortalColumn:">
<page>
<property>
<name>pxObjClass</name>
<value  attr="@Z:sIY:">Embed-Pega-PortalColumn</value>
</property>
<property>
<name>pyType</name>
<value  attr="@Z:sTN:">NARROW</value>
</property>
<property>
<name>pyUseGadgets</name>
<value  attr="@Z:L*NEmbed-Pega-PortalGadget:">
  <list>
<value  attr="@Z:S*NEmbed-Pega-PortalGadget:">
<page>
<property>
<name>pyGadgetName</name>
<value  attr="@Z:sTN:">monitorNarrowDD</value>
</property>
<property>
<name>pyGadgetImage</name>
<value  attr="@Z:sTN:"></value>
</property>
<property>
<name>pyInitialOpenState</name>
<value  attr="@Z:sSN:">false</value>
</property>
<property>
<name>pyGadgetCaption</name>
<value  attr="@Z:sTN:">="Monitor "+pxProcess.pxSystemNode</value>
</property>
<property>
<name>pxObjClass</name>
<value  attr="@Z:sIY:">Embed-Pega-PortalGadget</value>
</property>
<property>
<name>pyUseAdvanced</name>
<value  attr="@Z:sSN:">false</value>
</property>
</page>
</value>
<value  attr="@Z:S*NEmbed-Pega-PortalGadget:">
<page>
<property>
<name>pyGadgetName</name>
<value  attr="@Z:sTN:">findOrgDD</value>
</property>
<property>
<name>pyGadgetImage</name>
<value  attr="@Z:sTN:"></value>
</property>
<property>
<name>pyInitialOpenState</name>
<value  attr="@Z:sSN:">false</value>
</property>
<property>
<name>pyGadgetCaption</name>
<value  attr="@Z:sTN:">Find Organizations</value>
</property>
<property>
<name>pxObjClass</name>
<value  attr="@Z:sIY:">Embed-Pega-PortalGadget</value>
</property>
<property>
<name>pyUseAdvanced</name>
<value  attr="@Z:sSN:">false</value>
</property>
</page>
</value>
<value  attr="@Z:S*NEmbed-Pega-PortalGadget:">
<page>
<property>
<name>pyGadgetName</name>
<value  attr="@Z:sTN:">NewOrgRecord</value>
</property>
<property>
<name>pyGadgetImage</name>
<value  attr="@Z:sTN:"></value>
</property>
<property>
<name>pyInitialOpenState</name>
<value  attr="@Z:sSN:">false</value>
</property>
<property>
<name>pyGadgetCaption</name>
<value  attr="@Z:sTN:">New Organization</value>
</property>
<property>
<name>pxObjClass</name>
<value  attr="@Z:sIY:">Embed-Pega-PortalGadget</value>
</property>
<property>
<name>pyUseAdvanced</name>
<value  attr="@Z:sSN:">false</value>
</property>
</page>
</value>
  </list>
</value>
</property>
</page>
</value>
<value  attr="@Z:S*NEmbed-Pega-PortalColumn:">
<page>
<property>
<name>pxObjClass</name>
<value  attr="@Z:sIY:">Embed-Pega-PortalColumn</value>
</property>
<property>
<name>pyType</name>
<value  attr="@Z:sTN:">WIDE</value>
</property>
<property>
<name>pyUseGadgets</name>
<value  attr="@Z:L*NEmbed-Pega-PortalGadget:">
  <list>
<value  attr="@Z:S*NEmbed-Pega-PortalGadget:">
<page>
<property>
<name>pyGadgetName</name>
<value  attr="@Z:sTN:">orgChartWideDD</value>
</property>
<property>
<name>pyGadgetImage</name>
<value  attr="@Z:sTN:"></value>
</property>
<property>
<name>pyDeferLoad</name>
<value  attr="@Z:sSN:">false</value>
</property>
<property>
<name>pyInitialOpenState</name>
<value  attr="@Z:sSN:">true</value>
</property>
<property>
<name>pyGadgetCaption</name>
<value  attr="@Z:sTN:">Organization</value>
</property>
<property>
<name>pxObjClass</name>
<value  attr="@Z:sIY:">Embed-Pega-PortalGadget</value>
</property>
<property>
<name>pyUseAdvanced</name>
<value  attr="@Z:sSN:">false</value>
</property>
</page>
</value>
<value  attr="@Z:S*NEmbed-Pega-PortalGadget:">
<page>
<property>
<name>pyGadgetName</name>
<value  attr="@Z:sTN:">databaseDD</value>
</property>
<property>
<name>pyGadgetImage</name>
<value  attr="@Z:sTN:"></value>
</property>
<property>
<name>pyDeferLoad</name>
<value  attr="@Z:sSN:">false</value>
</property>
<property>
<name>pyInitialOpenState</name>
<value  attr="@Z:sSN:">false</value>
</property>
<property>
<name>pyGadgetCaption</name>
<value  attr="@Z:sTN:">Database</value>
</property>
<property>
<name>pxObjClass</name>
<value  attr="@Z:sIY:">Embed-Pega-PortalGadget</value>
</property>
<property>
<name>pyUseAdvanced</name>
<value  attr="@Z:sSN:">false</value>
</property>
</page>
</value>
<value  attr="@Z:S*NEmbed-Pega-PortalGadget:">
<page>
<property>
<name>pyGadgetName</name>
<value  attr="@Z:sTN:">securityDD</value>
</property>
<property>
<name>pyGadgetImage</name>
<value  attr="@Z:sTN:"></value>
</property>
<property>
<name>pyDeferLoad</name>
<value  attr="@Z:sSN:">false</value>
</property>
<property>
<name>pyInitialOpenState</name>
<value  attr="@Z:sSN:">true</value>
</property>
<property>
<name>pyGadgetCaption</name>
<value  attr="@Z:sTN:">Security</value>
</property>
<property>
<name>pxObjClass</name>
<value  attr="@Z:sIY:">Embed-Pega-PortalGadget</value>
</property>
<property>
<name>pyUseAdvanced</name>
<value  attr="@Z:sSN:">false</value>
</property>
</page>
</value>
<value  attr="@Z:S*NEmbed-Pega-PortalGadget:">
<page>
<property>
<name>pyGadgetName</name>
<value  attr="@Z:sTN:">RuleSetsDD</value>
</property>
<property>
<name>pyGadgetImage</name>
<value  attr="@Z:sTN:"></value>
</property>
<property>
<name>pyDeferLoad</name>
<value  attr="@Z:sSN:">false</value>
</property>
<property>
<name>pyInitialOpenState</name>
<value  attr="@Z:sSN:">true</value>
</property>
<property>
<name>pyGadgetCaption</name>
<value  attr="@Z:sTN:">RuleSets</value>
</property>
<property>
<name>pxObjClass</name>
<value  attr="@Z:sIY:">Embed-Pega-PortalGadget</value>
</property>
<property>
<name>pyUseAdvanced</name>
<value  attr="@Z:sSN:">false</value>
</property>
</page>
</value>
<value  attr="@Z:S*NEmbed-Pega-PortalGadget:">
<page>
<property>
<name>pyGadgetName</name>
<value  attr="@Z:sTN:">RulesMoveWithCheckInOut</value>
</property>
<property>
<name>pyGadgetImage</name>
<value  attr="@Z:sTN:"></value>
</property>
<property>
<name>pyDeferLoad</name>
<value  attr="@Z:sSN:">false</value>
</property>
<property>
<name>pyInitialOpenState</name>
<value  attr="@Z:sSN:">true</value>
</property>
<property>
<name>pyGadgetCaption</name>
<value  attr="@Z:sTN:">Move Rules</value>
</property>
<property>
<name>pxObjClass</name>
<value  attr="@Z:sIY:">Embed-Pega-PortalGadget</value>
</property>
<property>
<name>pyUseAdvanced</name>
<value  attr="@Z:sSN:">false</value>
</property>
</page>
</value>
<value  attr="@Z:S*NEmbed-Pega-PortalGadget:">
<page>
<property>
<name>pyGadgetName</name>
<value  attr="@Z:sTN:">servicesDD</value>
</property>
<property>
<name>pyGadgetImage</name>
<value  attr="@Z:sTN:"></value>
</property>
<property>
<name>pyDeferLoad</name>
<value  attr="@Z:sSN:">false</value>
</property>
<property>
<name>pyInitialOpenState</name>
<value  attr="@Z:sSN:">false</value>
</property>
<property>
<name>pyGadgetCaption</name>
<value  attr="@Z:sTN:">Integration Services</value>
</property>
<property>
<name>pxObjClass</name>
<value  attr="@Z:sIY:">Embed-Pega-PortalGadget</value>
</property>
<property>
<name>pyUseAdvanced</name>
<value  attr="@Z:sSN:">false</value>
</property>
</page>
</value>
<value  attr="@Z:S*NEmbed-Pega-PortalGadget:">
<page>
<property>
<name>pyGadgetName</name>
<value  attr="@Z:sTN:">DataReports</value>
</property>
<property>
<name>pyGadgetImage</name>
<value  attr="@Z:sTN:"></value>
</property>
<property>
<name>pyDeferLoad</name>
<value  attr="@Z:sSN:">false</value>
</property>
<property>
<name>pyInitialOpenState</name>
<value  attr="@Z:sSN:">true</value>
</property>
<property>
<name>pyGadgetCaption</name>
<value  attr="@Z:sTN:">Data Reports</value>
</property>
<property>
<name>pxObjClass</name>
<value  attr="@Z:sIY:">Embed-Pega-PortalGadget</value>
</property>
<property>
<name>pyUseAdvanced</name>
<value  attr="@Z:sSN:">true</value>
</property>
</page>
</value>
  </list>
</value>
</property>
</page>
</value>
  </list>
</value>
</property>
</page>
</value>
<value  attr="@Z:S*NEmbed-Pega-PortalPage:">
<page>
<property>
<name>pyTitle</name>
<value  attr="@Z:sTN:">Tools</value>
</property>
<property>
<name>pyRefreshOnApplicationChange</name>
<value  attr="@Z:sSN:">false</value>
</property>
<property>
<name>pxObjClass</name>
<value  attr="@Z:sIY:">Embed-Pega-PortalPage</value>
</property>
<property>
<name>pyCaption</name>
<value  attr="@Z:sTN:">Tools</value>
</property>
<property>
<name>pyColumn</name>
<value  attr="@Z:L*NEmbed-Pega-PortalColumn:">
  <list>
<value  attr="@Z:S*NEmbed-Pega-PortalColumn:">
<page>
<property>
<name>pxObjClass</name>
<value  attr="@Z:sIY:">Embed-Pega-PortalColumn</value>
</property>
<property>
<name>pyType</name>
<value  attr="@Z:sTN:">NARROW</value>
</property>
<property>
<name>pyUseGadgets</name>
<value  attr="@Z:L*NEmbed-Pega-PortalGadget:">
  <list>
<value  attr="@Z:S*NEmbed-Pega-PortalGadget:">
<page>
<property>
<name>pyGadgetName</name>
<value  attr="@Z:sTN:">TracerTool</value>
</property>
<property>
<name>pyGadgetImage</name>
<value  attr="@Z:sTN:"></value>
</property>
<property>
<name>pyInitialOpenState</name>
<value  attr="@Z:sSN:">false</value>
</property>
<property>
<name>pyGadgetCaption</name>
<value  attr="@Z:sTN:">Tracer</value>
</property>
<property>
<name>pxObjClass</name>
<value  attr="@Z:sIY:">Embed-Pega-PortalGadget</value>
</property>
<property>
<name>pyUseAdvanced</name>
<value  attr="@Z:sSN:">false</value>
</property>
</page>
</value>
<value  attr="@Z:S*NEmbed-Pega-PortalGadget:">
<page>
<property>
<name>pyGadgetName</name>
<value  attr="@Z:sTN:">LookUpTool</value>
</property>
<property>
<name>pyGadgetImage</name>
<value  attr="@Z:sTN:"></value>
</property>
<property>
<name>pyInitialOpenState</name>
<value  attr="@Z:sSN:">false</value>
</property>
<property>
<name>pyGadgetCaption</name>
<value  attr="@Z:sTN:">Find Rules</value>
</property>
<property>
<name>pxObjClass</name>
<value  attr="@Z:sIY:">Embed-Pega-PortalGadget</value>
</property>
<property>
<name>pyUseAdvanced</name>
<value  attr="@Z:sSN:">false</value>
</property>
</page>
</value>
<value  attr="@Z:S*NEmbed-Pega-PortalGadget:">
<page>
<property>
<name>pyGadgetName</name>
<value  attr="@Z:sTN:">RulesInspectorTool</value>
</property>
<property>
<name>pyGadgetImage</name>
<value  attr="@Z:sTN:"></value>
</property>
<property>
<name>pyInitialOpenState</name>
<value  attr="@Z:sSN:">false</value>
</property>
<property>
<name>pyGadgetCaption</name>
<value  attr="@Z:sTN:">Rules Inspector</value>
</property>
<property>
<name>pxObjClass</name>
<value  attr="@Z:sIY:">Embed-Pega-PortalGadget</value>
</property>
<property>
<name>pyUseAdvanced</name>
<value  attr="@Z:sSN:">false</value>
</property>
</page>
</value>
<value  attr="@Z:S*NEmbed-Pega-PortalGadget:">
<page>
<property>
<name>pyGadgetName</name>
<value  attr="@Z:sTN:">ClipboardTool</value>
</property>
<property>
<name>pyGadgetImage</name>
<value  attr="@Z:sTN:"></value>
</property>
<property>
<name>pyInitialOpenState</name>
<value  attr="@Z:sSN:">false</value>
</property>
<property>
<name>pyGadgetCaption</name>
<value  attr="@Z:sTN:">Clipboard</value>
</property>
<property>
<name>pxObjClass</name>
<value  attr="@Z:sIY:">Embed-Pega-PortalGadget</value>
</property>
<property>
<name>pyUseAdvanced</name>
<value  attr="@Z:sSN:">false</value>
</property>
</page>
</value>
<value  attr="@Z:S*NEmbed-Pega-PortalGadget:">
<page>
<property>
<name>pyGadgetName</name>
<value  attr="@Z:sTN:">PerformanceTool</value>
</property>
<property>
<name>pyGadgetImage</name>
<value  attr="@Z:sTN:"></value>
</property>
<property>
<name>pyInitialOpenState</name>
<value  attr="@Z:sSN:">false</value>
</property>
<property>
<name>pyGadgetCaption</name>
<value  attr="@Z:sTN:">Performance</value>
</property>
<property>
<name>pxObjClass</name>
<value  attr="@Z:sIY:">Embed-Pega-PortalGadget</value>
</property>
<property>
<name>pyUseAdvanced</name>
<value  attr="@Z:sSN:">false</value>
</property>
</page>
</value>
<value  attr="@Z:S*NEmbed-Pega-PortalGadget:">
<page>
<property>
<name>pyGadgetName</name>
<value  attr="@Z:sTN:">PerformanceGraph</value>
</property>
<property>
<name>pyGadgetImage</name>
<value  attr="@Z:sTN:"></value>
</property>
<property>
<name>pyInitialOpenState</name>
<value  attr="@Z:sSN:">false</value>
</property>
<property>
<name>pyGadgetCaption</name>
<value  attr="@Z:sTN:">Performance Graph</value>
</property>
<property>
<name>pxObjClass</name>
<value  attr="@Z:sIY:">Embed-Pega-PortalGadget</value>
</property>
<property>
<name>pyUseAdvanced</name>
<value  attr="@Z:sSN:">false</value>
</property>
</page>
</value>
<value  attr="@Z:S*NEmbed-Pega-PortalGadget:">
<page>
<property>
<name>pyGadgetName</name>
<value  attr="@Z:sTN:">ImageCatalogTool</value>
</property>
<property>
<name>pyGadgetImage</name>
<value  attr="@Z:sTN:"></value>
</property>
<property>
<name>pyInitialOpenState</name>
<value  attr="@Z:sSN:">false</value>
</property>
<property>
<name>pyGadgetCaption</name>
<value  attr="@Z:sTN:">Image Catalog</value>
</property>
<property>
<name>pxObjClass</name>
<value  attr="@Z:sIY:">Embed-Pega-PortalGadget</value>
</property>
<property>
<name>pyUseAdvanced</name>
<value  attr="@Z:sSN:">false</value>
</property>
</page>
</value>
<value  attr="@Z:S*NEmbed-Pega-PortalGadget:">
<page>
<property>
<name>pyGadgetName</name>
<value  attr="@Z:sTN:">LocaleSettingsTool</value>
</property>
<property>
<name>pyGadgetImage</name>
<value  attr="@Z:sTN:"></value>
</property>
<property>
<name>pyInitialOpenState</name>
<value  attr="@Z:sSN:">false</value>
</property>
<property>
<name>pyGadgetCaption</name>
<value  attr="@Z:sTN:">Set Locale</value>
</property>
<property>
<name>pxObjClass</name>
<value  attr="@Z:sIY:">Embed-Pega-PortalGadget</value>
</property>
<property>
<name>pyUseAdvanced</name>
<value  attr="@Z:sSN:">false</value>
</property>
</page>
</value>
<value  attr="@Z:S*NEmbed-Pega-PortalGadget:">
<page>
<property>
<name>pyGadgetName</name>
<value  attr="@Z:sTN:">RequestorContextManager</value>
</property>
<property>
<name>pyGadgetImage</name>
<value  attr="@Z:sTN:"></value>
</property>
<property>
<name>pyInitialOpenState</name>
<value  attr="@Z:sSN:"></value>
</property>
<property>
<name>pyGadgetCaption</name>
<value  attr="@Z:sTN:">Requestor Context Manager</value>
</property>
<property>
<name>pxObjClass</name>
<value  attr="@Z:sIY:">Embed-Pega-PortalGadget</value>
</property>
<property>
<name>pyUseAdvanced</name>
<value  attr="@Z:sSN:">false</value>
</property>
</page>
</value>
  </list>
</value>
</property>
</page>
</value>
<value  attr="@Z:S*NEmbed-Pega-PortalColumn:">
<page>
<property>
<name>pxObjClass</name>
<value  attr="@Z:sIY:">Embed-Pega-PortalColumn</value>
</property>
<property>
<name>pyType</name>
<value  attr="@Z:sTN:">WIDE</value>
</property>
<property>
<name>pyUseGadgets</name>
<value  attr="@Z:L*NEmbed-Pega-PortalGadget:">
  <list>
<value  attr="@Z:S*NEmbed-Pega-PortalGadget:">
<page>
<property>
<name>pyGadgetName</name>
<value  attr="@Z:sTN:"></value>
</property>
<property>
<name>pyGadgetImage</name>
<value  attr="@Z:sTN:"></value>
</property>
<property>
<name>pyDeferLoad</name>
<value  attr="@Z:sSN:">false</value>
</property>
<property>
<name>pyInitialOpenState</name>
<value  attr="@Z:sSN:">false</value>
</property>
<property>
<name>pyGadgetCaption</name>
<value  attr="@Z:sTN:"></value>
</property>
<property>
<name>pxObjClass</name>
<value  attr="@Z:sIY:">Embed-Pega-PortalGadget</value>
</property>
<property>
<name>pyUseAdvanced</name>
<value  attr="@Z:sSN:">false</value>
</property>
</page>
</value>
  </list>
</value>
</property>
</page>
</value>
  </list>
</value>
</property>
</page>
</value>
  </list>
</value>
</property>
<property>
<name>pxRuleReferences</name>
<value  attr="@Z:L*YEmbed-Reference-Rule:">
  <list>
  </list>
</value>
</property>
<property>
<name>pxAllChangeList</name>
<value  attr="@Z:lIY:">
  <list>
  </list>
</value>
</property>
<property>
<name>pyGadget</name>
<value  attr="@Z:G*NData-Gadget:">
<page>
<property>
<name>DataReports</name>
<value  attr="@Z:S*NData-Gadget:">
<page>
<property>
<name>pxSubscript</name>
<value  attr="@Z:sIY:">DataReports</value>
</property>
<property>
<name>pyContentClass</name>
<value  attr="@Z:sIN:">Data-Gadget</value>
</property>
<property>
<name>pxObjClass</name>
<value  attr="@Z:sIY:">Data-Gadget</value>
</property>
<property>
<name>pyContentActivity</name>
<value  attr="@Z:sIN:">DataReports</value>
</property>
<property>
<name>pyName</name>
<value  attr="@Z:sTN:">DataReports</value>
</property>
<property>
<name>pyActivityParams</name>
<value  attr="@Z:S*N:">
<page>
<property>
<name>pyTempPlaceHolder</name>
<value  attr="@Z:s?N:">TempPlaceHolder</value>
</property>
<property>
<name>Name</name>
<value  attr="@Z:s?N:">Data</value>
</property>
</page>
</value>
</property>
</page>
</value>
</property>
<property>
<name>AssignmentMonitoringReports</name>
<value  attr="@Z:S*NData-Gadget:">
<page>
<property>
<name>pxSubscript</name>
<value  attr="@Z:sIY:">AssignmentMonitoringReports</value>
</property>
<property>
<name>pyContentClass</name>
<value  attr="@Z:sIN:">Data-Gadget</value>
</property>
<property>
<name>pxObjClass</name>
<value  attr="@Z:sIY:">Data-Gadget</value>
</property>
<property>
<name>pyContentActivity</name>
<value  attr="@Z:sIN:">Reports</value>
</property>
<property>
<name>pyName</name>
<value  attr="@Z:sTN:">AssignmentMonitoringReports</value>
</property>
<property>
<name>pyActivityParams</name>
<value  attr="@Z:S*N:">
<page>
<property>
<name>pyTempPlaceHolder</name>
<value  attr="@Z:s?N:">TempPlaceHolder</value>
</property>
<property>
<name>Name</name>
<value  attr="@Z:s?N:">AssignmentMonitoring</value>
</property>
</page>
</value>
</property>
</page>
</value>
</property>
<property>
<name>StrategicProcesses</name>
<value  attr="@Z:S*NData-Gadget:">
<page>
<property>
<name>pxSubscript</name>
<value  attr="@Z:sIY:">StrategicProcesses</value>
</property>
<property>
<name>pyContentClass</name>
<value  attr="@Z:sIN:">Data-Gadget</value>
</property>
<property>
<name>pxObjClass</name>
<value  attr="@Z:sIY:">Data-Gadget</value>
</property>
<property>
<name>pyContentActivity</name>
<value  attr="@Z:sIN:">ShowStrategicProcesses</value>
</property>
<property>
<name>pyName</name>
<value  attr="@Z:sTN:">StrategicProcesses</value>
</property>
<property>
<name>pyActivityParams</name>
<value  attr="@Z:S*N:">
<page>
<property>
<name>pyTempPlaceHolder</name>
<value  attr="@Z:s?N:">TempPlaceHolder</value>
</property>
</page>
</value>
</property>
</page>
</value>
</property>
<property>
<name>WorkAnalysisReports</name>
<value  attr="@Z:S*NData-Gadget:">
<page>
<property>
<name>pxSubscript</name>
<value  attr="@Z:sIY:">WorkAnalysisReports</value>
</property>
<property>
<name>pyContentClass</name>
<value  attr="@Z:sIN:">Data-Gadget</value>
</property>
<property>
<name>pxObjClass</name>
<value  attr="@Z:sIY:">Data-Gadget</value>
</property>
<property>
<name>pyContentActivity</name>
<value  attr="@Z:sIN:">Reports</value>
</property>
<property>
<name>pyName</name>
<value  attr="@Z:sTN:">WorkAnalysisReports</value>
</property>
<property>
<name>pyActivityParams</name>
<value  attr="@Z:S*N:">
<page>
<property>
<name>pyTempPlaceHolder</name>
<value  attr="@Z:s?N:">TempPlaceHolder</value>
</property>
<property>
<name>Name</name>
<value  attr="@Z:s?N:">WorkAnalysis</value>
</property>
</page>
</value>
</property>
</page>
</value>
</property>
<property>
<name>StartingServices</name>
<value  attr="@Z:S*NData-Gadget:">
<page>
<property>
<name>pxSubscript</name>
<value  attr="@Z:sIY:">StartingServices</value>
</property>
<property>
<name>pyContentClass</name>
<value  attr="@Z:sIN:">Data-Gadget</value>
</property>
<property>
<name>pxObjClass</name>
<value  attr="@Z:sIY:">Data-Gadget</value>
</property>
<property>
<name>pyContentActivity</name>
<value  attr="@Z:sIN:">StartingServices</value>
</property>
<property>
<name>pyName</name>
<value  attr="@Z:sTN:">StartingServices</value>
</property>
<property>
<name>pyActivityParams</name>
<value  attr="@Z:S*N:">
<page>
<property>
<name>pyTempPlaceHolder</name>
<value  attr="@Z:??N:"></value>
</property>
</page>
</value>
</property>
</page>
</value>
</property>
<property>
<name>Worklist</name>
<value  attr="@Z:S*NData-Gadget:">
<page>
<property>
<name>pxSubscript</name>
<value  attr="@Z:sIY:">Worklist</value>
</property>
<property>
<name>pyContentClass</name>
<value  attr="@Z:sIN:">Data-Gadget</value>
</property>
<property>
<name>pxObjClass</name>
<value  attr="@Z:sIY:">Data-Gadget</value>
</property>
<property>
<name>pyContentActivity</name>
<value  attr="@Z:sIN:">WorkList</value>
</property>
<property>
<name>pyName</name>
<value  attr="@Z:sTN:">Worklist</value>
</property>
<property>
<name>pyActivityParams</name>
<value  attr="@Z:S*N:">
<page>
<property>
<name>UserIdentifier</name>
<value  attr="@Z:s?N:">pxRequestor.pyUserIdentifier</value>
</property>
<property>
<name>pyTempPlaceHolder</name>
<value  attr="@Z:s?N:">TempPlaceHolder</value>
</property>
</page>
</value>
</property>
</page>
</value>
</property>
<property>
<name>SearchWorkItems</name>
<value  attr="@Z:S*NData-Gadget:">
<page>
<property>
<name>pxSubscript</name>
<value  attr="@Z:sIY:">SearchWorkItems</value>
</property>
<property>
<name>pyContentClass</name>
<value  attr="@Z:sIN:">Data-Gadget</value>
</property>
<property>
<name>pxObjClass</name>
<value  attr="@Z:sIY:">Data-Gadget</value>
</property>
<property>
<name>pyContentActivity</name>
<value  attr="@Z:sIN:">SearchWorkItems_FromPortal</value>
</property>
<property>
<name>pyName</name>
<value  attr="@Z:sTN:">SearchWorkItems</value>
</property>
<property>
<name>pyActivityParams</name>
<value  attr="@Z:S*N:">
<page>
<property>
<name>pyTempPlaceHolder</name>
<value  attr="@Z:??N:"></value>
</property>
</page>
</value>
</property>
</page>
</value>
</property>
<property>
<name>WorkMonitoringReports</name>
<value  attr="@Z:S*NData-Gadget:">
<page>
<property>
<name>pxSubscript</name>
<value  attr="@Z:sIY:">WorkMonitoringReports</value>
</property>
<property>
<name>pyContentClass</name>
<value  attr="@Z:sIN:">Data-Gadget</value>
</property>
<property>
<name>pxObjClass</name>
<value  attr="@Z:sIY:">Data-Gadget</value>
</property>
<property>
<name>pyContentActivity</name>
<value  attr="@Z:sIN:">Reports</value>
</property>
<property>
<name>pyName</name>
<value  attr="@Z:sTN:">WorkMonitoringReports</value>
</property>
<property>
<name>pyActivityParams</name>
<value  attr="@Z:S*N:">
<page>
<property>
<name>pyTempPlaceHolder</name>
<value  attr="@Z:s?N:">TempPlaceHolder</value>
</property>
<property>
<name>Name</name>
<value  attr="@Z:s?N:">WorkMonitoring</value>
</property>
</page>
</value>
</property>
</page>
</value>
</property>
<property>
<name>FlowExplorer</name>
<value  attr="@Z:S*NData-Gadget:">
<page>
<property>
<name>pxSubscript</name>
<value  attr="@Z:sIY:">FlowExplorer</value>
</property>
<property>
<name>pyContentClass</name>
<value  attr="@Z:sIN:">Data-Gadget</value>
</property>
<property>
<name>pxObjClass</name>
<value  attr="@Z:sIY:">Data-Gadget</value>
</property>
<property>
<name>pyContentActivity</name>
<value  attr="@Z:sIN:">FlowExplorer</value>
</property>
<property>
<name>pyName</name>
<value  attr="@Z:sTN:">FlowExplorer</value>
</property>
<property>
<name>pyActivityParams</name>
<value  attr="@Z:S*N:">
<page>
<property>
<name>pyTempPlaceHolder</name>
<value  attr="@Z:??N:"></value>
</property>
</page>
</value>
</property>
</page>
</value>
</property>
<property>
<name>RuleReports</name>
<value  attr="@Z:S*NData-Gadget:">
<page>
<property>
<name>pxSubscript</name>
<value  attr="@Z:sIY:">RuleReports</value>
</property>
<property>
<name>pyContentClass</name>
<value  attr="@Z:sIN:">Data-Gadget</value>
</property>
<property>
<name>pxObjClass</name>
<value  attr="@Z:sIY:">Data-Gadget</value>
</property>
<property>
<name>pyContentActivity</name>
<value  attr="@Z:sIN:">RuleReports</value>
</property>
<property>
<name>pyName</name>
<value  attr="@Z:sTN:">RuleReports</value>
</property>
<property>
<name>pyActivityParams</name>
<value  attr="@Z:S*N:">
<page>
<property>
<name>pyTempPlaceHolder</name>
<value  attr="@Z:s?N:">TempPlaceHolder</value>
</property>
<property>
<name>Name</name>
<value  attr="@Z:s?N:">Rule</value>
</property>
</page>
</value>
</property>
</page>
</value>
</property>
<property>
<name>empty</name>
<value  attr="@Z:S*NData-Gadget:">
<page>
<property>
<name>pxSubscript</name>
<value  attr="@Z:sIY:">empty</value>
</property>
<property>
<name>pyContentClass</name>
<value  attr="@Z:sIN:">Data-Gadget</value>
</property>
<property>
<name>pxObjClass</name>
<value  attr="@Z:sIY:">Data-Gadget</value>
</property>
<property>
<name>pyContentActivity</name>
<value  attr="@Z:sIN:"></value>
</property>
<property>
<name>pyName</name>
<value  attr="@Z:sTN:"></value>
</property>
<property>
<name>pyEnabled</name>
<value  attr="@Z:sTN:"></value>
</property>
<property>
<name>pyRefreshInterval</name>
<value  attr="@Z:sNN:"></value>
</property>
<property>
<name>pySelections</name>
<value  attr="@Z:lTN:">
  <list>
<value  attr="@Z:sTN:"></value>
  </list>
</value>
</property>
<property>
<name>pyActivityParams</name>
<value  attr="@Z:S*N:">
<page>
<property>
<name>pyTempPlaceHolder</name>
<value  attr="@Z:s?N:">TempPlaceHolder</value>
</property>
</page>
</value>
</property>
</page>
</value>
</property>
<property>
<name>DeclareNetwork</name>
<value  attr="@Z:S*NData-Gadget:">
<page>
<property>
<name>pxSubscript</name>
<value  attr="@Z:sIY:">DeclareNetwork</value>
</property>
<property>
<name>pyContentClass</name>
<value  attr="@Z:sIN:">Data-Gadget</value>
</property>
<property>
<name>pxObjClass</name>
<value  attr="@Z:sIY:">Data-Gadget</value>
</property>
<property>
<name>pyContentActivity</name>
<value  attr="@Z:sIN:">GetDeclarativeNetwork</value>
</property>
<property>
<name>pyName</name>
<value  attr="@Z:sTN:">DeclareNetwork</value>
</property>
<property>
<name>pyActivityParams</name>
<value  attr="@Z:S*N:">
<page>
<property>
<name>pyTempPlaceHolder</name>
<value  attr="@Z:??N:"></value>
</property>
</page>
</value>
</property>
</page>
</value>
</property>
<property>
<name>myRulesDD</name>
<value  attr="@Z:S*NData-Gadget:">
<page>
<property>
<name>pxSubscript</name>
<value  attr="@Z:sIY:">myRulesDD</value>
</property>
<property>
<name>pyContentClass</name>
<value  attr="@Z:sIN:">Data-Gadget</value>
</property>
<property>
<name>pxObjClass</name>
<value  attr="@Z:sIY:">Data-Gadget</value>
</property>
<property>
<name>pyContentActivity</name>
<value  attr="@Z:sIN:">PopulateMyRules</value>
</property>
<property>
<name>pyName</name>
<value  attr="@Z:sTN:">myRulesDD</value>
</property>
<property>
<name>pyActivityParams</name>
<value  attr="@Z:S*N:">
<page>
<property>
<name>pyTempPlaceHolder</name>
<value  attr="@Z:s?N:">TempPlaceHolder</value>
</property>
<property>
<name>GadgetName</name>
<value  attr="@Z:s?N:">myRulesDD</value>
</property>
</page>
</value>
</property>
</page>
</value>
</property>
</page>
</value>
</property>
<property>
<name>pyCustomFields</name>
<value  attr="@Z:G*NEmbed-CustomFieldsList:">
<page>
<property>
<name>empty</name>
<value  attr="@Z:S*NEmbed-CustomFieldsList:">
<page>
<property>
<name>pyCFileRelativePath</name>
<value  attr="@Z:sTN:"></value>
</property>
<property>
<name>pxSubscript</name>
<value  attr="@Z:sIY:">empty</value>
</property>
<property>
<name>pyCFieldName</name>
<value  attr="@Z:sTN:"></value>
</property>
<property>
<name>pxObjClass</name>
<value  attr="@Z:sIY:">Embed-CustomFieldsList</value>
</property>
<property>
<name>pyCFileKey</name>
<value  attr="@Z:sTN:"></value>
</property>
<property>
<name>pyCFieldValue</name>
<value  attr="@Z:sTN:"></value>
</property>
<property>
<name>pyCFieldType</name>
<value  attr="@Z:sTN:"></value>
</property>
</page>
</value>
</property>
</page>
</value>
</property>
</page>
