<?xml version="1.0"?>
<!DOCTYPE page [
  <!-- PegaCPAX.dtd 04-Aug-99 -->
  <!ELEMENT page (property)*>
  <!ATTLIST page
    name CDATA #IMPLIED
    handle CDATA #IMPLIED>
  <!ELEMENT property (name,value?)>
  <!ELEMENT name (#PCDATA)>
  <!ELEMENT value (#PCDATA|list|page)*>
  <!ATTLIST value attr CDATA #IMPLIED>
  <!ELEMENT list (value)*>
]>

<page>
<property>
<name>pxOriginalCreateOperator</name>
<value  attr="@Z:sTY:"></value>
</property>
<property>
<name>pxInstanceLockedRuleSetVersion</name>
<value  attr="@Z:sTY:"></value>
</property>
<property>
<name>pyDesktopType</name>
<value  attr="@Z:sTN:">Developer</value>
</property>
<property>
<name>pxInsId</name>
<value  attr="@Z:sTY:">DEVELOPERPRUNIT</value>
</property>
<property>
<name>pxObjClass</name>
<value  attr="@Z:sIY:">Rule-Portal</value>
</property>
<property>
<name>pyStartPage</name>
<value  attr="@Z:sTN:">Rules</value>
</property>
<property>
<name>pxOriginalCreateOpName</name>
<value  attr="@Z:sTY:"></value>
</property>
<property>
<name>pyCircumstanceDateProp</name>
<value  attr="@Z:sIN32:"></value>
</property>
<property>
<name>pyLabelOld</name>
<value  attr="@Z:sTN:">Portal for Developers - Uses PRUnit menus xml-rule</value>
</property>
<property>
<name>pxMoveImportDateTime</name>
<value  attr="@Z:sMY:">20070705T204533.062 GMT</value>
</property>
<property>
<name>pxInstanceLockedRuleSet</name>
<value  attr="@Z:sTY:"></value>
</property>
<property>
<name>pyRefreshInterval</name>
<value  attr="@Z:sNN:">180</value>
</property>
<property>
<name>pxUpdateOperator</name>
<value  attr="@Z:sTY:">paul</value>
</property>
<property>
<name>pyMethodStatus</name>
<value  attr="@Z:stN10:"></value>
</property>
<property>
<name>pxInstanceLockedDateTime</name>
<value  attr="@Z:sMY:"></value>
</property>
<property>
<name>pxHostId</name>
<value  attr="@Z:sIY:">20d844f417bf85b37e64d90eccfd0101</value>
</property>
<property>
<name>pxCreateOperator</name>
<value  attr="@Z:sTY:">paul</value>
</property>
<property>
<name>pySkinType</name>
<value  attr="@Z:sTN:">Metal</value>
</property>
<property>
<name>pyJavaStream</name>
<value  attr="@Z:sTN:"></value>
</property>
<property>
<name>pxInstanceLockedBy</name>
<value  attr="@Z:sTY:"></value>
</property>
<property>
<name>pyMenuHTML</name>
<value  attr="@Z:sTN:">PRUnitMenu_js</value>
</property>
<property>
<name>pzStatus</name>
<value  attr="@Z:siN:">false</value>
</property>
<property>
<name>pyStatus</name>
<value  attr="@Z:sTN:"></value>
</property>
<property>
<name>pxUpdateOpName</name>
<value  attr="@Z:sTY:">Paul Evans</value>
</property>
<property>
<name>pyNarrowPaneHTML</name>
<value  attr="@Z:sTN:"></value>
</property>
<property>
<name>pyLocalized</name>
<value  attr="@Z:sSN:">false</value>
</property>
<property>
<name>pyRuleStarts</name>
<value  attr="@Z:sMI:"></value>
</property>
<property>
<name>pzOriginalInstanceKey</name>
<value  attr="@Z:s?N:">RULE-PORTAL DEVELOPERPRUNIT #20070624T041632.890 GMT</value>
</property>
<property>
<name>pxInsName</name>
<value  attr="@Z:sIY:">DEVELOPERPRUNIT</value>
</property>
<property>
<name>pyDescription</name>
<value  attr="@Z:sTN:">Portal for Developers - Uses PRUnit menus xml-rule</value>
</property>
<property>
<name>pzInsKey</name>
<value  attr="@Z:sIY255:">RULE-PORTAL DEVELOPERPRUNIT #20070624T041632.890 GMT</value>
</property>
<property>
<name>pyRuleSetVersion</name>
<value  attr="@Z:sTN:">01-01-06</value>
</property>
<property>
<name>pxSiblingCount</name>
<value  attr="@Z:sNY:">1</value>
</property>
<property>
<name>pxOriginalCreateDateTime</name>
<value  attr="@Z:sMY:"></value>
</property>
<property>
<name>pyNamespace</name>
<value  attr="@Z:sIN:"></value>
</property>
<property>
<name>pyLayoutType</name>
<value  attr="@Z:sTN:">header</value>
</property>
<property>
<name>pzIndexCount</name>
<value  attr="@Z:sNY:">1</value>
</property>
<property>
<name>pxInstanceLockedKey</name>
<value  attr="@Z:sTY:"></value>
</property>
<property>
<name>pyOwner</name>
<value  attr="@Z:sTN:">DeveloperPRUnit</value>
</property>
<property>
<name>pxOriginalCreateSystemID</name>
<value  attr="@Z:sTY:"></value>
</property>
<property>
<name>pyCircumstanceDate</name>
<value  attr="@Z:sMN:"></value>
</property>
<property>
<name>pxUpdateSystemID</name>
<value  attr="@Z:sTY:">pega</value>
</property>
<property>
<name>pxCreateOpName</name>
<value  attr="@Z:sTY:">Paul Evans</value>
</property>
<property>
<name>pyLoadOCX</name>
<value  attr="@Z:sSN:"></value>
</property>
<property>
<name>pyUsage</name>
<value  attr="@Z:sTN:">UnitTest-Portal RuleSet - Portal-related rules to support the UnitTest rule set; an xUnit-style framework for unit testing
Copyright (C) 2006  Paul R. Evans

This library is free software; you can redistribute it and/or
modify it under the terms of the GNU Lesser General Public
License as published by the Free Software Foundation; either
version 2.1 of the License, or (at your option) any later version.

This library is distributed in the hope that it will be useful,
but WITHOUT ANY WARRANTY; without even the implied warranty of
MERCHANTABILITY or FITNESS FOR A PARTICULAR PURPOSE.  See the GNU
Lesser General Public License for more details.

You should have received a copy of the GNU Lesser General Public
License along with this library; if not, write to the Free Software
Foundation, Inc., 51 Franklin St, Fifth Floor, Boston, MA  02110-1301  USA</value>
</property>
<property>
<name>pyCircumstanceProp</name>
<value  attr="@Z:sTN32:"></value>
</property>
<property>
<name>pyWarnDirty</name>
<value  attr="@Z:sSN:">true</value>
</property>
<property>
<name>pyWidePaneHTML</name>
<value  attr="@Z:sTN:"></value>
</property>
<property>
<name>pyHistoryObject</name>
<value  attr="@Z:sSN:">false</value>
</property>
<property>
<name>pyClassName</name>
<value  attr="@Z:siN:"></value>
</property>
<property>
<name>pxMoveOriginalRuleSet</name>
<value  attr="@Z:sTY:">Pega-ProCom</value>
</property>
<property>
<name>pyMenuXML</name>
<value  attr="@Z:sTN:">DeveloperMenus_PRUnit</value>
</property>
<property>
<name>pyValueChanged</name>
<value  attr="@Z:sTN:">false</value>
</property>
<property>
<name>pxMoveImportOperName</name>
<value  attr="@Z:sTY:">Paul Evans</value>
</property>
<property>
<name>pxMoveImportOperId</name>
<value  attr="@Z:sTY:">paul</value>
</property>
<property>
<name>pyWarnExitApp</name>
<value  attr="@Z:sSN:">false</value>
</property>
<property>
<name>pyLabel</name>
<value  attr="@Z:sTN64:">Portal for Developers - Uses PRUnit menus xml-rule</value>
</property>
<property>
<name>pxLimitedAccess</name>
<value  attr="@Z:stY:">Dev</value>
</property>
<property>
<name>pxServerReqURI</name>
<value  attr="@Z:sTY:">/prweb/PRServlet/QtN86F3PUE52-AhAdQIbQYREGzZbCxSu*/!Developer</value>
</property>
<property>
<name>pyRuleName</name>
<value  attr="@Z:sTY255:">DeveloperPRUnit</value>
</property>
<property>
<name>pyRuleSet</name>
<value  attr="@Z:sIN:">UnitTest-Portal</value>
</property>
<property>
<name>pyRuleEnds</name>
<value  attr="@Z:sMI:"></value>
</property>
<property>
<name>pyRuleAvailable</name>
<value  attr="@Z:siN:">Yes</value>
</property>
<property>
<name>pyWelcomeHTML</name>
<value  attr="@Z:sTN:">WelcomeScreen</value>
</property>
<property>
<name>pyInterface</name>
<value  attr="@Z:siN64:"></value>
</property>
<property>
<name>pyCircumstanceVal</name>
<value  attr="@Z:sTN64:"></value>
</property>
<property>
<name>pxMoveOriginalRuleSetVersion</name>
<value  attr="@Z:sTY:">05-01-10</value>
</property>
<property>
<name>pxCreateDateTime</name>
<value  attr="@Z:sMY:">20070624T041632.890 GMT</value>
</property>
<property>
<name>pxUpdateDateTime</name>
<value  attr="@Z:sMY:">20070624T041652.078 GMT</value>
</property>
<property>
<name>pxMoveOriginalKey</name>
<value  attr="@Z:sTY:">RULE-PORTAL DEVELOPERPRUNIT #20070624T041632.890 GMT</value>
</property>
<property>
<name>pxMoveFromSystem</name>
<value  attr="@Z:sTY:">pega</value>
</property>
<property>
<name>pxCreateSystemID</name>
<value  attr="@Z:sTY:">pega</value>
</property>
<property>
<name>pyPagesAndClasses</name>
<value  attr="@Z:L*NEmbed-PagesAndClasses:">
  <list>
<value  attr="@Z:S*NEmbed-PagesAndClasses:">
<page>
<property>
<name>pyPagesAndClassesClass</name>
<value  attr="@Z:sTN:"></value>
</property>
<property>
<name>pyPagesAndClassesPage</name>
<value  attr="@Z:sTN:"></value>
</property>
<property>
<name>pxObjClass</name>
<value  attr="@Z:sIY:">Embed-PagesAndClasses</value>
</property>
</page>
</value>
  </list>
</value>
</property>
<property>
<name>pxNamedPageReferences</name>
<value  attr="@Z:L*YEmbed-Reference-NamedPage:">
  <list>
  </list>
</value>
</property>
<property>
<name>pxAPIMethodReferences</name>
<value  attr="@Z:L*YEmbed-Reference-APIMethod:">
  <list>
  </list>
</value>
</property>
<property>
<name>pyHeading</name>
<value  attr="@Z:S*NEmbed-Pega-PortalFormat:">
<page>
<property>
<name>pyLogoTitle</name>
<value  attr="@Z:sTN:">Click for Home view</value>
</property>
<property>
<name>pyHelpUrl</name>
<value  attr="@Z:sTN:"></value>
</property>
<property>
<name>pxObjClass</name>
<value  attr="@Z:sIY:">Embed-Pega-PortalFormat</value>
</property>
<property>
<name>pyShowAppSelector</name>
<value  attr="@Z:sSN:">false</value>
</property>
<property>
<name>pyIncludeLogoff</name>
<value  attr="@Z:sSN:">true</value>
</property>
<property>
<name>pyIncludeLaunch</name>
<value  attr="@Z:sSN:">false</value>
</property>
<property>
<name>pyLogo</name>
<value  attr="@Z:sTN:">desktopimages/logo_metal.gif</value>
</property>
</page>
</value>
</property>
<property>
<name>pyPortalPages</name>
<value  attr="@Z:L*NEmbed-Pega-PortalPage:">
  <list>
<value  attr="@Z:S*NEmbed-Pega-PortalPage:">
<page>
<property>
<name>pyTitle</name>
<value  attr="@Z:sTN:"></value>
</property>
<property>
<name>pyRefreshOnApplicationChange</name>
<value  attr="@Z:sSN:">false</value>
</property>
<property>
<name>pxObjClass</name>
<value  attr="@Z:sIY:">Embed-Pega-PortalPage</value>
</property>
<property>
<name>pyCaption</name>
<value  attr="@Z:sTN:">Rules</value>
</property>
<property>
<name>pyColumn</name>
<value  attr="@Z:L*NEmbed-Pega-PortalColumn:">
  <list>
<value  attr="@Z:S*NEmbed-Pega-PortalColumn:">
<page>
<property>
<name>pxObjClass</name>
<value  attr="@Z:sIY:">Embed-Pega-PortalColumn</value>
</property>
<property>
<name>pyType</name>
<value  attr="@Z:sTN:">NARROW</value>
</property>
<property>
<name>pyUseGadgets</name>
<value  attr="@Z:L*NEmbed-Pega-PortalGadget:">
  <list>
<value  attr="@Z:S*NEmbed-Pega-PortalGadget:">
<page>
<property>
<name>pyGadgetName</name>
<value  attr="@Z:sTN:">ManageRules</value>
</property>
<property>
<name>pyGadgetImage</name>
<value  attr="@Z:sTN:"></value>
</property>
<property>
<name>pyInitialOpenState</name>
<value  attr="@Z:sSN:">true</value>
</property>
<property>
<name>pyGadgetCaption</name>
<value  attr="@Z:sTN:">Manage Rules</value>
</property>
<property>
<name>pxObjClass</name>
<value  attr="@Z:sIY:">Embed-Pega-PortalGadget</value>
</property>
<property>
<name>pyUseAdvanced</name>
<value  attr="@Z:sSN:">false</value>
</property>
</page>
</value>
  </list>
</value>
</property>
</page>
</value>
<value  attr="@Z:S*NEmbed-Pega-PortalColumn:">
<page>
<property>
<name>pxObjClass</name>
<value  attr="@Z:sIY:">Embed-Pega-PortalColumn</value>
</property>
<property>
<name>pyType</name>
<value  attr="@Z:sTN:">WIDE</value>
</property>
<property>
<name>pyUseGadgets</name>
<value  attr="@Z:L*NEmbed-Pega-PortalGadget:">
  <list>
<value  attr="@Z:S*NEmbed-Pega-PortalGadget:">
<page>
<property>
<name>pyGadgetName</name>
<value  attr="@Z:sTN:">RulesHome</value>
</property>
<property>
<name>pyGadgetImage</name>
<value  attr="@Z:sTN:"></value>
</property>
<property>
<name>pyDeferLoad</name>
<value  attr="@Z:sSN:">false</value>
</property>
<property>
<name>pyInitialOpenState</name>
<value  attr="@Z:sSN:">false</value>
</property>
<property>
<name>pyGadgetCaption</name>
<value  attr="@Z:sTN:"></value>
</property>
<property>
<name>pxObjClass</name>
<value  attr="@Z:sIY:">Embed-Pega-PortalGadget</value>
</property>
<property>
<name>pyUseAdvanced</name>
<value  attr="@Z:sSN:">false</value>
</property>
</page>
</value>
  </list>
</value>
</property>
</page>
</value>
  </list>
</value>
</property>
</page>
</value>
  </list>
</value>
</property>
<property>
<name>pxRuleReferences</name>
<value  attr="@Z:L*YEmbed-Reference-Rule:">
  <list>
<value  attr="@Z:S*YEmbed-Reference-Rule:">
<page>
<property>
<name>pxObjClass</name>
<value  attr="@Z:sIY:">Embed-Reference-Rule</value>
</property>
<property>
<name>pxRuleObjClass</name>
<value  attr="@Z:sIY:">Rule-PortalSkin</value>
</property>
<property>
<name>pxRuleFamilyName</name>
<value  attr="@Z:sTY:">METAL</value>
</property>
<property>
<name>pzIndexes</name>
<value  attr="@Z:gNY:">
<page>
<property>
<name>RuleReference</name>
<value  attr="@Z:sNY:">0</value>
</property>
</page>
</value>
</property>
</page>
</value>
  </list>
</value>
</property>
<property>
<name>pxAllChangeList</name>
<value  attr="@Z:lIY:">
  <list>
  </list>
</value>
</property>
<property>
<name>pxWarnings</name>
<value  attr="@Z:L!YEmbed-Warning:">
  <list>
  </list>
</value>
</property>
<property>
<name>pyGadget</name>
<value  attr="@Z:G*NData-Gadget:">
<page>
<property>
<name>empty</name>
<value  attr="@Z:S*NData-Gadget:">
<page>
<property>
<name>pxSubscript</name>
<value  attr="@Z:sIY:">empty</value>
</property>
<property>
<name>pyContentClass</name>
<value  attr="@Z:sIN:">Data-Gadget</value>
</property>
<property>
<name>pxObjClass</name>
<value  attr="@Z:sIY:">Data-Gadget</value>
</property>
<property>
<name>pyContentActivity</name>
<value  attr="@Z:sIN:"></value>
</property>
<property>
<name>pyName</name>
<value  attr="@Z:sTN:"></value>
</property>
<property>
<name>pyEnabled</name>
<value  attr="@Z:sTN:"></value>
</property>
<property>
<name>pyRefreshInterval</name>
<value  attr="@Z:sNN:"></value>
</property>
<property>
<name>pySelections</name>
<value  attr="@Z:lTN:">
  <list>
<value  attr="@Z:sTN:"></value>
  </list>
</value>
</property>
<property>
<name>pyActivityParams</name>
<value  attr="@Z:S*N:">
<page>
<property>
<name>pyTempPlaceHolder</name>
<value  attr="@Z:s?N:">TempPlaceHolder</value>
</property>
</page>
</value>
</property>
</page>
</value>
</property>
</page>
</value>
</property>
</page>
